ID,SMILES
0,N#CC1=C(NC(=O)C2=CC(=O)C3=CC(F)=CC=C3O2)C=CN(C2=CC=CC=C2)C1=O
1,O=C(NC1=CC=C(C2=CNC(=O)N2)C=C1)C1=CC=C(C(=O)C2=CC(O)=CC=C2)C=C1
2,O=C(NC1=C(C(F)F)N(C2=CC=NC=C2)N=C1)C1=CN(C2=CC=C(F)C=C2)C(=O)C=C1
3,O=C(NC1=CC=CC(CC2=CC=CC=N2)=N1)C1=CN(C2=CC=C(F)C=C2)C(=O)C=C1
4,COC1=CC=C(C2=CC=NC=C2)C=C1C1=CC=C(C(=O)CC2=NNC(=O)C=C2)C=C1
5,COC1=C(C(=O)NC2=CC=C(NC(=O)C3=CC=CC=C3)N=C2)C=NC2=CC=CC=C12
6,O=C(OCC1=CC=CC=C1)C1=CC(NC(=O)C2=CC=C3C=CN=C(O)C3=N2)=CC=C1
7,O=C(CN1C=CC(=O)C2=CC=CC=C21)NCC1=CC(OC2=CC(F)=CC=C2)=CC=N1
8,O=C(NCC1=CC2=CC=CC=C2NC1=O)C1=CC=C(OC2=CC=C(F)C=C2)C=N1
9,COC1=CC=C(F)C=C1C1=CN=CC(CN2C=NC3=C(F)C(F)=CC=C3C2=O)=C1
10,N#CC1=CC(COC2=CC=C(NC(=O)C3=CC=CC4=C3C=NNC4=O)C=C2)=CC=C1
11,O=C(NC1=CC(CC2=CC=CC=C2)=CC=N1)C1=CC=C(C2=NNC(=O)C=C2)C=C1
12,CC1=NN(C2=CC=CC=C2)N=C1C(=O)N(CC(N)=O)CC1=CC=C(C2=CC=CC=C2)C=C1
13,O=C(NCC1=CC=C(NC(=O)C2=CC=CC=C2O)C=C1)C1=CN=C2C=CC=NC2=C1
14,CC1=CC(C(=O)NC2=CC=CN(C3=CC=CC=C3)C2=O)=NN1C1=CC=CC=C1F
15,O=C(NC1=CC=C2C(=O)NC(=O)NC2=N1)C1=CC(C2=C(F)C=CC=C2F)=CC=C1
16,CN1C(C(=O)NC2=C(CC3=CC=CC=C3)NN=C2)=CC=C1C(=O)C1=CC=CC=C1F
17,O=C(NCC1=CC=NN1CC1=CC=CC=C1)C1=CN(C2=CC=CC=C2F)C(=O)C=C1
18,O=C(NC1=CC=C(OCC2=CN=CC=N2)C=C1)C1=CC=CC(C2=NNC(=O)C=C2)=C1
19,COC1=CC=C(C(NC(=O)C2=CC=NN2C2=CC=CN=C2)C2=CC=C(F)C=C2)C=C1
20,O=C(NC1=CC=C(NC(=O)C2=CC=C3NC=CC3=C2F)C=N1)C1=CC(O)=CC=C1
21,NCC(NC(=O)C1=NN(C2=CC=CC=C2F)C=CC1=O)C1=CC=C2C=CC=CC2=C1
22,O=C(NC1=CC=C(C2=CC=NC=C2)N=C1)C1=CC=C(C(=O)C2=CNC=C2)C=C1
23,O=C(NCC1=CC=C(N2C=NC=N2)N=C1)NCC1=CC(OC2=CC=C(F)C(F)=C2)=CC=N1
24,N#CC1=C(NC(=O)C2=CN=CC(C3=COC=C3)=C2)C=CN(C2=CC=CC=C2)C1=O
25,O=C(NC(C(=O)CC1=CC=CC=C1)C1=CC=CC=C1)C1=CC=C2C(=O)NC=CC2=N1
26,O=C(NCC1=CN=C(C2=CC=CC=C2)C=N1)C1=CN=C2C(F)=CC=C(F)C2=C1
27,CN(CCOC1=CC=CC(C#N)=C1)C(=O)C1=CC=CC(COC2=CC=CC=C2C(N)=O)=C1
28,COC1=CC=C(NC(=O)C2=NN=C(C3=CC=CC=N3)N2)C=C1C(=O)C1=CC=CC=C1
29,O=C(NCC1=CC=C(C2=CC=NC=C2)N=C1)C1=CN=C2C(F)=CC=C(F)C2=C1
30,CCOC1=CC=C(N2N=CC(C(=O)NCC3=CC(OC4=CC=CC(F)=C4)=CC=N3)=C2C)N=N1
31,O=C(NC1=NC(C2=CC(F)=CC(F)=C2)=CC=N1)C1=CN=CC(N2C=CC=C2)=C1
32,CC1=NC2=CC(C(=O)NCC3=CC=C(C4=CC=CC=C4)C=C3F)=CC=C2C(=O)N1
33,O=C(NC1=CC=CC=C1C(=O)NCC1=CC=CC=C1)C1=CC=NC(C2=NNC=C2)=C1
34,N#CCN1C=C(NC(=O)C2=CC3=CC=C(OCC4=CC=CC=C4)C=C3N2)C=CC1=O
35,COC1=CC=C(N2C=CC(C(=O)NCC3=CC=C(C4=CNC(=O)C=C4)C=C3)=N2)C=C1
36,O=C(NC1=CC(NC(=O)C2=CC=CC(F)=C2C(F)F)=CC=C1)C1=CC=CC(=O)N1
37,N#CC1=CC(C2=CC(C3=NN(C4=CC=CC=N4)C=C3C(=O)O)=CC=C2)=CC=C1O
38,COC1=CC=CC(C2=CC=C(C(=O)NCC3=CC=C(C4=NC=CN4)C=C3)C(O)=N2)=C1
39,CC1=CC=C2N=CC(COC(=O)C3=NN(C4=CC=CC=C4F)C=CC3=O)=CC2=C1
40,O=C(NC1=CC2=CC=CC=C2C(=O)N1)C1=CC(C2=CC=CC=N2)=CC(F)=C1
41,O=C(NCC1=CC(OC2=CC=C(F)C(F)=C2)=CC=N1)C1=NC(OCC(F)F)=CC=C1
42,O=C(CN(C(=O)C1=NN=C(C2=CC=CC=C2)N1)C1=CC=CC=C1)NC1=CC=CC=C1
43,CC1=CC=C(OC2=CC=C(NC(=O)C3=CC=CC(C4=NNC(=O)C=C4)=C3)C=C2)N=N1
44,N#CC1=C(NC(=O)CSC2=CC=C(F)C(F)=C2)C=CN(C2=CC=CC=C2)C1=O
45,O=C(NC1=CC=CC=C1NC(=O)C1=CC=C2C=CC=CC2=N1)C1=CC(CO)=CN=C1
46,N#CC1=CC=CC=C1SC1=CC=C(NC(=O)C2=CC3=CC=CN3C(=O)N2)C=C1
47,O=C(NCC1=NN=C(C2=CC=CC=C2)O1)C1=CC(C2=C(F)C=C(F)C=C2F)=NO1
48,O=C(NCC1=CC=NC(OC2=CC=CC=C2F)=C1)C1=CC=C(C2=NC=NO2)C=C1
49,O=C(NC1=CC=NC(COC2=CC=CC=C2)=N1)C1=CC=C(N2C=CN=C2)C(F)=C1
50,NCC1=CC=C(C2=CC=CC=C2C(=O)NC2=CC=C(N3C=CNC3=O)C=C2)C=C1
51,CC1=CC=NC(C2=CC=CC(NC(=O)C3=CN(C4=C(F)C=CC=C4F)N=N3)=C2)=N1
52,O=C(OCC1=CC(C2=CC=CN=C2)=CC(F)=C1)C1=CC=NN1C1=CC=NC=C1
53,O=C(O)C1=CN=C2N=C(NC(=O)C3=CC=CC=C3C(O)C3=CC=CC=C3)C=CC2=C1
54,CN1C(=O)C=CC2=CC=C(NC(=O)NCC3=CC=C(C4=CNC(=O)C=C4)C=C3)C=C21
55,CC1=CC=C(N2C=CC(CNC(=O)C3=CC(=O)C4=CC(F)=CC(F)=C4N3)=N2)C=C1
56,COC(=O)C1=CC2=NC(NC(=O)C3=CC=C(C4=CC=CC=C4C#N)C=C3)=NN2C=C1
57,O=C(NC1=CC=C(C2=NOC(C(F)(F)F)=C2)C=C1)C1=CC2=CC=CN=C2NC1=O
58,CC1=NN(C2=CC=CC(NC(=O)NCC3=CC=C(C4=CNC(=O)C=C4)C=C3)=C2)C=C1
59,COC1=CC=C2N=C(C3=CC=CC=C3)C=C(C(=O)N(C)C3=CC=CN(C)C3=O)C2=C1
60,O=C(NC1=CN(C2=CC=C(C(F)(F)F)C=C2)N=C1)C1=NN(C2=CC=CN=C2)C=C1
61,CN(CC1=CC=CC=C1OCC1=CC=CC=C1)C(=O)C1=CC(=O)N2C=CC=CC2=N1
62,O=C(NC(C(=O)O)C1=CC=CC(C2=CC=NC=C2)=C1)C1=CC=CC2=NC(O)=CC=C12
63,COC(=O)C1=CC=C2NC=C(C(=O)CN3C=C(C4=CC=C(F)C(F)=C4)C=N3)C2=C1
64,O=C(NCC1=C(C2=CC=C(F)C=C2F)OC=N1)C1=NN(C2=CC=CC=C2)C=C1O
65,CC1=CC=CC(C2=NC=CC(NC(=O)C3=CN(CC4=CC=CC=C4)C(=O)C=C3)=N2)=N1
66,CC1=CC=C2N=C(C3=CC=CC=C3)C=C(C(=O)NCC3=C(O)C(O)=CC=N3)C2=C1
67,CN1C(=O)C=CN(CC(=O)NC2=CC=CC=C2C2=CC=C3C=CC=CC3=C2)C1=O
68,O=C(NC1=CN(CC2=CC=C(F)C=C2F)C(=O)C=C1)C1=CC=CC2=C1C(=O)NN2
69,C=C1C2=CC=CC=C2C(=O)N1CC(=O)NC1=C(C#N)C(=O)N(C2=CC=CC=C2)C=C1
70,CN1C=C(C2=CC=CC(C(=O)NC3=CC=C(OC4=CC=CC=C4C#N)N=C3)=N2)C=N1
71,O=C(CC1=CC=C(OCC2=CC=C(F)C=C2)C=C1)NC1=NC=CC2=NC=NC=C12
72,O=C(C1=CC=C(F)C(F)=C1)C1=CC=CC=C1C(=O)N1CC2=CC(F)=CN=C2C1
73,CN(CC1=CC=C(C(=O)NC2=CN=C(C3=NC=CC=N3)N=C2)C=C1)C1=CC=CC=C1
74,O=C(NC1=CC(C2=CC=NC=C2)=CNC1=O)C1=CC=C(N2C=CN=C2)C(F)=C1
75,CN(C(=O)C1=CC=C(N2C=NC3=CC=CC=C3C2=O)C=C1)C1=CN=CC(C#N)=C1
76,O=C(N[C@@H](CCO)C1=CC=C(C2=CC=CC=C2)C=C1)C1=C(F)N2C=CC=CC2=N1
77,O=C(CC1=CC=CC=C1OC1=CC=NC=C1)NCC1=CC=C(C2=NC=CN2)C=C1
78,O=C(NCC1=C(F)C=C(O)C=C1F)C1=CC=C(NC(=O)C2=CC=CC=C2)C=C1
79,COC1=CC=CC2=C1OC=C2C(=O)NC1=C(C#N)C(=O)N(C2=CC=CC=C2)C=C1
80,CN1C=NN=C1C1=NC=CC=C1C(=O)NC1=CC=C(OC2=CC=CC=C2C#N)C=C1
81,O=C(NCC1=CC=CC(C2=CC=CO2)=C1)C1=CNC(=O)N(C2=CC=CC=C2)C1=O
82,CSC1=CC=CC(C(O)C2=CC=CC(C3=CC=C4OC(=O)NC(=O)C4=C3)=C2)=C1
83,O=C(NC1=CN(CC2=CC(F)=CC=C2)C(=O)C=C1)C1=CC=CC2=C1C=NNC2=O
84,CC1=CC=C2C(O)=C(C(=O)NCCC3=CC=NC(OC4=CC=CC=C4)=C3)C=NC2=N1
85,O=C(O)C1=CN=C2N=C(NC(=O)C3=CC(C4=CC=CC=N4)=CC(F)=C3)C=CC2=C1
86,CC1=CC=CN=C1OC1=CC=C(C(=O)NCCC2=CN(C3=CC=CC=C3)N=N2)C=C1
87,N#CC1=CN(CCNC(=O)NCC2=CN(C3=CC=CC=C3)N=C2C2=CC=C(F)C=C2)N=C1
88,COC1=CC=C(C2=CC=NC=C2)C=C1C1=CC(=O)N(C2=CC=CC=C2)N=C1
89,CC1=C(NC(=O)C2=CC=CC=C2C2=NN=C(C3=CC=C(F)C=C3)O2)NC(=O)C=C1
90,CN1C=CC2=CC(NC(=O)C3=CC=C(C4=CC=CC=C4)NC3=O)=CC=C2C1=O
91,CC1=CN2C=C(C(=O)NCC3=CC=C(NC(=O)C4=CC=CC=C4O)C=C3)C=CC2=N1
92,O=C(NCC(=O)N1CCC2=CC=CC=C2C1)NCC1=CC=C(C2=CC=CC=C2)C=C1F
93,CC1=CNC(=O)N1C1=CC=CC(C(=O)NCC2=CC(OC3=CC=C(F)C(F)=C3)=CC=N2)=C1
94,O=C(NCC1=CC(OC2=CC=C(F)C(F)=C2)=CC=N1)C1=NN(C2=CC=C(F)C=C2)N=C1
95,CCOC1=CN(C2=CC=CC=C2)N=C1C(=O)N(CC(N)=O)CC1=CC=C(C2=CC=CC=C2)C=C1
96,O=C(NC1=CC=CC(NC(=O)C2=CN=C(O)C3=CN=CC=C23)=C1)C1=CC=C(F)C=C1
97,O=C(NCC1=CC(O)=CN=C1)C1=C(C2=CC=CC=C2)C(C2=CC=CC=C2)=NNC1=O
98,NC(=O)CN(CC1=CC=C(C2=CC=CC=C2)C=C1)C(=O)CC(O)(C1=CC=CC=C1)C(F)(F)F
99,N#CC1=CC(CC2=CN=C(NC(=O)C3=NN(C4=CC(F)=CC=C4)C=CC3=O)S2)=CC=C1
100,NC(=O)CN(CC1=CC=C(C2=CC=CC=C2)C=C1)C(=O)C1=CC2=CC(F)=CC=C2N1
101,CN(C(=O)C1=CC(=O)C2=C(C=CC=C2O)O1)C1=CC=CC(C(O)C2=CC=CC=C2)=C1
102,O=C(NC1=NOC=C1C1=CC=C(F)C=C1F)C1=CC(=O)N(C2=CC=CC=C2)N=C1
103,O=C(OCC1=NN(C2=CC=C(F)C=C2F)C=C1)C1=CC=CN=C1C1=CC=NC=C1
104,CN1C=C(C2=CC=CC(C(=O)NC3=C(C#N)C(=O)N(C4=CC=CC=C4)C=C3)=C2)C=N1
105,O=C(CC1=NN(C2=CC=C(F)C=C2)C=C1)NC1=CN(C2=C(F)C=CC=C2F)N=C1
106,NC(=O)C1=CC(NC(=O)C2=C(C3=CC=C(F)C(F)=C3)C=CO2)=NC2=CC=CC=C12
107,O=C(NCC1=NC=CC=C1C1=CC=CC=C1)C1=NN(C2=CC=CC(F)=C2)C=C1O
108,COC1=CC=C(C(=O)NC(C(=O)NC2=CC=C(C3=NNN=C3)C=C2)C2=CC=CC=C2)C=C1
109,COC(=O)C1=CC([C@H](C)NC(=O)C2=CC=C(C3=CC=CC=C3C3=NNN=N3)C=C2)=CC=C1OC
110,O=C(NC1=CC=C(OCC2=CN=CC=N2)C=C1)C1=CC(=O)N(C2=CC=CC=C2)N=C1
111,CN1C=CC2=CC(NC(=O)C3=CC(C4=CC=CC=C4F)=CN=C3O)=CC=C2C1=O
112,CC1=CNC(=O)N1C1=CC=CC(C(=O)NCC2=CC=C(C3=CC=CN=C3)C(F)=C2)=C1
113,O=C(OCC1=CC=C(C2=CC=C3OC(=O)NC(=O)C3=C2)C=C1)C1=CC=CC=C1O
114,COC1=CC=C(CC(NC(=O)C2=CC=C3C(=O)N(C)C(=O)NC3=C2)C2=CC=CC=C2)C=C1OC
115,O=C(NC1=CC=C(F)C(C2=CN(C3=C(F)C=CC=C3F)N=N2)=C1)C1=CC=NC=N1
116,O=C(NC(C(=O)NC1=CN(C2=NC=CC=C2Cl)N=C1)C1=CC=CC=C1)C1=CC=CC=C1
117,NC1=NN=CC(C2=CC=CC(C(=O)NCC3=CC=C(C4=CC=CC=N4)C(F)=C3)=C2)=N1
118,COC1=CC=CC(C(O)CN(CC2=CC=CC=C2)C(=O)C2=CC=C3C(=O)N(C)C(=O)NC3=C2)=C1
119,O=C(NC1=CC2=NN(C(F)F)C=C2C=C1)C1=CN(C2=CC=C(F)C=C2)C(=O)C=C1
120,O=C(NC1=NN(C2=CC(F)=CC(F)=C2)C=N1)C1=CC=C(N2C=CC=C2)C(F)=C1
121,O=C(NC1=CC=C2C(=C1)C=NN2C(F)F)C1=CN(C2=CC=CC=C2F)C(=O)C=C1
122,CC1=CC=CN2C(=O)C(C(=O)OCC3=COC(C4=CC=CC=C4C(F)(F)F)=N3)=CN=C12
123,O=C(NCC1=CC=CC2=NON=C12)C1=CC(F)=C(F)C=C1C(=O)C1=CC=CC=C1
124,CC1=CC2=CC(CNC(=O)C3=CC=C(O)C=C3C3=CC=CC=C3)=CC=C2NC1=O
125,COC1=CC=C(C(=O)C2=CC=CC=C2C(=O)NC2=CC(CO)=CC(F)=C2)C=C1F
126,O=C(NCC1=CC=C(OC2=CC=CC=C2)C=N1)C1=CN(C2=CC(O)=CC=C2)N=C1
127,O=C(NC1=CC=C(OC2=CC=CC=C2)N=C1)C1=NN(C2=CC=CC=C2)C=C1O
128,O=C(NCC1=CC=CC=C1OC1=CC=CC=N1)C1=CC(F)=CC=C1N1C=CC=N1
129,NC(=O)CN(CC1=CC=C(C2=CC=CC=C2)C=C1)C(=O)C1=COC2=CC=C(O)C=C12
130,CC(NC(=O)C1=CC=C(N2C=CC3=CC=CC=C32)C=C1)C1=CC=C(O)C(C(N)=O)=C1
131,NC(=O)CN(CC1=CC=C(C2=CC=CC=C2)C=C1)C(=O)C1=CN2C=CC(F)=CC2=N1
132,CC1=C(C2=CC=CC=C2)C=C(C(=O)NCC2=NOC(C3=CC=C(F)C=C3)=N2)C(=O)N1
133,NC(=O)CN(CC1=CC=C(C2=CC=CC=C2)C=C1)C(=O)CC1=CC=CC(OC(F)F)=C1
134,O=C(NC1=CC(=O)NC2=CC=NC=C12)C1=CC=C(C2=CC=CC=C2)C(F)=C1
135,CC1=NC2=CC=CC=C2N(CCNC(=O)C2=CC=CC(N3N=CC=C3C(F)(F)F)=C2)C1=O
136,O=C(NC1=CC=C(OC2=CC=C(CO)C=C2)C=C1)C1=CC=C2C=CN=C(O)C2=N1
137,CN(CC(=O)NC(C1=CC=CC=C1)C1=CC=CC=C1)C(=O)C1=CC=NC(C2=NNC=C2)=C1
138,CN1C(CC2=CC=CC=C2)=CN=C1C(=O)NC1=NN(C2=C(C#N)C(F)=CC=C2)C=C1
139,COC1=CC(C2=CC=CC=N2)=CC=C1NC(=O)CNC(=O)C1=CC2=CC=CC=C2N1
140,O=C(NCC1=NC=CC=C1C1=CC=C(F)C=C1)C(C1=CC=CC=C1)N1C=CC=N1
141,N[C@@H](CC1=CC=CC(NC(=O)C2=C3N=C(C4=CC=CC=C4)C=C(C(F)F)N3N=C2)=C1)C(=O)O
142,COC1=CC=C(CCNC(=O)C2=NC=CC=C2OCC2=CC=NC=C2)C2=CC=CC=C12
143,COC(=O)C1=NC(NC(=O)C2=CN(C3=CC(F)=CC=C3)N=C2)=CC2=CC=CC=C12
144,CC1=NC(O)=C2C=C(NC(=O)C3=CC(C4=C(F)C=C(F)C=C4F)=NO3)C=CC2=N1
145,NC(=O)CN(CC1=CC=C(C2=CC=CC=C2)C=C1)C(=O)CCC1=NC2=C(F)C=CC=C2N1
146,CC1=CC=CC=C1CNC1=CC=C(C(=O)NCC2=CC=C3C=CC(=O)NC3=N2)C=C1
147,O=C(CNC(=O)C1=CC=CC=N1)NC1=CC=C2N=CN(C3=CC=CC=C3)C(=O)C2=C1
148,N#CCC1=CC=C(OC2=CC=C(NC(=O)C3=CC=C(C4=NNC=N4)N=C3)C=C2)C=C1
149,CC(=O)C1=CC=CC(OCC2=CC(C(=O)NCC3=NOC(C4=CC=C(F)C=C4)=N3)=NO2)=C1
150,N#CC1=CC=C(OC2=CC(C(=O)NC3CCN(C(=O)CC4=CC=CC=C4)C3)=CC=C2)C=C1
151,CN1N=C(C2=CC=C(C#N)C=C2)C=C1C(=O)NC1=NN(C2=CC=C(F)C=C2)C=C1
152,NC(=O)C1=CC(NC(=O)C2=NOC=C2C2=CC=C(F)C=C2F)=NC2=CC=CC=C12
153,COC1=CC=CC=C1C1=CC=C(C(=O)NCC2=CNC3=CC=C(F)C=C23)C(=O)N1
154,COC(=O)C1=CC=C2N=C(C(=O)NC3=NN(C4=CC=C(F)C=C4)C=C3)C=CC2=C1
155,COC(=O)C1=CC=NC(O)=C1NC(=O)C1=CC=C(N2C=CC3=CC=CC=C32)C=C1
156,COC(=O)C1=CC=CC2=C(CNC(=O)C3=CN=C(C4=CC=CC=N4)N=C3)C=CC=C12
157,O=C(NC(CC1=CC=CC=C1)C(O)C1=CC=CC=C1)C1=CC=C2C=CN=C(O)C2=N1
158,NC1=CC(C(=O)NC2=CC(NC(=O)C3=CC4=CC=CC=C4N3)=CC=C2)=NC=C1F
159,O=C(NCC1=CN=C(C2=CC=CC=C2)C=N1)C1=CN2C=C(C(F)(F)F)N=C2C=C1
160,O=C(NC1=CC=C(C2=CC(F)=CC=C2)C=C1)NC1=CC=C2C(=O)NC(=O)NC2=N1
161,O=C(O)C1=CN(C2=CC=CC(C3=CC(CN4C=CN=C4)=CC(F)=C3)=C2)C(=O)C=C1
162,CN1N=CC2=CC=C(CNC(=O)NCC3=CC(OC4=CC=C(F)C(F)=C4)=CC=N3)C=C21
163,COC(=O)CC1=CC=C(F)C=C1C1=CC=C2NC(=O)CN=C(C3=CC=CC=C3)C2=C1
164,O=C(OCC1=CC(CC2=CC=CC=C2)=NO1)C1=CC=C(C2=NNC(=O)C=C2)C=C1
165,O=C(NCC1=CC=C(N2C=CN=C2)C=N1)C1=CC(C2=CC=CC=C2F)=CN=C1O
166,N#CC1=CC=C2N=C(CNC(=O)C3=CC=C(OC4=CC=C(F)C=C4)N=C3)NC2=C1
167,CC1=C(NC(=O)C2=CC=C(SCC3=CC=CC=C3)C=N2)C(=O)N2C=CC=CC2=N1
168,COC1=CC(C)=CC=C1CN1C(=O)NC2=CC(OCC3=CC=CC=C3)=CC=C2C1=O
169,O=C(CNC(=O)C1=NC=CC=C1O)NC(C1=CC=CC=C1)C1=CC=C(OC(F)F)C=C1
170,O=C(COC1=CC=CC(OC2=CC=CC=N2)=C1)OCC1=CC=C(N2C=CN=C2)N=C1
171,CN1C(C(=O)NC2=CC=C3C=CN=CC3=C2)=CC=C1C(=O)C1=CC=CC=C1F
172,O=C(NCC1=CC=C(O)C(F)=C1F)NC1=CC=C(N2N=NC3=CC=CC=C32)C=C1
173,O=C(NC1=CC(C2=NN=NN2)=CC=C1F)C1=CC=NC=C1OC1=CC=C(F)C=C1
174,O=C(OCC1=CC=CC=C1)C(F)(F)C1=CC=CC(C2=CC=CC3=C2NC(=O)N3)=N1
175,O=C(CC1=CC2=CN=CN2C=C1)NCC1=CC(OC2=CC=C(F)C(F)=C2)=CC=N1
176,NCC1=CC=CC=C1C1=CC=CC(C(=O)NC2=CC=CC3=C2NC(=O)C=C3)=C1
177,O=C(NC1=C(F)C(C2=CC=NC=C2)=CC=C1)C1=NC(C2=CC=CC=C2)=NO1
178,O=C(NCC1=NOC(COC2=CC=CC=C2F)=C1)NC1=CC=CC=C1CN1C=CC=N1
179,N#CC1=CC(C2=NN=C(NC(=O)C3=CC4=CC=C(F)C(F)=C4N=C3)S2)=CC=C1
180,CN1N=C(CC2=CC=CC=C2)C=C1NC(=O)C1=CC=C(C2=CN=CN=C2)C=C1F
181,N#CC1=CC=NC(N(CC2=CC=C(F)C=C2F)C(=O)C2=CNC3=CC=CN=C23)=C1
182,NC(=O)C1=CC2=CC=CC(NC(=O)C3=CC(C4=CC=CC=N4)=CC(F)=C3)=C2N1
183,N#CC1=CC(C2=CC=CC(NC(=O)C3=COC(CN4C=CC=N4)=C3)=N2)=CC(F)=C1
184,CC1=C(NC(=O)C2=NOC(C3=CC=C(C#N)C=C3F)=C2)C=CC2=NC(O)=CC=C12
185,O=C(NC1=CC=C2C(=O)NC=NC2=C1)C1=CC(C2=CC=CC=C2C(F)(F)F)=NN1
186,CN1N=C(C(=O)NCC2=CC(C3=CC(O)=CC=C3)=CC=C2)C(=O)C2=CC=CC=C21
187,CC1=CC(OCC2=CC(C#N)=CC=C2F)=CC=C1NC(=O)C1=NC2=NC=CN2C=C1
188,CN(CC1=CC=CNC1=O)C(=O)C1=CC=CC=C1C1=CC=C(CN2C=CN=C2)C=C1
189,CN1C(=O)NC2=CC(C(=O)NC3=CC=CC(Cl)=C3SC3=CC=CC=N3)=CC=C2C1=O
190,N#CCN1C=C(NC(=O)C2=CC=C3N=C(C4=CC=C(F)C=C4)NC3=C2)C=CC1=O
191,O=C(NCC1=CC=C(C2=CNC(=O)C=C2)C=C1)C1=CC(C2=CC=CC=C2)=NC(O)=C1
192,O=C(NCC1=CC=C(C2=CNC(=O)C=C2)C=C1)C1=CC=C(C2=CN=CN=C2)C=C1F
193,COC1=CC=CC(CC(NC(=O)C2=CC=CC(N3N=CC(C#N)=C3N)=C2)C2=CC=CC=C2)=C1
194,CN1C(=O)NC2=CC(C(=O)N(CC(N)=O)CC3=CC=CC(OC4=CC=CC=C4)=C3)=CC=C2C1=O
195,CC1=C(NC(=O)C2=CC=C3C(=O)N(C)C(=O)NC3=C2)C=CC=C1C(=O)NC1=CC=CC=C1
196,O=C(NC(C1=CC=CC(C(F)(F)F)=C1)C1=NN=CN1)C1=NN(C2=CC=CC=C2F)C=C1O
197,N#CC1=CC=CC=C1COC1=CC=C(C(=O)NC2=CC(=O)NC3=CN=CC=C23)C=C1
198,O=C(COC1=CC=CC(OC2=CC=CC=N2)=C1)NCC1=CC=NN1CCC1=CC=CC=C1
199,O=C(NC1=CC(C2=CC=C(F)C=C2F)=CC=C1)C1=CC=C(N2N=NNC2=O)C=C1
200,O=C(NCC1=NN=C(CC2=CC=C(F)C=C2)N1)C1=CC=C(O)C=C1C1=CC=CC=C1
201,O=C(CC1=CC=C(O)C2=CC=CC=C12)NC1=CC(NC(=O)C2=CN=CN=C2)=CC=C1
202,N#CC1=CC(COC(=O)C2=CC=C3NC(=O)N(CC4=CC=CC=C4)C3=C2)=CC=C1F
203,O=C(NC1=CN(C2=CC=CC=C2)C(=O)C=C1)C1=CC(O)=NN1C1=CC=CC=C1F
204,COC1=CC=CC(CC(NC(=O)NCCN2N=CC3=CC=CC=C3C2=O)C2=CC=CC=C2)=C1
205,O=C1C2=C(C=C(F)C(F)=C2)C(C2=CC=CC=C2)=NN1C1=C(F)C(CO)=CC=N1
206,O=C(NCC1=CC=C(C2=CNC(=O)C=C2)C=C1)C1=C(F)N(C2=CC=CC=C2)N=C1
207,COC1=CC=C(F)C=C1C1=CN=CC(COC2=CC=C(N3C=CNC3=O)C=C2)=C1
208,O=C(CC1=CC=C(N2C=CC=N2)C=C1)NC1=NC(C2=CC(F)=CC(F)=C2)=CC=N1
209,CN1C=CC(C(NC(=O)C2=CC(C3=CC=CC=C3F)=CN=C2O)C2=CC=CC=C2)=N1
210,CC1=CC=NN=C1C(=O)NC1=CC=CC(NC(=O)C2=CC3=CC(F)=CC=C3C=N2)=C1
211,COC1=CC=C(NC(=O)[C@@H](C)NC(=O)C2=CC=C(C3=CC=CC=C3C3=NNN=N3)C=C2)C=C1
212,N#CC1=C(NC(=O)C(F)(F)/C=C/C2=CC=CC=C2)C=CN(C2=CC=CC=C2)C1=O
213,NC1=CC(C(=O)NC2=CC(F)=C(N3C=CN=C3)C(F)=C2)=NN1C1=CC=C(F)C=C1
214,N#CC1=C(NC(=O)NCC2=CC=C(C3=CNC(=O)C=C3)C=C2)C2=CC=CC=C2N=C1
215,N#CC1=CC(C2=CC=CC=C2)=CC(NC(=O)CNC(=O)C2=CC=C(F)C=C2F)=C1
216,CC1=CC=C(C(O)C2=CC=CC=N2)C=C1NC(=O)C1=CN(C2=CC(O)=CC=C2)N=C1
217,O=C(NC1=CC=CN(C2=CC=CC=C2)C1=O)C1=CC=CC2=CC(O)=CC=C12
218,CC1=NC2=C(C3=CC=C(COC(=O)C4=CC=CC=C4O)C=C3)C=CC=C2C(=O)N1C
219,O=C(NC(CC1=CC=CC=C1)C1=CC=NC=C1)C1=NN(C2=CC=CC=C2)C(=O)C=C1
220,CC1=CC(NC(=O)C2=CC(F)=C(F)C=C2C(=O)C2=CC=CC=C2)=CC(C(N)=O)=C1
221,CN1C=NC=C1C1=CC(F)=CC=C1C(=O)NC1=CC=CN(C2=CC=CC=C2)C1=O
222,O=C(NC1=CC=C2N=CN(C3=CC=CC=C3)C(=O)C2=C1)C(F)(F)C1=CC=CN=C1
223,CN1N=CC=C1C1=C(C(=O)NC2=CC=CC(C3=CC=CC=C3OC(F)(F)F)=C2)N=NN1
224,O=C(NC1=CC=C(C2=CNC(=O)N2)C=C1)C1=CC=CN=C1NC1=CC=CC=C1F
225,CCN1N=C(C(=O)NCC2=CC(OC3=CC=CC(F)=C3)=CC=N2)C2=CC=CC=C2C1=O
226,O=C1NC2=CC=CC=C2C(=O)N1CC1=CC(OC2=CC=C(F)C(F)=C2)=CC=N1
227,O=C(NC1=CC=CC=C1C1=CNC=N1)C1=CN(C2=CC=CC=C2F)C(=O)C=C1
228,NC1=C(C(=O)NCC2=CC=C(C3=CNC(=O)C=C3)C=C2)C=NN1CC1=CC=CC=C1
229,COC(=O)C1=CC=CC2=C1C=NN(CC1=CC=CC=C1OCC1=CC=CC=C1)C2=O
230,COC1=C(C(=O)NCC2=CC=C(C3=CC=C4C=CC=CC4=C3)C=C2)NC(=O)NC1=O
231,O=C(CC1=CC=CN=C1)NC1=CC=C(C(=O)NCC2=CNC3=CC=C(F)C=C23)C=C1
232,CC1=CC(CNC(=O)C2=CN(CC3=CC=CN=C3)N=N2)=CC=C1OC1=CC=C(F)C=C1
233,CN1C=CC(=O)C2=CC(NC(=O)C3=CC=C(OCC4=CC=CC=C4)N=C3)=CC=C21
234,CCC1=C(C(=O)NCC2=CC=CC(C3=CC=CN=C3)=C2)N=NN1CC1=CC=C(F)C=C1
235,NCC(NC(=O)C1=CN(C2=CC=CC=C2)N=C1C1=CC=NC=C1)C1=CC=CC=C1F
236,CC1=C(C(=O)NCC2=CC=C(C3=CC=CC=C3)C=C2F)C=NC2=C1C(=O)N(C)C(=O)N2C
237,O=C(NC1=CN(C2=CC=CC=N2)N=C1)C1=CC=C(OC2=CC=C(F)C=C2)C=N1
238,COC1=CC=C(C(=O)NC2=NN(C3=CC=C(F)C=C3)N=C2)C=C1C1=CC=CC=N1
239,O=C(NC1=CC=C(N2C=CC(=O)N2)C(F)=C1)C1=CN(C2=C(F)C=CC=C2F)N=N1
240,O=C(NC1=CC=CN(C2=CC=CC=C2)C1=O)C1=NOC(COC2=CC=CC=C2)=C1
241,O=C(CCC1=CC2=CC=CC=C2NC1=O)NC1=CN(C2=CC=CC=C2)C(=O)C=C1
242,N#CC1=CN(CCNC(=O)C2=CC=C(C=CC3=CC=C4C=CC=CC4=N3)C=C2)N=C1
243,O=C(NC1=CC=C(OC2=CC=CC=C2)N=C1)C1=C(F)C=C(C2=NNN=N2)C=C1F
244,COC1=CC=CC2=C1NC(C(=O)NC1=CC=C(NC(=O)C3=CC(O)=CC=C3)N=C1)=C2
245,O=C(NCC1=CC=CC(C(=O)OCC2=CC=CC=C2)=C1)NCC1=CC=C2C=CNC2=N1
246,CN1C(=O)OC2=CC(CNC3=CC=CC(CS(=O)(=O)C4=CC=C(F)C=C4F)=C3)=CC=C21
247,O=C(N[C@@H](CCO)C1=CC=C(C2=CC=CC=C2)C=C1)C1=CC2=CC=NC=C2C(O)=N1
248,CC1=CC=C(N2NC(C(=O)NC3=CN(C4=CC=CC=C4)C(=O)C=C3)=CC2=O)C=C1C
249,CCNC(=O)CC1=CC=C(NC(=O)NCC2=CC(OC3=CC=C(F)C(F)=C3)=CC=N2)C=C1
250,O=C(NCC1=CC=CC=C1NS(=O)(=O)C1=CC=CC=C1)C1=CC=NC(C2=NNC=C2)=C1
251,N#CC1=CC(OC2=CC=C(NC(=O)NCC3=CN4C=C(F)C=CC4=N3)C=N2)=CC=C1
252,O=C(NCC1=NOC(C2=CC(F)=CC=C2)=N1)C1=NOC=C1C1=CC=C(F)C=C1F
253,CC1=CC=C(CN2C=CC=C(NC(=O)C3=NC=C(C4=CC=CC=C4)N3C)C2=O)C=C1
254,CC1=NNC(=O)C2=C(NC(=O)C3=CC=C(OC4=CC=C(F)C=C4)C=N3)C=CC=C12
255,O=C(NC1=CN(C2=CC=CC=C2)C(=O)C=C1)C1=CN(C2=CC(Cl)=CC=C2)C=N1
256,O=C1C=CC=CN1CC1=CC=C(C2=CC=CC=C2N2N=NN=C2C(F)(F)F)C=C1
257,O=C(NCC1=NNC(C2=CC=CC=C2)=C1)NC1=CC=CN(C2=CC=CC=C2)C1=O
258,CN1N=C(C(=O)COC(=O)C2=CC(C3=CC(F)=CC=C3)=CN=C2)C2=CC=CC=C21
259,CNC(=O)C1=CC=C(C(=O)NC2=CC=NN2CC2=CC=CC3=CC=CC=C23)C=C1F
260,CN1C=C(COC(=O)C2=CC3=C(NC(=O)C=C3)C(F)=C2)C(C2=CC=C(C#N)C=C2)=N1
261,O=C(NC1=CN(C2=CC=CC=C2)C(=O)C=C1)C1=C(C2=CC=CC=C2)N(CCO)N=C1
262,O=C(NC1=CC=CC(N2N=NNC2=O)=C1)C1=CC=C(C2=CC=CC=C2)C=C1F
263,N#CC1=CC=C(CN(C(=O)C2=CC=NN2C2=CC=NC=C2)C2=CC=CC=C2)C=C1
264,O=C(NCC1=CC=C(OC2=CC=CN=C2)C(F)=C1)C1=CC(O)=NC2=CN=CC=C12
265,NC(=O)C(NC(=O)C1=CN=CN1C1=CC=C(F)C=C1)C1=CC=C2C=CC=CC2=C1
266,O=C(OCC1=CC=C(OCC2=CC=CC=C2)N=C1)C1=CC=C2C=NNC(=O)C2=C1
267,O=C(NC1=CC=C(OCC2=CC=CC=N2)N=C1)C1=CC(=O)N(C2=CC=CC=C2)N1
268,O=C(NCC1=CC=CC(C2=CC=CO2)=C1)C1=NN(C2=CC=C(F)C=C2)C=C1O
269,O=C(NC1=CC=C(C2=CNC(=O)N2)C=C1)NC1=CC(F)=C(N2C=CN=C2)C(F)=C1
270,O=C(NCCC1=CNC2=CC(F)=CC(F)=C12)C1=NN(C2=CC=CC(F)=C2)C=C1O
271,"CCOC(=O)[C@@]1(F)CN(C(=O)C2=CC=C(C3=CC=CC=C3C#N)C=C2)C[C@@H]1C1=CC=CN=C1 |&1:5,26|"
272,CC(=O)NC1=CC=C(OC2=CC=C(C(=O)NC3=CC=CC4=CN=NC=C34)C=C2)N=C1
273,COC1=CC(C(=O)NC2=C(C#N)C(=O)N(C3=CC=CC=C3)C=C2)=C2OC=CC2=C1
274,O=C(CCC1=CN=CC=N1)OCC(=O)C1=C(C2=CC=C(F)C=C2)NC2=CC=CC=C12
275,O=C(OCC1=NC=NN1C1=CC=CC=C1)C1=CC(C2=CC=CC=N2)=CC(F)=C1
276,CN(C(=O)C1=CC=C(C2=CC=NN2C)C=C1)C1=NC=C(OCC2=CC=CC=C2)C=N1
277,N#CC1=CN2C(C(=O)NC(C(=O)CC3=CC=CC=C3)C3=CC=CC=C3)=CN=C2C=C1
278,CN1C=CC2=C(C(=O)NCC3=CC=C(NC(=O)C4=CC=CC=C4O)C=C3)C=CN=C21
279,CC1=CC2=CC(CNC(=O)C3=CC=C(N(C)C4=CC=CC=C4)N=C3)=CC=C2NC1=O
280,O=C(NCC1=CC=C(NC(=O)C2=CC=CN=C2)C=C1)C1=CC=C2C=NNC(=O)C2=C1
281,O=C(NCC1=CC=C(COC2=CC(F)=CC=C2)C=C1)C1=CC2=C(NN=N2)C(F)=C1
282,O=C(NC1=CC=C(N2C=CC=CC2=O)C=C1F)C1=NC2=CN=CC=C2C(Cl)=C1
283,CN(CC1=CC=CC(NS(=O)(=O)C2=CC=CC=C2)=C1)C(=O)C1=CC=NC(C2=NNC=C2)=C1
284,CCC1=NC2=CC(F)=CC=C2C=C1C(=O)NC1=CC(=O)N(C2=CC=CC=C2)N=C1
285,O=C(NC1=CC=C(C2=NC=CN2)C=C1)NC1=CC(=O)N(C2=CC=CC=C2)C=C1
286,O=C1CN(C(=O)C(F)(F)C2=NC=CC=C2F)C2=CC=CC=C2N1C1=CC=CC=C1
287,CC1=NN(C2=CC=CC=C2CNC(=O)C2=NOC(C3=CC=C(C#N)C=C3F)=C2)C=C1
288,CC1=C(CC(=O)NCC2=CC=C(C3=CC=C4C=CC=CC4=C3)C=C2)C(=O)NC(N)=N1
289,CN1C=C(CCNC(=O)NCC2=NOC(COC3=CC=CC=C3F)=C2)C2=CC=C(F)C=C21
290,O=C(C1=C(F)C(O)=C(F)C=C1)N1CC(=O)N(C2=CC=CC=C2)C2=CC=CC=C21
291,O=C(NC1=NC(O)=CC=C1C1=CC=CC=C1)C1=CN(C2=CC(F)=CC=C2)C(=O)C=C1
292,CC1=NC2=CC=CC=C2N(CCNC(=O)C2=CC(F)=C(F)C=C2C(=O)C2=CC=CC=C2)C1=O
293,O=C(NCC1=CC=C(C2=CNC(=O)C=C2)C=C1)C1=CN(C2=CC=CC=C2)C(=O)C=C1
294,O=C(C1=CC=CC=C1)C1=CC(NC(=O)C2=C(F)C3=C(C=C2)NC(=O)N3)=CC=C1F
295,O=C(NC1=CC=CC=C1OCC1=CC=CN=C1)C1=CC(=O)N(C2=CC=CC=C2)N=C1
296,O=C(NC1=CC=CC(NC(=O)C2=CC3=CN=CC=C3C=C2F)=C1)C1=CNC(=O)C=C1
297,CC1=C(C(=O)NC2=CC=C(C(=O)NCC3=CC=CC(C4=CC=CC=N4)=C3)C(O)=C2)C=NO1
298,CC1=NC(NC(=O)C2=NN(C3=CC=C(F)C=C3)C=CC2=O)=NC=C1C1=CC=CC=C1
299,CN1C=C(C(=O)N(CC(N)=O)CC2=CC=C(C3=CC=CC=C3)C=C2)C2=CC(F)=CC=C21
300,CC1=CC=CC(N2C=C(C(=O)NCC3=CC(OC4=CC=C(F)C(F)=C4)=CC=N3)N=N2)=C1
301,CN1C=CC(=O)C2=CC(NC(=O)C3=CC=C(OC4=CC=C(C#N)C=N4)C=C3)=CC=C21
302,O=C(NC1=NN(C2=CC(F)=CC(F)=C2)C=N1)C1=CC=C(C2=CC=CN=C2)C=C1
303,O=C(NCC1=CC=C(C2=CNC(=O)C=C2)C=C1)C1=CC=CN=C1OC1=CC=CN=C1
304,O=C(O)C1=CC=C(C2=CC=CC(CNC(=O)C3=CC=C4C(=O)C=CNC4=C3)=C2)C=C1
305,NC(=O)C1=CC(CNC(=O)CCC2=NC(C3=CC=CC=C3)=C(C3=CC=CC=C3)O2)=CC=N1
306,N#CC1=CC=CC=C1C1=CC=C(C(=O)NC2=NN=NN2CC2=CC=C(F)C=C2)C=C1
307,NC1=CC(C(=O)NC2=CC(C3=CC=C(O)N=C3)=CC=C2)=NN1C1=CC=C(F)C=C1
308,O=C(NCC1=CC=C(C2=CNC(=O)C=C2)C=C1)NC1=NC=NC=C1C1=CC=CC=C1
309,O=C(NCC1=CC=C2C=CC=NC2=C1)C1=CC=C(NC(=O)C2=CNC(=O)C=C2)C=C1
310,CN1C=CC(C(NC(=O)C2=CC=C(CNC(=O)C3=CC=CS3)C=C2)C2=CC=C(F)C=C2)=N1
311,O=C(NC1=CC=CC=C1)C1=CC=C(NCC2=NOC(COC3=CC=CC=C3F)=C2)N=N1
312,O=C(NCC1=CC=C(C2=CNC(=O)C=C2)C=C1)C1=CC=C(CC2=CC=CC=C2)N1
313,O=C(NCC1=CC=C2C=CC(=O)NC2=N1)C1=CC=CC=C1OC1=CC=C(F)C=C1
314,O=C(NC1=CN=CC=C1OCC1=CC=CC=C1)C1=CC2=C(NC(=O)C=C2)C(F)=C1
315,CC1=C(NC(=O)C2=CN=CC3=C2C=CNC3=O)C=CC=C1C(=O)NC1=CC=CC=C1
316,O=C(NC1=C(C(F)F)N(C2=CC=NC=C2)N=C1)C1=NOC(COC2=CC=CC=C2F)=C1
317,O=C(NC1=CC=C2C(=O)NC(=O)NC2=N1)C1=CC=C(OC2=CC=CC=C2F)C=C1
318,O=C(COC1=CC=CC(OC2=CC=CC=N2)=C1)NC1CC(=O)N(C2=C(F)C=CC=C2F)C1
319,O=C(NC1=CC(C2=CC=NC=C2)=CNC1=O)C1=CC2=CC=CC=C2N=C1C(F)F
320,CN1C=CN=C1CC(NC(=O)COC1=CC=CC(OC2=CC=CC=N2)=C1)C1=CC=CC=C1
321,O=C(NC1=CN=C(C2=CC(F)=CC=C2)N=C1)C1=CC=CN=C1C1=CC=NC=C1
322,O=C(NC1=NC2=CC=C(OC(F)(F)F)C=C2C=C1)C1=CC(=O)N2C=CC=CC2=N1
323,O=C(CCC1=NN=CN1C1=CC=CC=C1)NCC1=CC(OC2=CC(F)=CC=C2)=CC=N1
324,CC1=CC=C(OCC2=CC=CC(C(=O)NC3=CC=C(C4=CNC(=O)N4)C=C3)=C2)C=N1
325,O=C(CC1=CC=CC(OC2=CC=CC=C2)=C1)NC1=NC=C(C2=NC=CC=N2)C=N1
326,NC1=NN(CC(=O)NCC2=NC=CC=C2C2=CC=C(F)C=C2)C(C2=CC=CC=C2)=C1
327,O=C(NC(C(=O)C1=CC=CC=C1)C1=CC=CC=C1)C1=CC=NN1C1=CC=NC=C1
328,COC1=CC=C(NC(=O)C2=CNC(=O)C3=CC=CN=C23)C(OCC2=CC=CC=C2)=C1
329,NC(=O)C1=C(NC(=O)C2=CC(C3=C(F)C=C(F)C=C3F)=NO2)C2=CC=CC=C2O1
330,O=C(N=S(=O)(C1=CC=CC=C1)C1=CC=NC=C1)C(C1=CC=CC=C1)N1C=CC=N1
331,COC1=CC=C(NC(=O)C2=CN=C3C(=O)NN=CC3=C2)C=C1C(=O)C1=CC=CC=C1
332,NC(=O)CN(CC(=O)C1=CNC2=CC=CC=C12)CC1=CC=C(C2=CC=CC=C2)C=C1
333,N#CCN1C=C(C(=O)NC2=C(C#N)C(=O)N(C3=CC=CC=C3)C=C2)C2=CC=CC=C21
334,O=C(COC1=CC=CC(OC2=CC=CC=N2)=C1)NCCC1=NC(C2=CC=NC=C2)=CS1
335,N#CC1=CC(C2=CC=CC=C2)=CC(NC(=O)C2=NNC3=CC=CC=C3C2=O)=C1
336,CS(=O)(=O)C1=CC=C(C2=CC(=O)N3C=CC=C(OCC4=CC=CC=C4)C3=N2)C(F)=C1
337,O=C(CC(O)CC1=CC=CC=C1)NC1=CC=C2N=CN(C3=CC=CC=C3)C(=O)C2=C1
338,COC1=CC=CC(C2=CN=C(C(=O)NC3=CN(C4=CC=CC=C4F)N=C3)N=C2)=C1
339,N#CC1=CC=C(N2C=C(C#N)C(NC(=O)CC3=CC=C4C=CN=CC4=C3)=N2)C(F)=C1
340,O=C(COC1=CC=CC(OC2=CC=CC=N2)=C1)OCC1=CC(C2=CC=NC=C2)=NN1
341,O=C(NC1=CC(F)=CC=C1C1=NNC(=O)N1)C1=CC=CC(OC2=CC=CC=C2)=N1
342,O=C(NC1=CC=C(OC2=CC(F)=CC=C2)N=C1)C1=CC=C2C=NNC(=O)C2=C1
343,COC1=CC=C2C(C(=O)NCC3=CC=CC=C3OC3=CC=CC=N3)=CC(=O)NC2=C1
344,O=C(NC1=CN(CC2=CC=CC=C2)C(=O)C=C1)C1=CC=NC2=CC=C(F)C=C12
345,O=C(NC1=CC=C(C2=CNC(=O)N2)C=C1)NC1=NC=CC=C1OCC1=CC=CC=C1
346,O=C(NCC1=NOC(C2=CC=C(F)C=C2)=N1)C1=CNC2=C(C=C(F)C(F)=C2)C1=O
347,N#CC1=CN2C(C(=O)NC(COC3=CC=CC=C3)C3=CC=C(F)C=C3)=CN=C2C=C1
348,O=C(NCC1=CC(OC2=CC(F)=CC=C2)=CC=N1)C1=CC=CC(N2C=CC=N2)=N1
349,COC1=CC=C(CN2C=CN=C2C(=O)NC2=CN(C3=CC=CC=C3)C(=O)C=C2)C=C1
350,O=C(NCC1=CC=CC=C1COC1=CC=CC=C1Cl)C1=CN(CC2=CC=CN=C2)N=N1
351,COC1=CC=CC(OC2=CC=C(NC(=O)C3=CNC(=O)C4=CC=CN=C34)C=C2)=C1
352,O=C(COC1=CC=CC(OC2=CC=CC=N2)=C1)OCC1=NN=CN1C1=CC=CC=C1
353,CC1=CC=CC=C1C1=NC(CNC(=O)COC2=CC=CC(OC3=CC=CC=N3)=C2)=NO1
354,CN(C(=O)C1=CN(C2=CC=CC=N2)N=C1)C1=CC=CC(C(O)C2=CC=CC=C2)=C1
355,O=C(NC1=CC=C(C2=NN=CO2)C(F)=C1)NC1=CC(=O)N(C2=CC=CC=C2)C=C1
356,O=C(NCC(F)(F)C1=CC=CC2=CC=CN=C12)C1=NNC(C2=CC=CC=C2O)=C1
357,O=C(NC1=CC=C(C2=NOC(C(F)(F)F)=C2)C=C1)C1=CC=C2C(=O)NC=CC2=N1
358,COC1=CC=C(C2=CC=CC=N2)C=C1NC(=O)C1=CN=CN1C1=CC=C(O)C=C1
359,O=C(NC1=CC(C2=NNN=N2)=CC(C2=CC=NC=C2)=C1)C1=C(F)C=CC(F)=C1O
360,O=C(NCC1=NOC(C2=CC=C(F)C=C2)=C1)C1=CN(C2=C(F)C=CC=C2F)N=N1
361,O=C(NCC1=CC=C2C=COC2=C1)C1=CC(=O)C(OCC2=CC=C(F)C=C2)=CO1
362,O=C(CC1=NNC(=O)C=C1)C1=CC=C(C2=CN=C3C(F)=CC=CC3=C2)C=C1
363,O=C1N=C(C2=CC=C(C3=CC(F)=CC=C3OCC3=CC=NC=C3)C=N2)C=CN1
364,O=C(CC1=CC=CC(OCC2=CC=CN=C2)=C1)NCC1=C(C2=CC=CC=C2)OC=N1
365,O=C(NCC1=CC=CC=C1OC1=CC=CC=N1)C(O)C1=CC=CC(OC(F)(F)F)=C1
366,O=C(CC1=COC(C2=CC=C(F)C=C2)=N1)NC1=NC=NN1C1=CC=C(F)C=C1F
367,COC1=CC=CC(C2=CC=CC=C2NC(=O)C2=CC=C3C(=O)N(C)C(C)=CC3=N2)=C1
368,O=C(NC1=CN=C(C2=NC=CC=N2)N=C1)NC(C1=CC=NC=C1)C1=CC=C(F)C=C1
369,COC(=O)C1=NN(C2=CC=C(NC(=O)C3=C(F)C4=CC=CC=C4C=C3)C=C2)C=N1
370,O=C(O)C1=CC=CC(C2=CC=CC=C2CNC(=O)C2=CC(N3C=CC=N3)=CC=N2)=C1
371,N#CC(C1=CC=CC=C1)C1=CC=C(NC(=O)CC2=CC=C(C3=NN=NN3)C=C2)C=C1
372,CN1C(C(=O)NC2=CC=C(F)C(C3=CN(C4=CC=CC=C4)N=N3)=C2)=CC=CC1=O
373,NC(=O)C1=CC=CC(OC2=CC=C(NC(=O)CC3=CC=CC4=C3OC=C4)N=C2)=C1
374,O=C(NCCC1=CC=C2OC=CC2=C1)C1=CC=CN(CC2=CC(F)=CC=C2)C1=O
375,COC1=CC=CC=C1C1=CN=C(COC(=O)C2=CC3=CC=C(F)C=C3NC2=O)O1
376,COC(=O)CN1C=NC2=CC=C(NC(=O)NC(C)CC3=CC=C4C=CC=CC4=C3)C=C2C1=O
377,O=C(NC1=CC=CC(OCC2=CC=CC=N2)=C1)C1=CN=CN1C1=CC=C(O)C=C1
378,CN1C=C(NC(=O)C2=CC(=O)N(C3=CC=CC=C3)N2)C(C2=CC=C(F)C=C2F)=N1
379,O=C(NC1=CC=C(N2C=CC(=O)N2)C=C1)C1=CC=NC=C1NCC1=CC=CC=C1
380,N#CC1=CC(OC2=CC=CC=C2NC(=O)CC2=CC=C(C3=NN=NN3)C=C2)=CC=C1
381,N#CC1=CC=C(N2C=NC(NC(=O)NCC3=CC=CC(C4=CC=CC=N4)=C3)=N2)C=C1
382,CC1=CC=C(C2=CC=CC(NC(=O)C3=CC(C4=CC=NC=C4)=NN=C3O)=N2)C=C1
383,CN1C=CN=C1COC1=CC=C(C2=NC(CC(=O)NCC3=CC=C(F)C(F)=C3)=NO2)C=C1
384,O=C(NC1=CN(CC2=CC=CC=N2)N=C1)C1=CC=NC=C1OC1=CC=C(F)C=C1
385,O=C(NCC1=CC=C(F)C=C1)C1=NC=CN=C1C(=O)N1CCC2=CC=C(OC(F)F)C=C2C1
386,CN1C(C(=O)NC2=CC=C(C3=NN=CO3)C=C2)=CC=C1C(=O)C1=CC=CC=C1F
387,N#CC1=C(F)C(F)=CC(C(=O)NC2=CC=C(N3C=CC=CC3=O)C=C2F)=C1
388,CN(CC1=CC=CC(C2=CC=C(C3=NC(=O)NC=C3)N=C2)=C1)C1=CC=CC=C1
389,CN(CC1=CN(C2=CC=CC=C2C2=CC=CC=C2)N=N1)C(=O)CC1=NC=CC=C1F
390,O=C(NCC1=CC=CC(C2=CC=CN=C2)=C1)C1=NN(CC2=CC=CC=C2)C=C1
391,O=C(NCC1=NOC(COC2=CC=CC=C2F)=C1)C1=CN(C2=CC(F)=CC=C2)C(=O)C=C1
392,N#CC1=CC(CC2=CN=C(NC(=O)C3=CC=C(NC(=O)C4=CNC(=O)C=C4)C=C3)S2)=CC=C1
393,CC1=C(C(=O)N(CC(N)=O)CC2=CC=C(C3=CC=CC=C3)C=C2)C=NN1C1=CC=C(F)C=C1
394,O=C(NC1=CC=C(OC2=CC=CC=N2)C=C1)C1=NN(C2=CC=CC=C2F)C=CC1=O
395,N#CC1=C(NC(=O)C2=CC(C3=CC=CC=C3F)=NO2)C=CN(C2=CC=CC=C2)C1=O
396,O=C(NC1=NC(O)=CC=C1C1=CC=CC=C1)C1=NN(C2=CC=C(F)C=C2)C=CC1=O
397,NC(=O)C(NC(=O)C1=NC(C2=CC=C(F)C=C2)=CC=C1)C1=CC=C2C=CC=CC2=C1
398,O=C(NC1=NN(C2=CC=C(F)C(F)=C2)C=N1)C1=NC(C2=CC=C(F)C=C2)=NC=C1
399,CN1C(CNC(=O)C2=CC(C3=CC=CC=N3)=CC(F)=C2)=CC(=O)N1C1=CC=CC=C1
400,CC1=NN(C2=CC=C(F)C=C2)C=C1C(=O)NC1=CC(=O)N(C2=CC=CC=C2)C=C1
401,O=C(NC1=CC(CC2=CC=CC=C2)=CC=N1)C1=NN(C2=CC=CC(F)=C2)C=C1O
402,FC1=CC=C(N2C=CC(CNC(C3=CC=CC(C(F)(F)F)=C3)C3=NN=CN3)=N2)C(F)=C1
403,O=C(NC1=C(C(F)F)N(C2=CC=NC=C2)N=C1)C1=NN(C2=CC=C(F)C=C2F)C=C1
404,N#CC1=C(NC(=O)C2=CC=C(C3=CC=CC=N3)O2)C=CN(C2=CC=CC=C2)C1=O
405,O=C(N[C@H](C1=CC=CC=C1)[C@@H](O)C1=CC=CC=C1)C1=NN(C2=CC=C(O)C=C2)C=C1
406,CN1C=CC(C(NC(=O)C2=NN(C3=CC=CC=C3F)C(=O)C=C2)C2=CC=C(F)C=C2)=N1
407,O=C(NCCC1=C(F)C=NC=C1F)C1=CC=CC=C1C(=O)C1=CC=C(F)C(F)=C1
408,COC1=CC=C(C(NC(=O)C2=CC=NC(C3=NNC=C3)=C2)C2=CC=C(OC)C=C2OC)C=C1
409,N#CC1=CC(COC2=CC(NC(=O)C3=NN(C4=CC=CN=C4)C=C3)=CC=C2)=CC=C1
410,O=C(NC1=NOC=C1C1=CC=CC=C1F)C1=NN(C2=CC=CC=C2F)C=CC1=O
411,COC1=CC=C(C2=CC=CN=C2)C=C1NC(=O)C1=CC2=C(NC(=O)C=C2)C(F)=C1
412,O=C(NCC1=CC(OC2=CC=C(F)C(F)=C2)=CC=N1)C1=CN=C(C2=CN=CC=N2)S1
413,O=C(NC1=CN(C2=CC=CC=C2F)N=C1)C1=NOC=C1C1=CC=C(F)C=C1F
414,O=C(NC1=CC(=O)N(C2=CC=CC=C2)N=C1)C1=CC2=CC=CC=C2N=C1C(F)F
415,O=C(NCC1=CC=CC=N1)C1=CC(NC(=O)C2=NOC=C2C2=CC=CC=C2)=CC=C1
416,O=C(NC1=CC(C2=CC=C(F)C=C2F)=CC=C1)C1=CN=C2N=CNC(=O)C2=C1
417,N#CC1=CC(C2=CC=CC(NC(=O)C3=CC=C4C=NNC(=O)C4=C3)=N2)=CC(F)=C1
418,O=C(NC1=CC(C2=CC=NC=C2)=CNC1=O)C1=NC2=CC(F)=CC(F)=C2C=C1
419,O=C(OCC1=NC(CC2=CC(F)=CC=C2)=NO1)C1=CC=C2C=C(F)C(F)=CC2=N1
420,COC(=O)C1=CC=C(F)C(NC(=O)C2=CN(C3=CC=C(F)C=C3)C(=O)C=C2)=C1F
421,O=C(NC1=C(F)C=CC=C1OCC1=CC=CC=C1)C1=CNC(=O)C2=CC=CN=C12
422,CC1=CC=C(C(CO)NC(=O)C2=CC(F)=C(F)C=C2C(=O)C2=CC=CC=C2)C=C1
423,O=C(OCC1=CC(OCC2=CC=C(F)C=C2F)=CC=C1)C1=CC=CN2N=NC=C12
424,O=C(NCCC1=NC(C(F)F)=NO1)C1=C(C2=CC=CC=C2)C(C2=CC=CC=C2)=NNC1=O
425,O=C(NC1=NN(C2=CC=NC=C2)C=C1)C1=CC=CN=C1NC1=C(F)C(F)=CC=C1
426,O=C(NC1=CC(F)=C(N2C=CN=C2)C(F)=C1)C1=CC2=C(NC(=O)C=C2)C(F)=C1
427,O=C(NCC(=O)C1=CC=C(F)C2=CC=CC=C12)C1=CC(C2=CC=CC=N2)=CN1
428,N#CC1=CC=C(CC(=O)NC2=NC(C3=CC=CC=N3)=NN2C2=CC=CC=C2)C(F)=C1
429,O=C(NCC1=C(F)C2=CC=CC=C2C=C1)C1=CC=C(C2=NNC(=O)C=C2)C=C1
430,CN1C=C(OC2=CC=C(NC(=O)C3=C(O)C4=CC=C(F)C(F)=C4N=C3)C=C2)C=N1
431,O=C(NC1=CC=CN=C1)C1=CC=C(NC(=O)C2=CC=CC=C2C2=CC=NN2)C=C1
432,COC1=CC=C(OC)C(C2=CN=CC(NC(=O)C3=CC=C4C(=O)C=CNC4=C3)=C2)=C1
433,CC1=NC2=CC=C(C(=O)NC3=CC=C(OC4=CC=CC=C4)C(C#N)=C3)N=C2C(=O)N1
434,O=C(NCC1=CNC2=CC=C(F)C=C12)C1=CC(=O)C(OCC2=CC=CC=C2)=CO1
435,CC1=NC2=CC=CC=C2C(=O)N1C1=CC=C(C2=CN=C(N)C(OC(F)F)=C2)C=C1
436,COC(=O)[C@@H](OC(=O)C1=CC=C2NC=CC(=O)C2=C1)C1=CC=C2C=CC=CC2=C1
437,N#CC1=CC=C(C2=CC=CC(COC(=O)C3=CC=CN4C(=O)NN=C34)=C2)C=C1F
438,O=C(NC1=CC=CC(C2=CNN=N2)=C1)C1=CC2=CC(C(F)(F)F)=CC=C2C(=O)O1
439,O=C(N=C1C=CC=CN1CC1=CC=CC=C1)C1=CC2=C(NC(=O)C=C2)C(F)=C1
440,CN1C=C(C#N)C=C(NC(=O)C2=CC=C(N3C=NC4=CC=CC=C4C3=O)C=C2)C1=O
441,OC1=NC(O)=C2C=C(C3=CC=C(F)C(C(O)C4=CC=CC=C4)=C3)C=CC2=N1
442,O=C(NC1=NC2=CC=C(C(F)(F)F)C=C2C=C1)C1=NN(C2=NC=CC=C2F)C=N1
443,O=C(CNC(=O)C1=CC=CC2=C1C=CN2)NCC1=NC=CC=C1C1=CC=C(F)C=C1
444,O=C(NCC1=NOC(C2=CC=CC=N2)=C1)C1=CC(C2=CC=CC=C2F)=CN=C1O
445,O=C(NC1=CC=CC(C2=NNC(=O)N2)=C1)C1=CC=NC=C1OC1=CC=C(F)C=C1
446,O=C(NC1=CC=CC(NC(=O)C2=CC3=CN=CC=C3C=C2F)=C1)C1=CC(F)=NN1
447,CN(C(=O)C1=CC=CC(C(=O)NC2=NN(C3=CC=CN=C3)N=C2)=C1)C1=CC=CC=C1
448,O=C(CN(C(=O)C1=CC=NN1C1=CC=NC=C1)C1=CC=CC=C1)NC1=CC=CC=C1
449,NC1=NC(C(=O)NC(C(=O)CC2=CC=CC=C2)C2=CC=CC=C2)=C2C=CC=CC2=N1
450,C[C@@H](NC(=O)C1=CC=C2NC(=O)NC(=O)C2=C1)C1=CC=C(C2=CC=CC=C2)C=C1
451,O=C(NCC1=NOC(C2=CC=CC=N2)=C1)C1=CC=C(OC2=CC=CC=C2F)N=C1
452,CC1=CN=C(C(=O)NC2=CC=C(F)C(C(=O)C3=CC=CC=C3)=C2)C=C1C1=NNN=N1
453,COC(=O)C1=NC=CC2=CC(NC(=O)C3=CN(C4=CC=CC=C4F)N=C3)=CC=C12
454,CN1C(C(=O)NC2=CC=C3OC(CO)=CC3=C2)=CC=C1C(=O)C1=CC=CC=C1F
455,CC1=NN(C2=CC=C(OC(F)(F)F)C=C2)C(NC(=O)C2=CC=NC(C3=NNC=C3)=C2)=C1
456,O=C(NCC1=CC=C(C2=CC(F)=CC=C2)O1)C1=CC(=O)C2=C(C=CC=C2O)O1
457,CN1C=CC(C2=C(C(=O)NC3=CC=C(OC4=CC=CC=C4C#N)C(F)=C3)C=NN2)=N1
458,NC(=O)C1=CC=CC(C(=O)NC2=CN3C=C(C4=CC=CC=C4)N=C3C=C2)=C1F
459,O=C(OCC1=COC(C2=CC=C(C(F)(F)F)C=C2)=N1)C1=CN=CC(N2C=CN=N2)=C1
460,CC1=NC2=CC(C(=O)N(C)C3=CC=CC(C(O)C4=CC=CC=C4)=C3)=CC=C2C(=O)N1
461,CN1C(C2=CC=C(C(=O)NC3=CC=C(F)C(C4=CC=NC=C4)=C3)C=C2)=NNC1=O
462,O=C(NCC1=CC=CC(C2=CC=CC=N2)=C1)NCC1=CC=NN1CCC1=CC=CC=C1
463,COC(=O)C1=CC=C2N=CC=CC2=C1C1=CC=C(CN2C=CC=CC2=O)C=C1
464,O=C(COC(=O)C1=CC2=C(NC(=O)C=C2)C(F)=C1)NC1=CN=C2C=CC=CC2=C1
465,NC(=O)C(NC(=O)NCC1=CC=C(C2=CC=CC=C2)C=C1F)C1=CC=C(F)C=C1
466,O=C(NC1=CC=C(F)C=C1)C1=CC=CC(NCC2=NN(C3=CC=CC=C3)C=N2)=N1
467,CN1C=CC(C(NC(=O)C2=C3C=CC(OC(F)(F)F)=CC3=NN2)C2=CC=C(F)C=C2)=N1
468,O=C(NC1=CC=C2C(=O)NC=NC2=C1)C1=CN(C2=CC=C(F)C=C2)C(=O)C=C1
469,CN1C=CC2=CC(NC(=O)NC3=CC(C4=CC=C(O)N=C4)=CC=C3)=CC=C2C1=O
470,O=C(CC1=NNC(=O)C2=CC=CC=C12)NC1=NC(C2=CC(F)=CC(F)=C2)=CC=N1
471,O=C(NC1=CC=CC(COCC2=CC=CC=C2)=C1)C1=CC=CC2=C1C=NNC2=O
472,COC1=CC(N2C=CC(NC(=O)C3=CC(F)=CC=C3N3C=CN=C3)=N2)=CC=C1F
473,CC1=C(C(=O)NC2=CC=CN(C3=CC=CC=C3)C2=O)N=C(C2=CC=CC=C2)N1
474,CC1=NNC2=C(C(=O)NCC3=CC=C(NC(=O)C4=CC=CC=C4O)C=C3)C=CC=C12
475,O=C(NCC1=CC(O)=CN=C1)C1=CC=CC=C1C1=NN=C(C2=CC=C(F)C=C2)O1
476,NC(=O)C(NC(=O)C1=C(O)C=CC2=CC=CC=C12)C1=CC=C2C=CC=CC2=C1
477,CN1C=C(C(=O)C2=CC=CC3=CC=CC=C23)C=C1C(=O)NCC1=CC(O)=CN=C1
478,N#CC1=CN(C2=CC=C(NC(=O)C3=C(C(=O)C4=CC=CC=C4)N=CN3)C=C2)N=C1
479,CNC(=O)C1=CC=C(C(=O)NC2=CC=C(C(C#N)C3=CC=CC=C3)C=C2)C=C1F
480,N#CC1=CC=NC=C1C(=O)OCC1=NC2=C(C(F)=CC=C2)N1C1=CC=CC=C1
481,CC1=CC(C(=O)OCC2=NC=C(C3=CC=CC(C4=CC=CC=C4)=C3)O2)=NNC1=O
482,O=C(NC1=CC=NC(COC2=CC=CC=C2)=N1)C1=CC=CN=C1C1=CC=NC=C1
483,CC1=NC(CNC(=O)N(C)CC(=O)NC(C2=CC=CC=C2)C2=CC=CC=C2)=C2C=CC=CN12
484,N#CC1=C(N)N(C2=CC=C(C(=O)N(CC(N)=O)CC3=CC=C(C4=CC=CC=C4)C=C3)C=C2)N=C1
485,CN1C=CC(C(NC(=O)CC2=CC=C(OC3=CC=NC(C#N)=C3)C=C2)C2=CC=C(F)C=C2)=N1
486,CN1C=CC(C(NC(=O)C2=CC=C(NC(=O)C3=CNC(=O)C=C3)C=C2)C2=CC=C(F)C=C2)=N1
487,O=C(CN1C=NC(C2=CC=CC=C2)=CC1=O)NC1=C(F)C(C2=CC=NC=C2)=CC=C1
488,O=C(NCC1=CC(OC2=CC=C(F)C(F)=C2)=CC=N1)C1=CN=NN1C1=CC(F)=CC=C1
489,O=C(NC1=CC=CC(CC2=CC=CC=C2)=N1)C1=NN(C2=CC=CC=C2F)C=CC1=O
490,N#CC1=CC(OC2=CC=C(NC(=O)C3=CC4=C(NC(=O)C=C4)C(F)=C3)C=C2)=CC=N1
491,O=C(CN1C=NC(C2=CC=CC=C2)=CC1=O)NC1=CC(=O)N(C2=CC=CC=C2)C=C1
492,N#CC1=CC(C2=CC=NC=C2)=CC(NC(=O)C2=NN(C3=CC=C(F)C=C3)C(N)=C2)=C1
493,O=C(NC1=CC=C(OC2=CC=CN=C2)C=C1)C1=CN(C2=C(F)C=CC=C2F)N=N1
494,O=C(NC1=C(F)C=C(F)C=C1C1=CC=CC=C1)C1=CC=C2C=CC(=O)NC2=N1
495,O=C(CN1C(=O)C=NC2=CC=CC=C21)OCC1=COC(C2=CC(C(F)(F)F)=CC=C2)=N1
496,O=C(NC1=CC=CN=C1)C1=CC=C(CNC(=O)C2=CC(C3=CC=CC=N3)=CN2)C=C1
497,O=C(NCC1=NC=CC=C1C1=CC=C(F)C=C1)C1=CC(=O)C2=CC=C(O)C=C2O1
498,O=C(NCC1=CC=NC(C2=CC=CC=N2)=N1)C1=C(C2=CC=C(F)C(F)=C2)C=CO1
499,CC1=NC=C(C(=O)NC2=CC=CC(NC(=O)NCC3=CC=NC=C3)=C2)N1C1=CC=CC=C1
500,CC1=CC(C(=O)NC2=CC=C(N3C=CC(=O)C=C3)N=C2)=CC=C1C1=CC=NC=C1
501,CC(NC(=O)CCC(=O)NCC1=CC(OC2=CC=CC(F)=C2)=CC=N1)C(=O)C1=CC=CC=C1
502,COCC1=NC=C(NC(=O)C2=C(C3=CC=CC=C3)C(C3=CC=CC=C3)=NNC2=O)C(C)=N1
503,O=C(C1=NC(C2=CC=C(F)C=C2)=NC=C1)N(CC1=CC=CC=C1)C1=NC=NC(O)=C1
504,O=C(NC1=CC=CC=C1C(O)C1=CC=CC=N1)C1=CC2=C(NC(=O)C=C2)C(F)=C1
505,O=C(NC(C1=CC=CC=C1)C1=COC=C1)C1=NN(C2=CC(F)=CC=C2)C=CC1=O
506,N#CC1=CC(OC2=CC=CC=C2NC(=O)C2=CC=C3C=NNC(=O)C3=C2)=CC=C1
507,O=C(NCC1=CC=CC=N1)C1=CC=C(CNC(=O)C2=CNC3=C2C=CC=C3F)C=C1
508,O=C(NCC1=COC2=CC=C(F)C=C12)C1=CN(C2=CC=CC=C2F)C(=O)C=C1
509,CC1=CC=C(NC(=O)C2=CN(C3=CN(C)N=C3)C(=O)C=C2)C(C2=CC=CC=C2F)=C1
510,O=C(NC1=CC=C2OC=CC(=O)C2=C1)C1=CC(C2=C(F)C=C(F)C=C2F)=NO1
511,CC1=CC=C(C(=O)NC2=CC=CC=C2)C=C1NC(=O)C1=CN=C(O)C2=CC=NC=C12
512,CN1C=C(CC(=O)NCC2=NC=CC=C2C2=CC=C(F)C=C2)C2=CC=CC=C2C1=O
513,O=C(NC1=CC=CN(C2=CC=CC=C2)C1=O)C1=CC2=CC=CN=C2C(F)=C1
514,O=C(C1=CN(C2=CC(F)=CC=C2)C(=O)C=C1)N(CC1=CN=CN1)C1=CC=CC=C1
515,NC(=O)C1=CC=CC(COC2=CC=C(C3=CC=C4OC(=O)NC(=O)C4=C3)C=C2)=C1
516,N#CC1=C(C(=O)NC2=CC=C(N3C=CC(=O)C=C3)N=C2)NN=C1C1=CC=CC=C1
517,CN1C(C(=O)NC2=NC3=C(C=C(F)C(F)=C3)N2)=CC=C1C(=O)C1=CC=CC=C1F
518,O=C(NC1=CC=CN(C2=CC=CC=C2)C1=O)C1=C(C(F)(F)F)N=C2C=CC=CN12
519,O=C(NC1=CC(C2=CC=CC=C2)=CC(C(F)(F)F)=C1)C1=C2NC(=O)C=CN2N=C1
520,CN1C=CC(=O)C2=CC(NC(=O)NC(C3=CC=NC=C3)C3=CC=C(F)C=C3)=CC=C21
521,CN1C(C(=O)NC2=CC=C3C=CNC(=O)C3=C2)=CC=C1C(=O)C1=CC=CC=C1F
522,O=C(NCCC1=CC=C(N2C=CC=N2)C=C1)C1=NN(C2=CC=C(F)C=C2F)C=C1O
523,O=C(NC1=CC=CN(C2=CC=CC=C2)C1=O)C1=C(F)C2=CC=CN=C2C=C1
524,O=C(CC1=CC=CC=C1OCC1=CC=NC=C1)NC(CC1=CN=C2C=CC=CC2=C1)C(=O)O
525,CN1C(C(=O)NC2=CC(C#N)=CC(C3=CC=NC=C3)=C2)=CC2=CC=CC=C2C1=O
526,O=C(NC(C(=O)O)C1=CC=CC(C2=CC=NC=C2)=C1)C1=CC=C(C2=CC=CC=N2)O1
527,NC(=O)C1=CC=C(CN2N=C(C3=CC=CC4=CC=CC=C34)C=CC2=O)C(F)=C1
528,COC1=CC=CC(OCC2=CC=CC=C2)=C1C(=O)NC1=CN=C2C=CC=CN2C1=O
529,COC1=CC=C2C(C(=O)NC3=CC=C(NC(=O)C4=CC(O)=CC=C4)N=C3)=CNC2=C1
530,O=C(NC1=CN=C(C2=NC=CC=N2)N=C1)NC1=CC(C(O)C2=CC=CC=C2)=CC=C1
531,O=C(NC1=CN(C2=CC=CC=C2)C(=O)C=C1)C1=C2C=CC=C(F)C2=CN=C1
532,O=C(O)C1=CC=CC(C2=CC=CC(CNC(=O)C3=NN(C4=CC=CC=C4)C=N3)=C2)=C1
533,O=C(NC(C(=O)O)C1=CC=CC(C2=CC=NC=C2)=C1)C1=CC=C(C2=CC=CO2)N=C1
534,NCC1=CC=CC2=CC=C(C(=O)NC3=CN(CC4=CC=CC=C4)C(=O)C=C3)C=C12
535,CN(C(=O)C1=NN=C2C=CC=CC2=C1N)C(C1=CC=CN=C1)C1=CC=C(F)C(F)=C1
536,O=C(NCC1=NN(CC2=CC=CC=C2)C=C1)C1=CC=CC(CC2=CC=CC=N2)=C1
537,O=C(NC1=CC=CN(C2=CC=CC=C2)C1=O)C(C1=CC=CC=C1)N1C=CC=C1
538,CC(NC(=O)C1=CC2=C(NC(=O)C=C2)C(F)=C1)C1=NC=C(C2=CC=C(F)C=C2)O1
539,COC1=CC=CC(CC(NC(=O)C2=C(N)N(C3=CC=CC=N3)N=C2)C2=CC=CC=C2)=C1
540,NS(=O)(=O)C1=CC=C(SC2=CC=CC=C2C(=O)NCC2=CC=C3C=COC3=C2)C=C1
541,O=C(NC(C1=CC=CN=C1)C1=CC=CC=N1)C1=CC=C2C=C(F)C(F)=CC2=N1
542,O=C(NC(CN1C=CC=CC1=O)C1=CC=CC=C1)C1=CN(C2=CC(O)=CC=C2)N=C1
543,COC1=CC=C(NC(=O)C2=C(F)C(C(N)=O)=CC=C2)C=C1C(=O)C1=CC=CC=C1
544,O=C(NC1=CC=CC(N2C=NNC2=O)=C1)C1=NOC(C2=C(F)C=C(F)C=C2F)=C1
545,CC1=CC(F)=CC(CO)=C1C1=CC(=O)N2C=CC=C(OCC3=CC=CC=C3)C2=N1
546,O=C(NC1=CC2=CC=CC=C2C(=O)N1)C1=CC=NC(N2C=CC(C(F)(F)F)=N2)=C1
547,O=C(NC1=CC=C(N2C=CC=CC2=O)C=C1)NC1=CN(CC2=CC=CC=C2)C=N1
548,O=C(NCC1=NOC(C2=CC=CC=C2)=N1)C1=CC=NC=C1OC1=CC=C(F)C=C1
549,CC1=CC=C(N2C=CC(CNC(=O)C3=CC=C(NC(=O)C4=CC=CO4)C=C3)=N2)C=C1
550,O=C1CC(C2=CC=C(C(=O)NC3=CC=C(F)C(C(=O)C4=CC=CC=C4)=C3)C=C2)CN1
551,N#CC1=CC=C(CC(=O)NC2=CC(NC(=O)C3=CC=NC4=C3NC=C4)=CC=C2)C=C1
552,CC1=CN(C2=CC=CC=C2)N=C1NC(=O)C1=NN(C2=CC=CC=C2F)C=CC1=O
553,COC1=CC(C(=O)NC2=CC=C(C)C(C(=O)C3=CC=CC=C3)=C2)=CC2=C1NC(=O)N2
554,O=C(NCC1=CN=C2C(F)=CC=CC2=C1)C1=CC=NC(COC2=CC=CC=C2)=N1
555,CN1C=C2N=CC(C(=O)NC3=CC=C(OCC4=CC=CC(C#N)=C4)C(F)=C3)=CC2=N1
556,COC1=CC=CC(OCC2=CC=CC=C2)=C1C(=O)NC1=CC=CC2=C1NC=NC2=O
557,O=C(NCCN1C=NC2=CC=CN=C21)C1=CC(F)=C(OC2=CC=CC=C2)C(F)=C1
558,CC(OC(=O)C1=CC(C2=CC=CC=N2)=CC(F)=C1)C(=O)NCC1=CC=CC=C1F
559,O=C(NC1=CC(C2=CC=CC=C2)=CC=C1C(=O)O)C1=CC=C2C=CN=C(O)C2=N1
560,O=C(NCC1=CC=C(C(=O)NC2=CC=CN=C2)C=C1)C1=CN=CC(C2=NNC=C2)=C1
561,O=C(NC1=CC=C(OC2=CC(F)=CC=C2)N=C1)C1=CC=CC=C1CC1=NC=NN1
562,O=C(NC1=NN(C2=CC=C(F)C(F)=C2)C=N1)NC1=CC(C2=CC(F)=CC=C2)=NN1
563,O=C(NC1=CC=C(OC2=CC=CC=C2F)N=C1)C1=CN=C(O)C2=CC=NC=C12
564,O=C(NC1=CC=C(N2C=CC(C(F)(F)F)=N2)C=C1)C1=CN=C(O)C2=CC=NC=C12
565,COC1=CC(C(=O)NC(C2=CC=C(F)C=C2)C2=NN(C)C=C2)=CC=C1OCC1=CN(C)N=C1
566,CC1=CN=NN1C1=CC=CC(NC(=O)C2=CN(C3=CC=CC=C3F)C(=O)C=C2)=C1
567,O=C(CC1=CC2=CC=CC=C2C(=O)O1)NCC1=CC=CC=C1OC1=CC=CC=N1
568,CNC(=O)C1=CC(OC2=CC(C)=CC=C2NC(=O)C2=NN=C3C=CC=CC3=C2N)=CC=N1
569,N#CC1=CC=C2N=C(CNC(=O)C3=CC=CN=C3OCC3=CC=CC=C3F)NC2=C1
570,COC(=O)C1=NC=CC2=CC(NC(=O)C3=NN(C4=CC(F)=CC=C4)C=C3)=CC=C12
571,O=C(CC1=CC=CN=C1)NC1=CC=CC(NC(=O)C2=CC=C3C=CC(=O)NC3=N2)=C1
572,O=C(CC1=CC=CC=C1OC1=CC=NC=C1)NC1=CC=C(C2=CNC(=O)N2)C=C1
573,O=C(NC1=CC=C2C=CN(CC3=CC=CC=C3F)C2=C1)C1=C(F)C(=O)NC(=O)N1
574,CC1=CC(NC(CN2C=CC=CC2=O)C2=CC=CC=C2)=NC(=O)N1C1=CC=CC=C1
575,O=C(NC1=CC(N2N=CC=C2C(F)(F)F)=CC=C1)C1=NN=C(C2=CC=CC=C2)N1
576,O=C(NC1=CC=C(C2=CC(=O)NN2)C=C1)NC1=NOC=C1C1=CC=C(F)C=C1F
577,CC(OC(=O)COC1=CC=CC(OC2=CC=CC=N2)=C1)C(=O)C1=CC=C2C(=C1)CC(=O)N2C
578,O=C(NC1=C(F)C(C2=CC=NC=C2)=CC=C1)C1=NN2C=CC(C(F)(F)F)=NC2=N1
579,O=C(CC1=CN=CO1)NC1=CC(NC(=O)C2=CN=CC(C3=CC=CC=N3)=C2)=CC=C1
580,CN1C=C(C2=CC=CC(NC(=O)C3=CC(C4=C(F)C=C(F)C=C4F)=NO3)=C2)N=N1
581,CN1N=C(CC2=CC=CC=C2)C=C1NC(=O)C1=CC=C(C(=O)C2=CNC=C2)C=C1
582,CCOC1=CC=C(C(NC(=O)C2=CNC(=O)C3=CC=CN=C23)C2=CC=CC=C2)C=C1
583,O=C(C1=CC=NC=C1OC1=CC=C(F)C=C1)N1CC(O)(C2=CC=C(F)C(F)=C2)C1
584,CC1=CC=C(F)C(N2CCCC(NC(=O)COC3=CC=CC(OC4=CC=CC=N4)=C3)C2=O)=C1
585,CC1=C(C(=O)NC2=CC=C(F)C(C3=CN(C4=CC(F)=CC=C4F)N=N3)=C2)ON=C1
586,O=C(NC1=CC=CC=C1C1=CC=C2C=CC=CC2=C1)C1=CN(C(F)(F)CO)N=N1
587,N#CC1=CC(N2C=CC(C(=O)NCC3=CC(OC4=CC=C(F)C(F)=C4)=CC=N3)=N2)=CC=C1
588,COC1=CC(CCN(C)C(=O)C2=C(C3=CC=CC=C3)C(C3=CC=CC=C3)=NNC2=O)=CC=C1O
589,O=C(NC1=CNN=C1OCC(F)(F)F)C1=C(C2=CC=CC=C2)C(C2=CC=CC=C2)=NNC1=O
590,O=C(NC(C(=O)O)C1=CC=C(F)C=C1F)C1=CC=C(N2C=NC3=CC=CC=C3C2=O)C=C1
591,CC(NC(=O)C1=NN(C2=CC=CC=C2F)C(=O)C=C1)C1=CC=C(C2=CC=CN=C2)C=C1
592,COC(=O)C(NC(=O)C1=CC=C(C(=O)C2=CC=CC(OC)=C2)C=C1)C1=CC=C(F)C=C1F
593,NCC1=CC=C(C2=CC=CC=C2C(=O)NC2=CC(C3=CC=NC=C3)=CNC2=O)C=C1
594,O=C(NC1=CC=CC(CN2C=CC=CC2=O)=C1)C1=CC=C2C=C(F)C(F)=CC2=N1
595,O=C(NCC1=CC(OC2=CC=C(F)C(F)=C2)=CC=N1)C1=CC(C2=CC=CC=N2)=NO1
596,O=C(CN1C=NC2=CC=C(F)C=C2C1=O)NCC1=CC(OC2=CC(F)=CC=C2)=CC=N1
597,CN1C=CC(C(NC(=O)C2=CC=C(COC3=CC=CC=C3C#N)O2)C2=CC=C(F)C=C2)=N1
598,CN1C(=O)NC2=CC(C(=O)NC3=CC=CC(COC4=CC=C(CC#N)C=C4)=C3)=CC=C2C1=O
599,CC(NC(=O)C1=CC=CC2=C1C(=O)NN2)C(NC(=O)C1=CC=C(C#N)C=C1F)C1=CC=CC=C1
600,O=C(NC1=CC=CC(CC2=CC=CC=C2)=N1)C1=CC(=O)N(C2=CC=CC=C2)N=C1
601,N#CC1=CC(C(=O)N(CC(N)=O)CC2=CC=C(C3=CC=CC=C3)C=C2)=CN=C1C(F)(F)F
602,O=C(NC1=CC=C(OC2=C(F)C(F)=CC=C2)N=C1)C1=CC=CC2=C1C=NNC2=O
603,O=C(CCC1=CC2=CC=CC=C2NC1=O)NCC1=CC=C(C2=CC=CC=N2)C(F)=C1
604,COC(=O)C(NC(=O)C1=CN=C2C(=C1)C(C)=NN2C1=CC=CC=C1)C1=CC=C(F)C=C1F
605,O=C1C=CN(C2=CC=NC=C2)N1CC1=CC(OCC2=CC=C(F)C=C2F)=CC=C1
606,O=C(NC1=CC=CC=C1OC1=CC(F)=CC(F)=C1)C1=CN=C2N=CNC(=O)C2=C1
607,N#CC1=CC=CC=C1C1=CC=C(C(=O)NC2=CC=C(OCC3=NNC=N3)C=C2)C=C1
608,CC(NC(=O)C1=CC(=O)N2C=CC=CC2=N1)C1=CC=C(C2=CC=CC=C2)C(F)=C1
609,CC(NC(=O)C1=NN(C2=CC=CC=C2)C(C(N)=O)=C1)C1=CC=C(C2=CC=CN=C2)C=C1
610,O=C(NCCN1C(=O)CC2=CC=CC=C21)NC1=CC(C(=O)NCC2=CC=CC=C2F)=CC=C1
611,N#CC1=C(NC(=O)NC2=CC=CC(C3=NC=CN3)=C2)C=CN(C2=CC=CC=C2)C1=O
612,O=C(NCC1=CC=C(OC2=CC=CC=C2)C=C1F)C1=CC=CC2=C1C(=O)NN=C2
613,O=C(NCC1=CC(OC2=CC(F)=CC=C2)=CC=N1)C1=CN(C2=CC=CC=C2Cl)N=N1
614,O=C(NCC1=CC=C(C2=CNC(=O)C=C2)C=C1)C1=C(O)C=CC2=CC=CC=C12
615,COC1=CC=CC(CN(C)C(=O)C2=CNC3=CC=C(OC4=CC=CC=C4)C=C3C2=O)=N1
616,O=C(NC1=NN(C2=CC(F)=CC(F)=C2)C=N1)C1=CN=C2C(F)=CC=C(F)C2=C1
617,NCC(NC(=O)C1=CC=C(N2C=NC3=CC=CC=C3C2=O)C=C1)C1=CC=CC=C1F
618,O=C(NC1=CC=C(OC2=C(F)C(F)=CC=C2)N=C1)C1=NN=C(C2=CC=CC=N2)N1
619,O=C(NC1=CC=CC=C1CC1=CC=CN=C1)C1=CC=CC(C2=NNC(=O)C=C2)=C1
620,N[C@@H](CC1=CC=CC(NC(=O)CC2=CNC3=CC(OCC4=CC=CC=C4)=CC=C23)=C1)C(=O)O
621,O=C(NC1=C(CC2=CC=CC=C2)ON=C1)C1=CN(C2=CC=CC=C2F)C(=O)C=C1
622,O=C(CC1=CC=C2C=CN=CC2=C1)NC1=CC(NC(=O)C2=NC=NC=C2F)=CC=C1
623,O=C(NCC1=CC=C(C2=CNC(=O)C=C2)C=C1)C1=C2C=CC=C(F)C2=CN=C1
624,CN1C(=O)NC2=CC(C(=O)NC3=CC=C(C4=CSC(C(F)(F)F)=N4)C=C3)=CC=C2C1=O
625,N#CC(C1=CC=CC=C1)C1=CC=C(NC(=O)NC2=NN(C3=CC=CN=C3)N=C2)C=C1
626,CC1=CC=C(NC(=O)C2=CC=C3NC(=O)NC(=O)C3=C2)C(C2=CC=CC=C2F)=C1
627,NC1=CC(C(=O)NC2=CC3=CC=C(F)C(F)=C3N=C2)=NN1C1=CC=C(F)C=C1
628,NC(=O)C1=C(F)C=CC=C1OCC1=NC2=CC=C(F)C=C2N1C1=CC=CC=C1
629,O=C(CC1=NN=C(C2=CC=CC=C2)O1)NCC1=CC=C(C2=CC=CN=C2)C(F)=C1
630,CNC(=O)C1=CC=C(CC(=O)NC2=NC3=CC=CC=C3N2C2=CC=C(F)C=C2)C=C1
631,CC1=CN=C2C(C(=O)NC3=CC(NC(=O)C4=NC=CC=C4F)=CC=C3)=CC=CC2=N1
632,COC1=CC2=CC=C(C(=O)NC3=CN(C4=CC=CC=C4)C(=O)C=C3)N=C2C=C1OC
633,CC1=NN(C2=CC=NC=C2)C=C1C(=O)NC1=CC=C(OC2=NC=CC=C2C#N)C=C1
634,N#CC(C1=CC=CC=C1)C1=CC=C(NC(=O)C2=CNC(=O)C3=CC=CN=C23)C=C1
635,CC1=CN=C2N=CC=C(C(=O)NC3=CC(F)=CC=C3NC(=O)C3=CC=CC=N3)C2=C1
636,O=C(NC1=CC=CN=C1)C1=CC=C(CNC(=O)C2=NOC=C2C2=CC=CC=C2)C=C1
637,COC1=CC=C(CCNC(=O)C2=C(C)N(CCOC3=CC=C(F)C=C3)N=N2)C2=CC=CC=C12
638,N#CC1=CC(C2=CC=CC(NC(=O)C3=CC=NN3C3=CC=CN=C3)=N2)=CC(F)=C1
639,CNC(=O)C1=CC=C(C(=O)NC2=CC=C(C3=CN4C=CC=CC4=N3)C=C2)C=C1F
640,CC1=CC(OC2=CC=NC=C2)=CC=C1NC(=O)C1=CC=C(N2C=CNC2=O)C=C1
641,O=C(NC1=CC=CC=C1C(O)C1=CC=CC=N1)C1=NOC(C2=CC=C(F)C=N2)=C1
642,CC1=CC(C(=O)NCC2=CC(OC3=CC=CC(F)=C3)=CC=N2)=NC2=C1C(=O)N(C)C(=O)N2C
643,CC1=NC2=CC=CC=C2N(CCNC(=O)C2=CC=C(SCC3=CC=CN=C3)C=C2)C1=O
644,NC(=O)CN(CC1=CC=C(C2=CC=CC=C2)C=C1)C(=O)C1=CC=C(N2C=NN=N2)C=C1Cl
645,CN1C(C(=O)NC2=CC=C(OC3=CC(C(N)=O)=CC=C3)C=N2)=CC2=C(O)C=CC=C21
646,NC1=NNC(C(=O)NCC2=CC=C(C3=CC=CC=N3)C(F)=C2)=C1C1=CC=CC=C1
647,COC1=CC(NC(=O)CNC(=O)NCC2=CC=C(C3=CC=CC=C3)C=C2F)=CC(OC)=C1
648,N#CC1=C(NC(=O)C2=C(C(F)(F)F)C(F)=CN=C2)C=CN(C2=CC=CC=C2)C1=O
649,CC1=CC2=CC(CNC(=O)C3=CC=C(NC(=O)C4=CC=CO4)C=C3)=CC=C2NC1=O
650,O=C(NCC1=CC=CC=C1CNC(=O)C1=CC=C(F)C2=NC=CC=C12)C1=CNC=C1
651,COC1=CC(C2=CC=CC=N2)=CC=C1NC(=O)C1=CC(N2C=CN=C2)=CC=C1O
652,CC1=CC=CC(CC(CO)CNC(=O)NC2=CC=C(C(=O)NCC3=CC=CC=C3F)C=C2)=C1
653,O=C(NC1=CC=CC=C1OC1=CC(F)=CC(F)=C1)C1=CC(C2=NNN=N2)=CC=N1
654,O=C(C1=CC=CC=C1)C1=CC=C(C2=NC(C3=NC(O)=CC=C3F)=NO2)C=C1
655,O=C(NCC1=CC=C2C=CC(=O)NC2=N1)C1=CC(CCC2=CC=CC=C2)=CC=C1O
656,O=C(NC1=CC=C2OC(C(F)F)=NC2=C1)C1=NN(C2=CC=C(F)C=C2)C=CC1=O
657,CC1=NC(CN)=NC=C1NC(=O)C1=CC=C(N2N=CC=C2C2=CC=C(F)C=C2)C=C1
658,O=C(CC1=CN=C2C=CC=CC2=C1)NC(C(=O)O)C1=CC=CC(C2=CC=NC=C2)=C1
659,COC(=O)C1=CC(NC(=O)C2=C(C3=CC=CC=C3)N(C)C3=CC=CC=C23)=CN=C1O
660,CC1=NN(C2=CC=CC=C2)C2=NC(C(=O)OCC3=CC=C(C(N)=O)C=C3F)=CC=C12
661,COC1=CC=NC2=CC=C(NC(=O)C3=CNC4=C(C=C(F)C(F)=C4)C3=O)C=C12
662,O=C(NC1=CN(C2=CC=CC=C2)C(=O)C=C1)C1=C(O)C2=CC=CC(Cl)=C2N=C1
663,O=C(NCC1=CN(C2=CC=C(C(F)(F)F)C=C2)N=C1)C1=CC=C2C=CN=CC2=N1
664,O=C(N[C@@H](CNC(=O)C1=CC=NC2=CC=C(F)C=C12)C1=CC=CC=C1)C1=CNC=C1
665,CC1=CC=C(CC2=CC=CC=N2)C=C1NC(=O)C1=CC(C2=CC=NC=C2)=NN=C1O
666,O=C(NCC1=CC(OC2=CC(F)=CC=C2)=CC=N1)C1=CC(N2C=CN=C2)=CC=N1
667,CC1=C(C(=O)NCC2=CC=C(C3=CNC(=O)C=C3)C=C2)OC(=O)C2=CC=CC=C12
668,O=C(NC1=CN=C2C=CC=CN2C1=O)C1=CC(C2=CC=CC=C2C(F)(F)F)=NO1
669,CC1=CN(C2=CC=C(C(=O)NC3=CC(NC(=O)C4=COC(=O)N4)=CC=C3)C=C2)C=C1
670,CN1C=CC2=CC(NC(=O)C3=NOC(COC4=CC=C(F)C=C4)=C3)=CC=C2C1=O
671,CC1=CC(NC(=O)C2=NN(C3=CC=CC=C3F)C=CC2=O)=NN1C1=CC=CC=C1
672,CN1C=CC2=CC(NC(=O)C3=CC=C(OC4=CC=CC=N4)C=C3)=CC=C2C1=O
673,COC1=CC2=C(C=C1OC)NC(COC(=O)COC1=CC=CC(OC3=CC=CC=N3)=C1)=N2
674,COC(=O)C(NC(=O)C1=CC=C(OCC2=CC=CN=C2)C=C1)C1=CC=C(F)C=C1F
675,O=C(NC1=NN(C2=CC=NC(C(F)F)=C2)C=C1)C1=CN=NC(C2=CC=CC=C2)=C1
676,CN(C(=O)CC1=CC=C(NC(=O)C2=C(N)N=CC=C2C(F)(F)F)C=C1)C1=CC=CC=C1
677,COC1=CC=CC(C2=CN=C(C(=O)OCC3=NC4=C(C=C(F)C(F)=C4)N3)N=C2)=C1
678,N#CC1=CC=CC=C1C1=CC=C(CNC(=O)C2=CC=CC(N3N=NNC3=O)=C2)C=C1
679,NC(=O)C1=CC=C(CC2=NOC(C3=CC(C4=C(F)C=C(F)C=C4F)=NO3)=N2)C=C1
680,O=C(C1=CN=NC(C2=CC=CC=C2)=C1)N(CC1=CC=CC=C1)C1=NC=NC(O)=C1
681,N#CC1=CN(C2=CC=C(NC(=O)NC3=CC=CC(C4=CN=CN=C4)=C3)C=C2)N=C1
682,CC1=CC=CC2=NC(CN(CC(N)=O)CC3=CC=C(C4=CC=CC=C4)C=C3)=CC(=O)N12
683,O=C(NC1=CC=NC(COC2=CC=CC=C2)=N1)C1=CC=NC2=CC=C(F)C=C12
684,CC1=NC(CO)=NC=C1NC(=O)C1=CC(C2=CC=CC=C2)=NC2=CC(F)=CC=C12
685,N#CC1=CC=C(F)C(CS(=O)(=O)NCC2=CC(OC3=CC=C(F)C(F)=C3)=CC=N2)=C1
686,N[C@@H](CC1=CC=C(NC(=O)C2=CC=C(N3C=CC4=CC=CC=C43)C=C2)C=C1)C(=O)O
687,COC1=CC=C2C=C(C(=O)NC3=CN(C4=CC=CC=C4)C(=O)C=C3)C=CC2=N1
688,N#CC1=CC=C(C(=O)NCC(=O)OCC2C3=CC=CC=C3C3=CC=CC=C32)C(O)=C1
689,O=C(NC1=CN=CC(C2=CC=CC=C2)=N1)C1=CN(C2=C(F)C=CC=C2F)N=N1
690,O=C(NCC1=NN=C(C2=CC=CC=C2)O1)C1=CC=NC=C1NC1=CC(F)=CC=C1
691,O=C(O)C1=CC=CC(C2=CC=CC=C2CNC(=O)C2=CC=CC=C2N2C=CN=N2)=C1
692,COCC1=CC=C(CNC(=O)C2=CNC=C2C2=CN(C3=CC=CC=C3)N=C2)C=C1F
693,O=C(NCC1=CC2=CC=CC=C2NC1=O)NC1=CC(CC2=CC=CC=C2)=CC=N1
694,O=C(NC1=CC=C(N2C=CNC2=O)C=C1)C1=CC=C(C2=CC=CC=C2F)N1
695,NC1=NN=NN1C1=CC=CC(C2=C(F)C=C(OCC3=CC=CC=C3)C=C2F)=C1
696,O=C(NCC1=CC=C(C2=CC(F)=CC=C2)O1)C1=CC=C(N2C=CNC2=O)C=C1
697,O=C(NC1=CC=C(N2C=NN=N2)C(F)=C1)C1=CC(C2=CC(F)=CC=C2)=CN=C1
698,O=C(O)C1=CC=CC(C2=CC=CC(CNC(=O)C3=CC=CC=C3N3N=CC=N3)=C2)=C1
699,CC(NC(=O)CNC(=O)C1=C(C2=CC=CC=C2)C(C2=CC=CC=C2)=NNC1=O)C1=CC=CC=N1
700,O=C(NC1=CC=C(C2=CC(=O)N3C=CC=C(OCC4=CC=CC=C4)C3=N2)C=N1)C(F)(F)F
701,O=C(CN1C=NC2=CC=C(F)C=C2C1=O)OCC1=COC(C2=CC=CC(C(F)(F)F)=C2)=N1
702,CN1C=CC(C(NS(=O)(=O)C2=CC=CC=C2C(=O)C2=CC=CC=C2)C2=CC=C(F)C=C2)=N1
703,CN1C(=O)NC2=CC(C(=O)NCC3=CC=CC(C(=O)OCC4=CC=CC=C4)=C3)=CC=C2C1=O
704,NC(=O)CN(CC1=CC=C(C2=CC=CC=C2)C=C1)C(=O)CCC(=O)C1=CC=C(F)C(F)=C1
705,O=C(NC1=NC(C2=CC(F)=CC(F)=C2)=CC=N1)C1=CN=CN1C1=CC(F)=CC=C1
706,NC(=O)C1=CC=C(CC(=O)NCC2=CC=C(C3=CC=C4C=CC=CC4=C3)C=C2)C=N1
707,O=C(NC1=NN(C2=CC=C(F)C=C2)N=C1)C1=CC(C2=CC=CC=C2F)=CN=C1O
708,CN(CCOC1=CC=CC(C#N)=C1)C(=O)C1=CN(C2=CC=CC=C2)N=C1C1=CC=NC=C1
709,COC(=O)C1=CC=C2N=C(C(=O)NC3=CC=C(N4C=CC=CC4=O)C=C3)C=CC2=C1
710,O=C(NC1=CC=C(OCC2=CC=CC=C2F)C=C1)C1=CC=C2C(=O)NN=CC2=C1
711,O=C(NCC1=CC=C(C2=CC(F)=CC=C2)O1)C1=CC=C(C2=NNC(=O)C=C2)C=C1
712,CN1N=C(CC2=CC=CC=C2)C=C1NC(=O)C1=CN(C2=CC=C(F)C=C2)C(=O)C=C1
713,N#CCN1C=C(C(=O)N(CC(N)=O)CC2=CC=C(C3=CC=CC=C3)C=C2)C2=CC=CC=C21
714,O=C(NCC(O)C1=CC=C2C=CC=CC2=C1)NC1=CC=CN(C2=CC=CC=C2)C1=O
715,CC1=CN2C=C(COC3=CC=CC=C3C(=O)OCC3=CC=C(C(N)=O)C=C3F)N=C2C=C1
716,N#CC1=CC(C2=CC=NC=C2)=CC(NC(=O)C2=CC(=O)NC3=CC=C(F)C=C23)=C1
717,O=C(NC1=NN(C2=CC(F)=CC(F)=C2)C=N1)C1=CC=CC=C1OC1=CC=NC=C1
718,O=C(NCC1=CC=C2C=CNC2=N1)C1=C(C(=O)C2=CC=CC=C2)C=C(F)C(F)=C1
719,NC1=CC(F)=CN=C1C(=O)NC1=CC(NC(=O)C2=CC=CC3=NC=CC=C23)=CC=C1
720,N#CC1=CN(C2=CC=C(NC(=O)C3=NOC(C4=CC=C(F)C(F)=C4)=C3)C=C2)N=C1
721,CC1=CN(C2=CC=C(C(=O)NC3=C(C#N)C(=O)N(C4=CC=CC=C4)C=C3)C=C2)N=C1
722,O=C(NC1=CC=CN(C2=CC=CC=C2)C1=O)C1=CC2=NC(C(F)(F)F)=CN2C=C1
723,O=C(NCC1=CC=C(OC2=CC(F)=CC=C2)C=C1)C1=CC=C2C=NNC(=O)C2=C1
724,N#CC1=C(NC(=O)C(F)(F)C2=CC(F)=CC=C2F)C=CN(C2=CC=CC=C2)C1=O
725,O=C(NC1=CC=C(F)C=C1)C1=CC=CC(NCC2=CC=C3C(=O)C=CNC3=C2)=N1
726,COC1=CC=CC(OC2=NC=CC=C2CNC(=O)NCCC2=CC=C(N3C=CC=N3)C=C2)=C1
727,CN1C(C(=O)NCC2=CC=CC(N3C=CC=N3)=C2)=CC=C1C(=O)C1=CC=CC=C1F
728,O=C(NC1=CC=CC=C1)C1=CC=C(COC(=O)C2=CC=NN2C2=CC=CN=C2)C=C1
729,O=C(NC1=CC=CN(C2=CC=CC=C2)C1=O)C1=CC=C(NC2=NC=CC=N2)C=C1
730,O=C(NC1=CC=C(F)C(C(=O)C2=CNC3=CC=CC=C23)=C1)C1=CC(CO)=CN=C1
731,CC1=CC=C(CN2C=CC=C(NC(=O)C3=CC=C(OCC4=NC=CN4C)C=C3)C2=O)C=C1
732,O=C(NC1=C(C(F)F)N(C2=CC=NC=C2)N=C1)C1=CC=C(C2=CN=CN=C2)C=C1F
733,CC1=CC=CC=C1OCC(=O)NC1=CC=C2N=CN(C3=CC(O)=CC=C3)C(=O)C2=C1
734,O=C(C1=CC=CC=C1)C1=CC(C2=CC=C3OC(=O)NC(=O)C3=C2)=CC=C1F
735,CN1C(=O)C(CNC2=NC(C(=O)NC3=CC=C(F)C=C3)=CC=C2)=CC2=CC=CC=C21
736,O=C(COC1=CC=CC(OC2=CC=CC=N2)=C1)N1CCN(C(=O)C2=CC(F)=CC=C2F)CC1
737,NC(=O)C1=CC=CC=C1OC1=CC=C(NC(=O)C2=CC=NN2C2=CC=NC=C2)C=C1
738,CN(C(=O)C1=CC=CN(CC2=CC(F)=CC=C2)C1=O)C1=CN=CC2=CC=CC=C12
739,O=C(NC1=NC(C2=CC(F)=CC(F)=C2)=CC=N1)C1=CC=CC2=CC=C(O)N=C12
740,O=C(NC1=CC=C(F)C=C1)C1=CC=CC(NCC2=CNC(=O)C3=CC=CC=C23)=N1
741,CN1C(C(=O)NC2=CC=C3OC=CC(=O)C3=C2)=CC=C1C(=O)C1=CC=CC=C1F
742,O=C(NCC1=CC=CC(C2=CC=CN=C2)=C1)C1=C(C(F)F)N(C2=CC=NC=C2)N=C1
743,CC(NC(=O)C1=CC=C2C=CC(=O)NC2=N1)C1=CC=C(C2=CC=CC(C#N)=C2)C=C1
744,O=C(NC(C(=O)CC1=CC=CC=C1)C1=CC=CC=C1)C1=CC2=NC=C(O)N=C2C=C1
745,CN1C=CC2=CC(NC(=O)C3=CC=C(C4=CC=NC=C4)C(F)=C3)=CC=C2C1=O
746,O=C(NC(CC1=CC=C(F)C=C1)C1=CC=C(F)C=C1)C1=CC=CC2=C1NC(=O)N2
747,O=C(CN1C=CC=C1)NC1=CC(CNC(=O)C2=CC=C(F)C3=NC=CC=C23)=CC=C1
748,N#CC1=CN(C2=CC=C(NC(=O)C3=NC4=CC(F)=CC(F)=C4C=C3)C=C2)N=C1
749,CC1=CN2C(C(=O)NCC3=CC=C(C(=O)NC4=CC=C(F)C=C4)C=C3)=CN=C2C=C1
750,COC(=O)C(NC(=O)C1=CC(=O)C(OCC2=CC=CC=C2)=CO1)C1=CC=C(F)C=C1F
751,COC1=CC=CC=C1OCC(=O)NC1=CC=CC(NC(=O)C2=CN=C3C=CC(C)=CN23)=C1
752,O=C(NC1=CC(NC(=O)C2=CN=CN2)=CC=C1)C1=CC=CC(CC2=CC=CC=N2)=C1
753,O=C(OCC1=CC=C(N2C=CC=N2)C(F)=C1)C1=NN(C2=CC(F)=CC=C2)C=C1
754,O=C(O)C1=CN=C2N=C(NC(=O)C3=CC(CC4=CC=CC=C4)=CC=C3O)C=CC2=C1
755,CNC(=O)C1=CC=C(C(=O)NC2=CC=CC(CC3=NC4=CC=CC=C4N3)=C2)C=C1F
756,O=C(NCC1=CC=C(C2=CC=NC=C2)N=C1)C1=CC=C2C=C(F)C(F)=CC2=N1
757,O=C(NC1=CC(O)=NN1C1=CC=C(F)C=C1F)C1=C(F)C2=CC=CN=C2C=C1
758,O=C(NCCC1=CC=CN2C=CN=C12)C1=CC=CC=C1C(=O)C1=CC=C(F)C=C1
759,N#CC1=CC=CC=C1C1=CC=C(C(=O)NCC2=CC=NC=C2C2=NNC=C2)C=C1
760,O=C(NC1=CC=CC(NC(=O)C2=C(F)NN=C2)=C1)C1=CC2=CC=C(F)C=C2C=N1
761,N#CC1=CC(F)=CC=C1C(=O)NC1=CC(NC(=O)C2=CC3=CC=NN3C=N2)=CC=C1
762,CC1=CC=CC(N2N=CC(C(=O)NCC3=CC(OC4=CC=CC(F)=C4)=CC=N3)=N2)=C1
763,NC1=NNC(C(=O)NCC2=NC=CC=C2C2=CC=C(F)C=C2)=C1C1=CC=CC=C1
764,N#CC1=C(F)C(F)=CC(C(=O)NC2=CC(NC(=O)C3=CC=CC(=O)N3)=CC=C2)=C1
765,NC(=O)C1=CC(NC(=O)C2=CC=CC(CC3=CC=CC=N3)=C2)=NC2=CC=CC=C12
766,CC(OC1=CC=C(C(=O)NCC2=CC=C3C=CC(=O)NC3=N2)C=C1)C1=CC=CC=C1
767,COC(=O)C1=CC=C2C=C(N(C)C(=O)C3=CC(=O)N(C4=CC=CC=C4)N3)C=CC2=C1
768,O=C(NC1=CC=CN=C1)C1=CC=C(CNC(=O)C2=CC=C3C=CN=C(O)C3=N2)C=C1
769,O=C(OCC1=COC(C2=CC(C(F)(F)F)=CC=C2)=N1)C1=CN=C(N2C=CC=N2)C=N1
770,O=C(NCCN1C=CC(=O)C=C1)NC1=NC(C2=CC=CC=C2)=C(C2=CC=CC=C2)O1
771,CC1=C(C(=O)NC2=NN(C3=CC=C(F)C(F)=C3)C=N2)C(C2=CC=C(F)C=C2)=NO1
772,O=C(NCC1=NOC(COC2=CC=CC=C2F)=C1)NCC1=NC=CN1CCC1=CC=CC=C1
773,O=C(NC1=CN(C2=CC=CC=C2)C(=O)C=C1)C1=NN2C(C(F)(F)F)=CC=NC2=C1
774,CCC1=C(C(=O)NC2=CC(=O)N(C3=CC=CC=C3)N=C2)C=C(CC2=CC=CC=C2)N1
775,CN(C)C(=O)C1=CC(OC2=CC=C(NC(=O)C3=CC=NC(C4=NNC=C4)=C3)C=C2)=CC=N1
776,CC1=CC=CN(CC2=C(F)C=CC=C2NC(=O)C2=NC(N)=CC3=CC=CC=C23)C1=O
777,O=C(NC1=CC=C(F)C(C2=NNC=N2)=C1)C1=NN(C2=CC=CC=C2F)C=CC1=O
778,N#CCC1=CC=C(OCC2=CC(NC(=O)C3=CC4=CC=CN4C(=O)N3)=CC=C2)C=C1
779,CN1C=C(NC(=O)NCC2=CC=C(C3=CC=C4C=CC=CC4=C3)C=C2)C(=O)NC1=O
780,O=C1NC=CN1C1=CC=C(C2=CC(OCC3=CC=CC=C3)=CC=C2F)C=N1
781,CN(CC1=NNC(C2=CC=CC=C2)=N1)C(=O)C1=CC=NC=C1OC1=CC=C(F)C=C1
782,O=C(O)C1=CC=CC(C2=CC=CC=C2CNC(=O)C2=CNC(C3=CC=NC=C3)=N2)=C1
783,O=C(NCC1=CNN=C1C(=O)O)C1=CC=C(C=CC2=CC=C3C=CC=CC3=N2)C=C1
784,COC1=CC=C2C(O)=C(C(=O)NCC3=CC=CC(C4=CC=CC=N4)=C3)C=NC2=C1
785,N#CC1=NC=C(C2=CC(C3=NN(C4=CC=NC=C4)C=C3C(=O)O)=CC=C2)C=C1F
786,O=S(=O)(NC1=CC=C(C2=CC=C(F)C=C2)N=N1)C1=CC=C(F)C2=CN=CC=C12
787,COC1=CC=CC2=C1NC(C(=O)NCC1=NC=CC=C1C1=CC=CC=C1)=C(C)C2=O
788,COC(=O)C1=CNN=C1C(=O)NCC1=CC=C(C2=CC=C3C=CC=CC3=C2)C=C1
789,O=C(NC1=CN(C2=C(F)C=CC=C2F)N=C1)NC1=NC=CC(C2=CC=NC=C2)=N1
790,COC1=CC=C(C2=CNC(CNC(=O)C3=CC=C4C=C(F)C(F)=CC4=N3)=N2)C=C1
791,CN1N=CN=C1C1=CC=CC(NC(=O)C2=NOC(C3=C(F)C=C(F)C=C3F)=C2)=C1
792,CC1=CC=CC(COC2=CC=CC=C2C(=O)NCC2=CC=C3C=CC(=O)NC3=N2)=C1
793,CN1C=NC2=CC=CC(CNC(=O)C3=CC=NC(OC4=CC=C(F)C=C4F)=C3)=C21
794,O=C(COC1=CC(F)=CC=C1)NC1=NC(C2=CC=CC=N2)=NN1C1=CC=CC=C1
795,CC1=C(F)C=CC2=C1NC=C(C(=O)NCC1=CN=CC(C3=CC=CN=C3)=C1)C2=O
796,O=C(NC1=CC2=CC(F)=CC=C2C=N1)C(F)(F)N1C=C(C2=CC=CC=C2)N=N1
797,N#CC1=CN(CCNC(=O)CSC2=NN=C(C3=CC=C(F)C=C3)N2C2=CC=CC=C2)N=C1
798,O=C(NC1=CC(C(F)(F)F)=CNC1=O)C1=C(C2=CC=C3C=CC=CC3=N2)OC=N1
799,CC1=NN(C2=CC=CC=C2)N=C1CNC(=O)C1=CC(C2=CC(CN)=CC=C2)=CC=C1
800,O=C(NC(CO)C1=CC=CC(F)=C1F)C1=CC(OC2=CC=CC=C2)=CC=C1O
801,O=C(NC(CC1=CC=CC=N1)C1=CC=CC=N1)C1=CC=CC(OC2=CN=CC=N2)=C1
802,NC1=NC=NC=C1CNC(=O)C1=CC=CC=C1NC(=O)C1=CC=C(OC2=CC=CC=C2)C=C1
803,N#CC1=CC(C2=CC=NC=C2)=CC(NC(=O)C2=CNC3=CC(F)=CC(F)=C3C2=O)=C1
804,O=C(OC(C1=CC(F)=CC=C1)C1=CC=CC=N1)C1=CC(=O)N(C2=CC=CC=C2)N=C1
805,NC(=O)C1=CC=CC=C1OCC1=CC=CC(C(=O)NCC2=C(C3=CC=CC=C3)OC=N2)=C1
806,CN(CCOC1=CC=CC(C#N)=C1)C(=O)C1=CC=C2C(=O)N(C3=CC=CC=C3)C(=O)NC2=C1
807,N#CC1=CC2=CC=CC=C2C(C(=O)NC2=C(C#N)C(=O)N(C3=CC=CC=C3)C=C2)=C1
808,O=C(OC(C1=CC(F)=CC=C1)C1=CC=CC=N1)C1=CC=CC(C2=NNC(=O)C=C2)=C1
809,O=C(O)C1=CN(C2=CC=C(C3=CC=C(CN4C=CC=CC4=O)C=C3)C=C2)C(=O)C=C1
810,NC(=O)CN(CC(=O)NCC1=CC=CC=C1C(F)(F)F)CC1=CC=C(C2=CC=CC=C2)C=C1
811,N#CC1=CC=CC=C1SC1=CC=C(NC(=O)C2=CC=C3C=NNC(=O)C3=C2)C=C1
812,CC1=CC(NC(=O)C2=CC=C(NC(=O)C3=CC=C4C(=O)N(C)C(=O)NC4=C3)C=C2F)=CC=N1
813,O=S(=O)(NCC1=CC(OC2=CC=C(F)C(F)=C2)=CC=N1)C1=CC=CC2=CN=CC=C12
814,O=C(NC1=NN(C2=CC=C(F)C(F)=C2)C=N1)C1=NN(C2=CC=C(F)C=C2F)C=C1
815,NC(=O)C(NC(=O)C1=CC=C(C2=CC=CC=C2F)N1)C1=CC=C2C=CC=CC2=C1
816,N#CC1=CC=CC=C1OCC1=CC(C(=O)NC2=CC=C3C(=O)NC=NC3=C2)=CC=C1
817,N#CC1=CC(C(=O)NC2=CC=CC=C2C2=CC=C3C=CC=CC3=C2)=C(N)NC1=O
818,O=C(NCC1=CC=C(C2=CNC(=O)C=C2)C=C1)NC1=CC(C2=CC=CN=C2)=CC=N1
819,N#CC1=CC=C(COC(=O)C2=CC(=O)N(C3=CC=CC=C3)N=C2)C2=CC=CC=C12
820,N#CC1=CN(C2=CC=C(NC(=O)C3=CC(C4=CC=C(F)C=C4F)=NO3)C=C2)N=C1
821,O=C(NC1=CC(=O)N(C2=CC=CC=C2)C=C1)C1=CN2C=CC=C(C(F)(F)F)C2=N1
822,O=C(OCC1=CC=CC=C1)C1=CC=C(CNC(=O)C2=CN(CC3=CC=CN=C3)N=N2)C=C1
823,O=C(NC1=CC=C(C2=CC(=O)NN2)C=C1)C1=CC=NC=C1OC1=CC=C(F)C=C1
824,NC(=O)C1=CC=C(COC2=CC=C(C3=CC=CC(N4C=NC=N4)=C3)C=C2)C(F)=C1
825,NC1=NN(CC2=CC=CC=C2)C=C1C(=O)NCC1=CC(C2=CC(O)=CC=C2)=CC=C1
826,COC(=O)C1=CN2C=C(C(=O)NC3=CC(C#N)=CC(C4=CC=CC=C4)=C3)N=C2C=C1
827,COC1=CC=CC(C(NC(=O)C2=CN(CC3=CC=CN=C3)N=N2)C2=CC(F)=CC=C2OC)=C1
828,O=C1C=CC=CN1C1=CC=C(NCC2=CN(CC3=CC=CC=C3F)N=C2)C(F)=C1
829,O=C(NCC1=CC2=CC=CC=C2NC1=O)C1=CC(C2=C(F)C=C(F)C=C2F)=NO1
830,O=C(NCC1=CN=CC(C2=CC=CN=C2)=C1)C1=NC2=CC(F)=CC(F)=C2C=C1
831,CN(C(=O)C1=CC=CN(CC2=CC(F)=CC=C2)C1=O)C1=CC=NN1C1=CC=CC=C1
832,FC1=CC=C(OC2=CC=NC(CNCC3=NN(C4=CC=CC=C4)N=C3)=C2)C=C1F
833,COC(=O)C1=NC=CC2=C(S(=O)(=O)NC(C)C3=CC=C(C4=CC=CN=C4)C=C3)C=CC=C12
834,O=C(NCC1=CC=CC(C2=CC=CC=N2)=C1)C1=CC(=O)C2=CC(F)=CC=C2O1
835,NCC1=CC=CC2=CC=C(C(=O)NCC3=CC=C(C4=CNC(=O)C=C4)C=C3)C=C12
836,COC(=O)C1=CC(F)=C(C2=NOC(C3=CC(=O)NC4=CC(F)=CC=C34)=N2)C(F)=C1
837,C=CC1=C(CNC(=O)C2=CC=C(N3N=CC=C3C3=CC=C(F)C=C3)C=C2)N(C)N=C1
838,O=C(NC1=CN=C2C(F)=CC=CC2=N1)C1=CC(=O)C(OCC2=CC=CC=C2)=CO1
839,O=C(O)C1=CN(C2=CC=C(C3=C(F)N(C4=CC=CC=C4)N=C3)C=C2)C(=O)C=C1
840,O=C(CC1=CC=C(OCC2=CC=CC=N2)C=C1)NC1=CN=C2C(F)=CC=CC2=N1
841,CN1C(C(=O)C2=CC=CC=C2F)=CC=C1C(=O)N(CC1=CN=CN1)C1=CC=CC=C1
842,O=C(NCC1=CC=CC=C1OC1=CC=CC=N1)C1=NOC(C2=CC(F)=CC=C2)=N1
843,CC1=CC(OCC2=CC=CN=C2)=CC=C1NC(=O)CN1C=CC2=CC=CC=C2C1=O
844,O=C(NC1=NN(C2=CC(F)=CC(F)=C2)C=N1)C1=CC=C(COC2=CC=CC=C2)O1
845,COC1=CC=CC(CC(NC(=O)C2=NC3=CC=CC=C3NC2=O)C2=CC=CC=C2)=C1
846,N#CC1=CC=NC=C1N(CC1=CC=CC=C1)C(=O)CC1=NN(C2=CC=CC=C2)C=C1
847,O=C(N=S(=O)(C1=CC=CC=C1)C1=CC=NC=C1)C1=COC(=O)C2=CC=CC=C12
848,O=C(NC(CC1=CC=CC=C1)C1=CC=NC=C1)C1=CNC2=CC=C(F)C=C2C1=O
849,O=C(NCC1=NC=CC=C1C1=CC=CC=C1)C1=NN(C2=CC=CC=C2)C(=O)NC1=O
850,COC(=O)C(NC(=O)C1=CN(C2=CC(C)=CC=C2OC)C(=O)C=C1)C1=CC=C(F)C=C1F
851,COC(=O)C1=NC=CC2=CC(NC(=O)C3=C(C(=O)C4=CC=CC=C4)N=CN3)=CC=C12
852,O=C(NCC1=NOC(C2=CC=C(F)C=C2)=N1)C1=CC(=O)C2=CC(F)=CC(F)=C2N1
853,O=C(OCC1=CC=C(C2=CC=CC=N2)N=C1)C1=CC2=C(NC(=O)C=C2)C(F)=C1
854,O=C(NC1=CC(=O)N(C2=CC=CC=C2)C=C1)C1=CC=C(F)C2=CN=CC=C12
855,O=C(CC1=CC=C2OC=NC2=C1)NCC1=CC(OC2=CC=C(F)C(F)=C2)=CC=N1
856,CN1N=C(C2=CC=CC=C2)C(C#N)=C1C(=O)NCC(O)C1=CC=C2C=CC=CC2=C1
857,COC1=CC=CC=C1NC1=CC=C(C(=O)NCC2=CC=C3C=CC(=O)NC3=N2)C=C1
858,N#CC1=CC=CN=C1OC1=CC=C(NC(=O)C2=C3C=CN=CC3=NC(O)=C2)C=C1
859,O=C(NC1=CC=C(CCC(O)C2=CC=CC=C2)C=C1)C1=CC=CC2=C1C=NNC2=O
860,O=C(COC1=CC=CC(OC2=CC=CC=N2)=C1)OCC1=CN=NN1C1=CC=CC=C1
861,CC1=C(C(=O)NC(C(N)=O)C2=CC=C3C=CC=CC3=C2)C=CN1CC1=CC=CC=C1
862,CC1=NC(NC(=O)C2=NN(C3=CC=CC=C3F)C=CC2=O)=NC2=CC=CC(F)=C12
863,O=C(NC1=CC=C(OC2=CC=C(CO)C=C2)C=C1)C1=CC=NN1C1=CC=CN=C1
864,O=C(NCC1=CC=C(OC2=CC=C(F)C=C2)N=C1)C1=CC=NN1C1=CC=CN=C1
865,N#CC1=CN2C(C(=O)NCC3=CC(OC4=CC(F)=CC=C4)=CC=N3)=CN=C2C=C1
866,CC1=CC(C(=O)NC2=CC=C(C3=CC=NC=C3)N=C2)=NN1C1=CC=CC(C#N)=C1
867,O=C(NC1=CC=CC=C1COCC1=CC=CC=C1)C1=CC(=O)N2C=CC=CC2=N1
868,"O=C(N[C@H]1C2=CC=CC=C2OC[C@H]1O)C1=CC(F)=C(OC2=CC=CC=C2)C(F)=C1 |&1:3,12|"
869,CC1=CN(C2=CC=C(F)C=C2)N=C1NC(=O)C1=CN(C2=C(F)C=CC=C2F)N=N1
870,O=C(NC1=CC(=O)NC2=CC=NC=C12)C1=CC=C(OC2=CC=C(F)C=C2)N=C1
871,CC(NC(=O)C1=CC=CC(CC2=CC=CC=N2)=C1)C1=CN(C2=CC=C(F)C=C2)N=N1
872,COC1=CC2=CC=C(C(=O)NCC3=CN=C(C4=CC=CC=C4)C=N3)N=C2C=C1F
873,N#CC1=NC(CCNC(=O)C2=CC(F)=C(F)C=C2C(=O)C2=CC=CC=C2)=CC=C1
874,CN1C=C(CNC2=CC=C(C(=O)NC3=CC=CN(C4=CC=CC=C4)C3=O)C=C2)C=N1
875,COC1=CC=C(C2=CC=C(C(=O)NC3CCCN(C4=CC=CN=C4)C3=O)C(F)=C2)C(F)=C1
876,N#CC1=CC=C(OC2=CC=C(NC(=O)C3=CN=C(O)C4=CC=NC=C34)C=N2)C=C1
877,O=C(NCC1=CC=CN=C1OC(F)F)C1=CC=C(N2C=NC3=CC=CC=C32)C=C1
878,CNC(=O)COC1=CC=CC(CNC(=O)C2=CN(C)C3=CC=C(C4=CC=CC=C4)N=C23)=C1
879,CC1=CC=C(N2C=CC(CNC(=O)C3=NN(C4=CC(F)=CC=C4F)C=C3)=N2)C=C1
880,NCC1=CC=CC(C2=CC=C(C(=O)NC3=CC=C(N4C=NN=N4)C(F)=C3)C=C2)=C1
881,COC1=CC=CC=C1C(=O)CNC(=O)CSC1=NC=CN1C1=CC=C(C(F)(F)F)C=C1
882,C1=CC=C(COC2=CC=C(COC3=CC=CC(C4=NC=CC=N4)=N3)C=C2)N=C1
883,CC1=NC=CC(C(=O)NC2=CC(NC(=O)C3=CN=CC4=CC=CN=C34)=CC=C2)=C1O
884,COC1=CC=CC(CC(NC(=O)C2=CC=C(CC3=NN=CN3)C=C2)C2=CC=CC=C2)=C1
885,O=C1C=NC2=CC(S(=O)(=O)NC3=CC=C(F)C(C4=CC=CC=C4)=C3)=CC=C2N1
886,CC1=CC(C(=O)NC2=CC=C(N3C=CC(=O)N3)C=C2)=CC=C1C1=CC=NC=C1
887,COC1=CC=C(C)C=C1N1C=C(C(=O)NCC2=CC=CC(C3=CC=CC=N3)=C2)C=CC1=O
888,O=C(NC1=CC(=O)N(C2=CC=CC=C2)N=C1)C1=CC(C2=CC=CC=N2)=CC(F)=C1
889,O=C(NC1=CN(C2=CC=CC=C2)C(=O)C=C1)C1=NOC(C2=CC(F)=CC(F)=C2)=N1
890,O=C(CN1C=CC=C(C(F)(F)F)C1=O)NCC1=CC(OC2=CC=C(F)C(F)=C2)=CC=N1
891,CN(CCOC1=CC=CC(C#N)=C1)C(=O)NC1=CC=C(C(=O)NCC2=CC=CC=C2F)C=C1
892,O=C(NCC1=CC=CC(C2=CC=CN=C2)=C1)C1=NN(C2=CC=CC(F)=C2)C=C1O
893,CC1=C(C(=O)NCC2=CC=CC(C3=CC=CC=N3)=C2)N=NN1CCOC1=CC=C(F)C=C1
894,O=C(NC1=CC=C(N2C=CC=N2)C(F)=C1)NC1=CC=CN(C2=CC=CC=C2)C1=O
895,O=C(CC1=CC=C2C=CN=CC2=C1)NC1=CC(NC(=O)C2=CC=CC(=O)N2)=CC=C1
896,CC1=CC=CC(CN2C=CC=C(C(=O)NC(C3=CC=C(F)C=C3)C3=NN(C)C=C3)C2=O)=C1
897,O=C(NC1=CC=C(OC2=CC=CC=C2)N=C1)C1=CC(=O)NC2=CC=C(F)C=C12
898,CN1C(=O)NC2=CC(C(=O)NC3=CC(F)=CC=C3NC(=O)C3=CC=CC=N3)=CC=C2C1=O
899,O=C(NC1=CC=NC(OC2=CC=C(F)C=C2F)=C1)C1=CC=NN1C1=CC=NC=C1
900,N#CC1=C(NC(=O)NC2=CC=C(C3=CNC=N3)C=C2)C=CN(C2=CC=CC=C2)C1=O
901,COC1=CC=CC=C1C1=CNC=C1C(=O)NCC1=CC=C(C2=CNC(=O)C=C2)C=C1
902,O=C(NC1=CN(C2=CC=CC=C2)C(=O)C=C1)C1=CNC2=CC=C(F)C=C2C1=O
903,O=C(NC1=CC=C(F)C(C(=O)C2=CNC3=CC=CC=C23)=C1)C1=C(F)C(O)=NC=N1
904,O=C(NCC1=CC=CC(N2C=CN=C2)=C1)C1=NOC(C2=C(F)C=C(F)C=C2F)=C1
905,COC1=CN=C2C=CC(C(=O)NC3=NC(C4=CC(F)=CC(C#N)=C4)=CC=C3)=CC2=N1
906,O=C(NC1=CC=C(N2C=CN=C2)C(F)=C1)NC1=CN(C2=CC=CC=C2)C(=O)C=C1
907,O=C(NC(C1=CC(C(F)(F)F)=CC=C1)C1=NN=CN1)C1=CC(NC2=CC=CC=C2)=NC=N1
908,O=C(NC1=CON=C1C1=CC=CC=C1)C1=CN(C2=CC(F)=CC=C2)C(=O)C=C1
909,COC(=O)C1=CC(NC(=O)COC2=CC=CC(OC3=CC=CC=N3)=C2)=CC2=C1C=CN2
910,COC1=CC(C(=O)OCC2=CC=C(C(N)=O)C=C2F)=CC(OC)=C1OCC1=CC=CC=C1
911,CN1C=C(C(=O)NCC2=CC=C(C3=CC=C(C4=CC=CC=C4)C=C3)C=C2)N(C)C1=O
912,N#CC1=CC(C(=O)NCC2=CC=C(C3=CC=CC=C3C3=NN=NN3)C=C2)=CC=C1F
913,CN(C(=O)C1=CC=C(C2=CC=CN=C2)C=N1)C1=NC=C(OCC2=CC=CC=C2)C=N1
914,O=C(NC1=CN=C2C=CC=NC2=C1)C1=CC=C(C(=O)C2=CC(O)=CC=C2)C=C1
915,O=C(COC1=CC=CC(OC2=CC=CC=N2)=C1)OCC1=CC(=O)N2C=C(Cl)C=CC2=N1
916,COC1=CC=CC(C(=O)C2=CC=C(C(=O)OCC3=CC=C4C(=C3)OC(=O)N4C)C=C2)=C1
917,NC(=O)CN(CC1=CC=C(C2=CC=CC=C2)C=C1)C(=O)CC1=CC2=CC=CC=C2O1
918,CN1C=CC(CNC2=CC=C(C(=O)NCC3=CC=CC=C3OC3=CC=CC=N3)C(O)=C2)=N1
919,CC1=CC(C2=NC=CN2)=CC=C1NC(=O)C1=CN(C2=CC=CC=C2F)C(=O)C=C1
920,COC1=CC=C(C(=O)NC2=CC(F)=CC=C2C(=O)NCC2=C3C=CC=CN3C(C)=N2)C=C1
921,NCC(NC(=O)C1=CC(F)=C(F)C=C1C(=O)C1=CC=CC=C1)C1=CC=CC=C1F
922,O=C(NC1=CC(C2=CC=CC=C2)=CC(C(F)(F)F)=C1)C1=CNC(=O)C2=CC=NN12
923,COC1=CC=C2NC(=O)C(COC(=O)C3=CC=CC(CC4=CC=CC=N4)=C3)=CC2=C1
924,CC(NC(=O)NC1=CC=C(OC2=CC=CC(F)=C2F)N=C1)C1=NN=NN1C1=CC=CC=C1
925,O=C(CNC(=O)C1=C(O)C2=CC=CC=C2N=C1)NC1=CC=CC(C2=NOC(C(F)F)=N2)=C1
926,N#CC1=CC(N2C=CC(C(=O)NC(C(N)=O)C3=CC=C4C=CC=CC4=C3)=N2)=CC=C1
927,O=C(NCC1=C(C2=CC=C(F)C=C2F)OC=N1)C1=CN=CN1C1=CC(F)=CC=C1
928,CC1=CC=CC(CC(CO)CNC(=O)NCC2=CN(C3=CC=CC=C3)N=C2C2=CC=NC=C2)=C1
929,O=C(NC1=NN(C2=CC=C(F)C(F)=C2)C=N1)C1=C(F)N(C2=CC=CC=C2)N=C1
930,O=C(NC1=CC=C(OCC2=CC=CC=C2F)C=C1)C1=CC=C(C2=NNC=N2)N=C1
931,O=C(NCC1=CC=C(NC(=O)C2=CC=CC=C2O)C=C1)C1=CN(C2=CC=CN=C2)N=N1
932,O=C(NCC1=CN(C2=CC=C(Cl)C=C2)N=C1)C1=CC=C(C2=CN=CN=C2)C=C1F
933,O=C(NC1=CN(C2=CC=CC=C2)C(=O)C=C1)C1=CN=C2C(F)=CC=CC2=C1
934,O=C(NC1=CC=C(C2=CC=CC=C2F)N=N1)NC1=NN(C2=CC=C(F)C=C2)N=C1
935,NCC1=CN2C=C(C(=O)NC3=CC=C(OC4=C(F)C(F)=CC=C4)N=C3)C=CC2=N1
936,O=C(NC1=CN(C2=C(F)C=CC=C2F)N=C1)C1=NOC(C2=CC=CC=C2O)=C1
937,CCC1=CC=CC(OC2=CC=C(C(=O)NCC3=CC(=O)N4C=CC=CC4=N3)C=C2)=C1
938,O=C(CN1C=C(F)C=CC1=O)OCC1=NC2=CC(F)=CC=C2N1C1=CC=CC=C1
939,COC1=CC=C2NC(C(=O)NC3=CC(CC4=CC=CC=C4)=CC=N3)=CC(=O)C2=C1
940,O=C(NCC1=CN=C(C2=CC=CC=C2)C=N1)NC1=NC=C(C2=CC(F)=CN=C2)C=N1
941,O=C(NCCC1=CC=C(O)C(CO)=C1)C1=CC=C(N2C=CC3=CC=CC=C32)C=C1
942,NC(=O)C(NC(=O)NC1=CN=C2C(F)=CC=CC2=C1)C1=CC=C2C=CC=CC2=C1
943,CC(C(=O)NC1=NN(C2=CC=CN=C2)N=C1)C1=CC=CC(C(=O)C2=CC=CC=C2)=C1
944,N#CC1=CC=CC=C1OC1=CC=C(NC(=O)CC2=CC=C(C3=NN=CN3)C=C2)C=N1
945,O=C(NCC1=CC=C(N2C=CN=C2)C=N1)C1=CN(C2=CC(F)=CC=C2)C(=O)C=C1
946,COC(=O)C1=CC=C2C=CC=C(CNC(=O)CC3=NN(C4=CC=CC=C4)C=C3)C2=C1
947,N#CC1=CC=CC=C1SC1=CC=CC=C1C(=O)NC1=CC2=C(C=N1)NC=NC2=O
948,C=CC1=CC=C(C(=O)NCC2=CC=CC=C2N2C=C(C3=CC=NC(N)=C3)N=N2)C=C1
949,N#CC1=CC(C2=CC=NC=C2)=CC(NC(=O)NC2=CN(C3=CC=CC=C3)N=N2)=C1
950,N#CC1=CC(CC2=CN=C(NC(=O)CNC(=O)C3=C(O)C4=CC=CC=C4N=C3)S2)=CC=C1
951,O=C(NCC1=CC=NC=C1)C1=CC=C(NC(=O)C2=CC=CC3=C2C=NNC3=O)C=C1
952,N#CC1=CC=C([C@@H](O)C(=O)NC2=CC=C(OC3=NC4=CC=CC=C4O3)C=C2)C=C1
953,COC(=O)C1=CC=CC(C2=CC=CC=C2CNC(=O)C2=CC=C3NN=C(O)C3=C2)=C1
954,COC1=CC=CC=C1N1C=C(C2=CC(NC(=O)C3=CC=CN=C3)=CC=C2F)N=N1
955,O=C(CN1C=NC2=CC=C(F)C=C2C1=O)NC(C1=CC=CC(C(F)(F)F)=C1)C1=NN=CN1
956,O=C(NC1=CC=CC(C2=CN=CN=C2)=C1)NC1=NN(C2=CC(F)=CC(F)=C2)C=N1
957,O=C(NCC1=CN(C2=CC=CC=C2C2=CC=CC=C2)N=N1)C1=CC(F)=CN=C1O
958,CN1C=C(CCC(=O)NC2=C(C#N)C(=O)N(C3=CC=CC=C3)C=C2)C2=CC=CC=C21
959,CN1C(C2=CC=C(C(=O)NC3=CC=C(OCC4=CC=CC=C4)N=C3)C=C2)=NNC1=O
960,COC(=O)C(NC(=O)C1=CC=NC(OCC2=CC=CC=C2)=C1)C1=CC=C(F)C=C1F
961,O=C(NC1=CNN=C1C1=CN=CC=N1)C1=CC(COC2=CC(F)=CC=C2)=CC=C1
962,N#CC1=CC=C(O)C(C2=CC(=O)N3C=CC=C(OCC4=CC=CC=C4)C3=N2)=C1
963,O=C(NCC(NC(=O)C1=CC=C2C=NC=CC2=C1)C1=CC=CC=C1F)C1=CNC=C1
964,CCN(CC)CC(NC(=O)C1=CC=C(N2C=NC3=CC=CC=C3C2=O)C=C1)C1=CC=CC=C1
965,O=C(NC1=CC(F)=C(N2C=CN=C2)C(F)=C1)C1=CN(C2=CC(O)=CC=C2)N=C1
966,COC1=CC=C(CC(NC(=O)C2=NN=C3C=CC=CC3=C2N)C2=CC=CC=C2)C=C1OC
967,O=C(CC1=NOC(C2=CC=CC(C3=NNC(=O)C=C3)=C2)=N1)NC1=CC=CC=C1F
968,NCC1=CC=C(C2=CC=CC=C2C(=O)NC2=CC=C3C=CNC(=O)C3=C2)C=C1
969,COC(=O)C(NC(=O)C1=CN(C2=CC=CC(C(F)(F)F)=C2)N=N1)C1=CC=C(F)C=C1F
970,COC1=CC=CC(C(F)(F)CNC(=O)CC(O)C2=CC=C(OCC3=CC=CC=C3)C=C2)=N1
971,CN(CC1=CC=C(C(=O)NC2=CC=C(N3C=NN=N3)C(F)=C2)C=C1)C1=CC=CC=C1
972,N#CC1=CC=C(C(=O)NCC(=O)NCC2=CC=C(C3=CC=CC=C3)C=C2F)C=C1
973,O=C(NC1=CC=C(OC2=CC=CC=C2)N=C1)C1=CN=NN1C1=CC(F)=CC=C1
974,N#CC1=CC(F)=CC(CN2C(=O)N(C3=CC=C(C(=O)O)C=C3)C3=CC=CC=C32)=C1
975,COC1=CC=CC(CC(NC(=O)C2=CC=C(N3C=CN=C3)C=N2)C2=CC=CC=C2)=C1
976,O=C(NC1=CC=C(CO)C=C1CO)C1=CC=C(N2C=CC3=CC=CC=C32)C=C1
977,COC(=O)C1=CC(C)=C2C=C(C(=O)NC3=CN=C(C4=CC(O)=CC=C4)N=C3)NC2=C1
978,O=C(NC1=CC=C(N2C=CC(=O)N2)C(F)=C1)C1=CC2=C(NC(=O)C=C2)C(F)=C1
979,O=C(NCC1=CC(OC2=CC=C(F)C(F)=C2)=CC=N1)C1=CC(=O)NC2=CC=C(F)C=C12
980,NC(=O)CN(CC1=CC=C(C2=CC=CC=C2)C=C1)C(=O)C1=NN(C2=CC=CC(F)=C2)C=C1O
981,O=C(NC1=CC=C(F)C(C2=CC=CC=C2)=C1)C1=NN(C2=CC=CC=C2)C(=O)C=C1O
982,O=C(NC1=CC=CN=C1)C1=CC=C(NC(=O)C2=CC3=C(NC(=O)C=C3)C(F)=C2)C=C1
983,O=C(NC1=CC=C(NC(=O)C2=CC(O)=CC=C2)N=C1)C1=CN=C2C(F)=CC=CC2=C1
984,O=C(NCC1=CC=C(C2=CN=CN=C2)C=C1)C1=CN(C2=CC(F)=CC=C2)C(=O)C=C1
985,N#CC1=CC=CC=C1OC1=CC=C(NC(=O)C2=CC=CC3=C2C=NNC3=O)C=C1F
986,O=C(NC1=CN=CC=C1OC1=CC=CC=C1)C1=NN(C2=CC=CC=C2F)C=CC1=O
987,CC1=CC=C2OC(C(=O)N(CC(N)=O)CC3=CC=C(C4=CC=CC=C4)C=C3)=CC(=O)C2=C1
988,NC(=O)CN(CC1=CC=C(C2=CC=CC=C2)C=C1)C(=O)C1=CC2=CC=CC=C2C(=O)O1
989,NC(=O)C1=CC=C(CSC2=NC=CC=C2C(=O)NCC2=C(C3=CC=CC=C3)OC=N2)C=C1
990,O=C(NC1=CC=C(C2=CNC(=O)N2)C=C1)C1=CC=C(OC2=CC(F)=CC=C2)C=N1
991,CN(CC1=CC=CNC1=O)C(=O)C1=CC=C(N2N=CC=C2C2=CC=C(F)C=C2)C=C1
992,O=C(NC1=CC=C(C2=CNC(=O)N2)C=C1)C1=CN(C2=CC=CC=C2F)C(=O)C=C1
993,CN1C=NC2=CC=C(C(=O)NC3=CC=C(OC4=CC=CC=C4)C(C#N)=C3)C=C2C1=O
994,O=C(NC1=CC=C(C2=CNC(=O)N2)C=C1)C1=CC(CC2=CC=CC=C2)=CC=C1O
995,NC(=O)CN(CC1=CC=C(C2=CC=CC=C2)C=C1)C(=O)CN1N=CC2=CC=CC=C2C1=O
996,O=C(NC1=NC(C2=CC(F)=CC(F)=C2)=CC=N1)C1=NN(C2=CC(F)=CN=C2)C=C1
997,O=C(NC1=CC=C(C2=CC=NC=C2)N=C1)C1=NN(C2=CC(F)=CC(F)=C2)C=C1
998,O=C(NCC1=CC=C(OC2=CC(F)=CC=C2)C=C1)C1=C(F)C2=C(C=C1)NC(=O)N2
999,O=C(NCC1=NOC(C2=CC=C(F)C=C2F)=C1)C1=CC=CN=C1C1=CC=NC=C1
1000,CN1C(C(=O)NCC2=CNN=C2C2=CC=CC=C2)=CC=C1C(=O)C1=CC=CC=C1F
