EOS,Affinity,Smile
EOS174,-8.023,O=C(CC1NC(=O)N(c2cccc3ccccc23)C1=O)NCc1ccccn1
EOS175,-7.545,COc1ccc(N2C(=O)NC(CC(=O)N3CCC4(O)CCCCC4C3)C2=O)cc1
EOS176,-7.872,CC(C)S(=O)(=O)N1CCN(C(=O)CC2NC(=O)N(c3cccc4ccccc34)C2=O)CC1
EOS177,-6.45,CC(C)CNC(=O)c1ccc(N2CCCCS2(=O)=O)cc1Cl
EOS178,-5.915,COCCNC(=O)c1ccc(N2CCCCS2(=O)=O)cc1Cl
EOS179,-5.907,COCCCNC(=O)c1ccc(N2CCCCS2(=O)=O)cc1Cl
EOS180,-6.895,O=C(NCCN1CCOCC1)c1ccc(N2CCCCS2(=O)=O)cc1Cl
EOS181,-6.411,CN(C)CCCNC(=O)c1cc(N2CCCCS2(=O)=O)ccc1Cl
EOS182,-8.238,COc1ccc(N2C(=O)CCC2=O)cc1S(=O)(=O)N1CCCc2ccccc21
EOS183,-6.175,CC(C)C(=O)NCCc1csc(-c2cccnc2)n1
EOS244,-7.562,Cn1c(=O)c2ccccc2n(CC(=O)Nc2ccc(Cl)cc2)c1=O
EOS245,-6.828,O=C(c1ccc(Cl)c(N2CCCCS2(=O)=O)c1)N1CCOCC1
EOS246,-7.019,Nc1ccc(-c2coc3cc(O)ccc3c2=O)cc1
EOS247,-6.012,COc1cc2c(cc1OC)CC(=O)NC=C2
EOS248,-7.624,Cc1cc(=O)c(OCC(=O)N2CCN(C(c3ccccc3)c3ccccc3)CC2)co1
EOS249,-6.654,Cc1cc(=O)c(OCC(=O)Nc2ccc3cc[nH]c3c2)co1
EOS250,-6.674,Cc1cc(=O)c(OCC(=O)Nc2nc(-c3cccnc3)cs2)co1
EOS251,-6.073,COc1ccc(NC(=O)COc2coc(C)cc2=O)cn1
EOS252,-6.916,Cc1cc(=O)c(OCC(=O)Nc2cccc3c2ccn3C)co1
EOS253,-5.877,COCCNC(=O)c1cc2c(OC)ccc(OC)c2n1C
EOS254,-6.269,COc1ccc(-c2noc(CCCN)n2)cc1.Cl
EOS255,-7.461,COc1ccc(CCNC(=O)CN2C(=O)[C@@H]3CCCN3C(=O)c3ccccc32)cc1OC
EOS256,-7.664,O=C(CN1C(=O)[C@@H]2CCCN2C(=O)c2ccccc21)NCCc1ccccc1
EOS257,-7.526,Cn1ccnc1C(=O)c1cccc(NC(=O)[C@H](c2ccccc2)n2cnnn2)c1
EOS258,-7.47,COc1ccccc1-c1ccc(=O)n(CC(=O)NCc2ccccc2)n1
EOS259,-5.948,Cc1noc(C)c1CC(=O)NCC1CCCO1
EOS260,-8.504,Cc1cc(O)cc(=O)n1CCCC(=O)Nc1ccc2c(c1)C(=O)N1CCC[C@H]1C(=O)N2
EOS261,-7.635,Cc1noc(C)c1CNC(=O)C[C@@H]1NC(=O)c2ccccc2NC1=O
EOS262,-8.068,COc1ccc2c(C)c(CC(=O)Nc3ccc4c(c3)C(=O)N3CCC[C@H]3C(=O)N4)c(=O)oc2c1OC
EOS263,-8.524,O=C(CCc1ccc2c(c1)CCO2)Nc1ccc2c(c1)C(=O)N1CCC[C@H]1C(=O)N2
EOS264,-9.105,O=C(Nc1ccc2c(c1)C(=O)N1CCC[C@H]1C(=O)N2)c1n[nH]c2c1CCC2
EOS325,-6.516,COc1cc(NC(=O)c2cccc(N3CCCCS3(=O)=O)c2)cc(OC)c1OC
EOS326,-6.148,COCCNC(=O)c1ccc(Cl)c(N2CCCCS2(=O)=O)c1
EOS327,-7.666,NC(=O)C1CCN(C(=O)c2ccc(Cl)c(N3CCCCS3(=O)=O)c2)CC1
EOS328,-6.866,CN(C)C(CNC(=O)C(C)(C)C)c1ccc2c(c1)OCO2.Cl
EOS329,-7.851,CN(C)C(CNC(=O)c1ccccc1F)c1ccc2c(c1)OCO2.Cl
EOS330,-7.492,CN(C)C(CNC(=O)c1cccc(F)c1)c1ccc2c(c1)OCO2.Cl
EOS331,-7.073,CN(C)C(CNC(=O)c1ccccc1Br)c1ccc2c(c1)OCO2.Cl
EOS332,-7.138,COc1ccccc1C(=O)NCC(c1ccc2c(c1)OCO2)N(C)C.Cl
EOS333,-7.689,CN(C)C(CNC(=O)c1ccccc1Cl)c1ccc2c(c1)OCO2.Cl
EOS334,-8.046,CN(C)C(CNS(=O)(=O)c1ccc(N2C(=O)CCC2=O)cc1)c1ccc2c(c1)OCO2.Cl
EOS335,-8.604,Cl.O=C(Cc1ccc(F)cc1)NCC(c1ccc2c(c1)OCO2)N1CCCC1
EOS336,-7.455,Cl.O=C(CCc1ccccc1)NCC(c1ccc2c(c1)OCO2)N1CCCC1
EOS337,-7.626,CC(C)C(=O)NCC(c1ccc2c(c1)OCO2)N1CCOCC1.Cl
EOS338,-7.188,COc1ccc(S(=O)(=O)NCC(c2ccc3c(c2)OCO3)N2CCOCC2)cc1OC.Cl
EOS339,-7.363,COc1ccc(N2C(=O)CCC2=O)cc1S(=O)(=O)Nc1cccc(NC(C)=O)c1
EOS340,-6.794,COc1ccc(-c2c3c(=O)n(C)c(=O)n(C)c3cn2CCCN(C)C)cc1
EOS341,-7.985,COc1ccc(NC(=O)C2CC(=O)Nc3c(-c4ccccc4OC)cnn32)cc1
EOS342,-6.617,CC(C)NC(=O)CNC(=O)C1CC(=O)N(c2ccccc2)C1
EOS343,-6.989,CC(C)CCNC(=O)CNC(=O)C1CC(=O)N(c2ccccc2)C1
EOS344,-7.686,O=C(NCC(=O)N1CCN(c2ccccc2)CC1)C1CC(=O)N(c2ccccc2)C1
EOS345,-8.094,O=C(NCC(=O)N1CCN(c2ccc(F)cc2)CC1)C1CC(=O)N(c2ccccc2)C1
EOS346,-7.216,COc1ccc(Nc2nc(N3CCCC3)c3cnn(C)c3n2)cc1OC
EOS347,-6.37,COc1cc2c(cc1OC)-c1c(c(C(=O)NC(C)C)nn1C)C2
EOS349,-7.569,COc1cc2c(cc1OC)-c1c(c(C(=O)NCc3cccnc3)nn1C)C2
EOS367,-7.332,O=c1[nH]c(=O)n(Cc2ccccc2)c2nccc(-c3ccco3)c12
EOS1076,-7.498,Cc1ccc(-c2nc(C)c(C(=O)N3CCC(CC(=O)NCCN4CCOCC4)CC3)s2)cc1
EOS1077,-8.046,COc1ccc(NC(=O)N2CCN(c3cc(-c4ccc(OC)c(OC)c4)ncn3)CC2)c(OC)c1
EOS1078,-7.724,CN(C)C(=O)c1ccc2c(c1)nc(CN1CCN(C(=O)Nc3ccccc3Br)CC1)n2C
EOS1079,-7.177,CCOc1ccc(NC(=O)N(C)Cc2nc3cc(C(=O)N(C)C)ccc3n2CC)cc1
EOS1080,-7.942,Cc1ccc(-c2noc(C(=O)N3CCCCC3)n2)cc1S(=O)(=O)Nc1cccnc1
EOS1081,-7.602,Cc1ccc(S(=O)(=O)NC2CCN(C(=O)c3ccc4c(c3)OCO4)CC2)cc1
EOS1082,-7.151,CCCc1nn2c(c1-c1ccc(C)c(S(=O)(=O)NCCOC)c1)NC(=O)CCC2=O
EOS1083,-6.998,CC(=O)N1CC(C)(C)c2cc(S(=O)(=O)NC(C)Cc3ccco3)ccc21
EOS1084,-9.097,O=C(C1CCN(S(=O)(=O)c2ccc(-c3noc(-c4ccc5c(c4)OCO5)n3)cc2)CC1)N1CCCC1
EOS1085,-7.157,CN(C)S(=O)(=O)c1ccc(-c2noc(C(=O)NCCN3CCCCCC3)n2)cc1
EOS1086,-8.305,O=C1COc2ccc(S(=O)(=O)N3CCCCC3)cc2N1Cc1noc(C2CCC2)n1
EOS1087,-7.018,CCc1nc(CN2C(=O)COc3cc(S(=O)(=O)NC(C)C)c(C)cc32)no1
EOS1088,-7.381,CCC(=O)Nc1cc2c(cc1S(=O)(=O)c1ccccc1)n(C)c(=O)n2C
EOS1089,-7.44,COc1cc(Cl)ccc1C(=O)Nc1cc2c(cc1S(=O)(=O)C(C)C)n(C)c(=O)n2C
EOS1090,-6.987,CCCN1CCN(CCNC(=O)C2CCN(c3ncc(-c4ccccc4)cn3)CC2)CC1
EOS1091,-7.312,CC(C)NC(=O)C1CCCN(c2cc(=O)n(C)c(=O)n2C)C1
EOS1092,-7.857,Cn1c(N2CCN(C(=O)Cc3c[nH]c4ccccc34)CC2)cc(=O)n(C)c1=O
EOS1093,-7.395,CC(C)n1c(N2CCN(C(=O)c3ccc(C(C)(C)C)cc3)CC2)cc(=O)n(C(C)C)c1=O
EOS1094,-7.938,CC(=O)Nc1ccc2nc(N3CCC(C(=O)N4CCCC4)CC3)cc(C)c2c1
EOS1095,-7.031,CCCCNC(=O)c1cc2c(n(-c3ccc(F)cc3)c1=O)CCCC2=O
EOS1096,-7.108,COc1ccc(S(=O)(=O)Nc2cc(F)c3[nH]c(=O)ccc3c2)cc1
EOS1097,-8.526,COc1ccccc1N1CCN(C(=O)c2cnn3c(-c4ccc5c(c4)OCO5)ccnc23)CC1
EOS1098,-7.221,COc1ccc(NC(=O)Cn2nc3n(Cc4cccs4)c(=O)c4sccc4n3c2=O)c(OC)c1
EOS1149,-7.757,Cc1nc(OCC(=O)Nc2ccccc2C)c2ccccc2n1
EOS1150,-7.345,Cc1nc2scc(C)n2c(=O)c1NC(=O)c1ccc(F)cc1
EOS1151,-7.385,COc1ccc(CC(=O)NCC(=O)Nc2nc3ccccc3[nH]2)c(Cl)c1
EOS1152,-7.617,COc1ccccc1C(=O)N1CCc2c(c(-c3nnc(SC)n3C)nn2C)C1
EOS1153,-5.897,COCCNC(=O)CSc1nccnc1Sc1ccccc1C
EOS1154,-7.985,COc1ccc(OCC(=O)N2CCC(c3nc(-c4ccc(NC(C)=O)cc4)no3)CC2)cc1
EOS1155,-7.257,CCNC(=O)c1nc(Cn2c(=O)oc3ccc(Cl)cc32)no1
EOS1156,-6.798,COc1cccc(NS(=O)(=O)c2cc(-c3ccnn3C)cs2)c1
EOS1157,-8.374,O=C(C1CCN(c2ncnc3c2oc2ccccc23)CC1)N1CCCC1
EOS1158,-7.215,CCCn1c(=O)c(N2CCN(C(=O)COc3ccc(Cl)cc3)CC2)nc2ccccc21
EOS1159,-8.028,Cn1c(=O)c(N2CCC(NC(=O)Nc3ccc4c(c3)OCO4)CC2)nc2ccccc21
EOS1160,-7.77,CCC(C)NC(=O)NC1CCN(c2nc3cccnc3n(Cc3ccc(C)cc3)c2=O)CC1
EOS1161,-6.966,CCC(C)NC(=O)CSc1nnc2n(CCC(=O)NC(C)C)c(=O)c3ccccc3n12
EOS1162,-7.687,CCCNC(=O)N1CCCC1c1nc(-c2ccc(F)cc2F)no1
EOS1163,-7.183,CCOCCCNC(=O)c1nnc(-c2ccc(S(=O)(=O)N3CCC(C)CC3)cc2)o1
EOS1164,-7.531,COc1ccc(CNC(=O)c2nnc(-c3ccc(S(=O)(=O)N(C)C)cc3)o2)cc1
EOS1165,-6.754,Cc1ccc(-c2ccc(=O)n(Cc3noc(C(=O)NCCCOC(C)C)n3)n2)cc1
EOS1166,-7.318,COc1ccc(-n2nc3c4cc(C(=O)NC(C)C)ccc4[nH]cc-3c2=O)cc1
EOS1167,-8.621,COc1ccc(-c2noc(-c3ccc(=O)n(CC(=O)N(C)c4ccccc4)c3)n2)cc1
EOS1168,-8.148,CCc1ccccc1N(C)S(=O)(=O)c1ccc2onc(C(=O)N3CCOCC3)c2c1
EOS1169,-7.251,Cc1nc(Nc2ccc(F)cn2)sc1C(=O)N1CCN(c2ccccn2)CC1
EOS1170,-7.584,CN1C(=O)c2ccccc2Oc2ccc(C(=O)N3CCCCCC3)cc21
EOS1171,-8.089,CCN1C(=O)c2ccccc2Oc2ccc(C(=O)NCc3ccco3)cc21
EOS1172,-7.204,COc1ccc(NS(=O)(=O)c2cc(-c3c(C)noc3NC(C)=O)ccc2OC)c(OC)c1
EOS1173,-8.333,O=S(=O)(c1ccc2c(c1)-c1oncc1CO2)N1CCN(Cc2ccccc2)CC1
EOS1174,-9.005,Cc1nnc(-c2cccnc2N2CCN(S(=O)(=O)c3ccc(C)c(F)c3)CC2)o1
EOS1175,-7.48,CC(C)Cn1c(=O)c(-c2ccc(C(=O)NCCN3CCN(C)CC3)cc2)nc2ccccc21
EOS1176,-7.247,CCn1ccc2c(cc(C(=O)Nc3ccc(OC)cc3OC)n2C)c1=O
EOS1177,-7.428,Cn1ccc2c(cc(C(=O)NCc3cccc(Cl)c3)n2C)c1=O
EOS1178,-7.74,Cn1ccc2c(cc(C(=O)N3CCN(c4ccccc4F)CC3)n2C)c1=O
EOS1179,-8.015,CCN1CCN(C(=O)c2nn3c(C)cc(C)nc3c2-c2ccc(OC)c(S(=O)(=O)N3CCCC3)c2)CC1
EOS1191,-7.185,CCN(CC)S(=O)(=O)c1ccc(-n2cnc(C(=O)Nc3ccc4c(c3)OCCO4)c2)cc1
EOS1192,-7.931,O=C(c1cn(-c2ccc(S(=O)(=O)N3CCCCC3)cc2)cn1)N1CCN(c2ccccn2)CC1
EOS1193,-7.32,CCCNC(=O)C1CCCN(c2ccc(SCC(=O)Nc3ccc(S(C)(=O)=O)cc3)nn2)C1
EOS1194,-6.948,Cc1ccc(NC(=O)Cn2ncc3c(c2=O)N(CC(C)C)C(=O)CS3)c(Cl)c1
EOS1195,-10.169,Cc1cccc(-c2noc(-c3cccn4c(=O)n(Cc5cc(=O)n6ccccc6n5)nc34)n2)c1
EOS1196,-7.285,CCN(CC)S(=O)(=O)c1ccc2nc(N3CCN(c4ccccc4OC)CC3)cnc2c1
EOS1197,-8.208,O=C(Cn1nc(N2CCOCC2)c2ccccc2c1=O)Nc1ccc(F)cc1
EOS1198,-7.594,CC(C)c1noc(-c2ccc(=O)n(CC(=O)Nc3ccc(C#N)cc3)c2)n1
EOS1199,-7.73,O=C(Nc1ccc2c(N3CCOCC3)ncnc2c1)c1ccccc1F
EOS1200,-7.777,Cc1ccccc1CNC(=O)CN1C(=O)C2CCCN2C(=O)c2cccc(C)c21
EOS1201,-5.716,O=C(CCC1CCCN(S(=O)(=O)c2ccccc2)C1)NCCCc1ccccc1
EOS1202,-7.202,Cc1ccccc1S(=O)(=O)N1CCCC(CCC(=O)N(C)Cc2cccnc2)C1
EOS1203,-6.615,CCCNC(=O)CCC1CCN(C(=O)c2ccccc2Cl)CC1
EOS1204,-7.22,Cc1nc(Cn2cccc2C(=O)Nc2cccc(Br)c2)no1
EOS1205,-6.545,Cc1sc(-c2ccc(=O)n(C)n2)cc1S(=O)(=O)NC1CC1
EOS1206,-6.582,Cc1nc(-c2cc(S(=O)(=O)NCCCN3CCCC3)cn2C)sc1C(=O)N1CCCC1
EOS1207,-7.796,Cc1nc(-c2ccc3c(c2)n(CC(=O)NC(C)Cc2ccco2)c(=O)n3C(C)C)no1
EOS1208,-7.341,CCN1C(=O)COc2cc(-c3noc(C(=O)NCCc4cccs4)n3)ccc21
EOS1209,-6.945,CCN(C(=O)Cn1c(=O)n(C(C)C)c2ccc(S(=O)(=O)N3CCCC3)cc21)c1cccc(C)c1
EOS1210,-7.631,CC(=O)c1cccc(NS(=O)(=O)c2cc(-c3nc(C)cs3)n(CC(=O)N3CCCC3)c2)c1
EOS1211,-7.173,Cc1nn(Cc2ccc(C(=O)NCC3CC3)cc2)c(C)c1S(=O)(=O)N1CCCCC1
EOS1212,-6.696,COCCOCC(=O)N1CCOc2ccc(C(=O)NCc3ccccc3)cc2C1
EOS1213,-7.194,COc1ccc(CNC(=O)c2snc(-c3ccccn3)c2N)c(OC)c1
EOS1214,-7.822,Cc1cccc(N2CCN(C(=O)c3snc(-c4ccncc4)c3N)CC2)c1
EOS1215,-6.922,CCN(CC)c1nc2ccsc2c(=O)n1CCC(=O)Nc1ccccc1
EOS1216,-8.469,Cc1cc(C)cc(Oc2nccn3c(=O)n(CC(=O)NCc4ccco4)nc23)c1
EOS1217,-7.603,CC(C)c1ccc(NC(=O)Cn2nc3c4sc(N(C)C)nc4ncn3c2=O)cc1
EOS1218,-8.11,O=C(Cn1nc2c(N3CCCCCC3)nccn2c1=O)Nc1ccccc1C(F)(F)F
EOS1219,-7.066,CCCCNC(=O)c1cn(CC)nc1S(=O)(=O)N1CCN(c2ccccc2OCC)CC1
EOS1282,-7.227,Cc1cccc(NC(=O)Cc2nnc(-c3ccsc3)o2)c1
EOS1283,-8.295,CC(=O)c1ccc(NC(=O)Cc2nnc(-c3cnccn3)o2)cc1
EOS1284,-7.399,Cc1ccc(NC(=O)c2c(O)c3sccc3[nH]c2=O)c(C)c1
EOS1285,-7.501,Cn1c(=O)c(C(=O)Nc2cccc(C#N)c2)c(O)c2sccc21
EOS1286,-6.623,CCCn1c(=O)c(C(=O)Nc2cc(Cl)ccc2OC)c(O)c2sccc21
EOS1287,-7.032,CC1CCN(CCNC(=O)c2c(O)c3sccc3n(Cc3ccccc3)c2=O)CC1
EOS1288,-7.888,O=c1c2c(CO)c(-c3ccccc3)nn2ccn1Cc1cccc(F)c1
EOS1289,-7.316,COc1ccc(NC(=O)c2c[nH]c3ncccc23)cc1
EOS1290,-6.8,CSc1cccc(NC(=O)c2cn(C)c3ncccc23)c1
EOS1291,-7.625,CC(=O)Nc1ccc(NC(=O)Cn2ccc3ccn(Cc4ccccc4)c3c2=O)cc1
EOS1292,-7.071,COCc1cc(=O)n(CC(=O)NCc2ccc(C)cc2)c(N2CCOCC2)n1
EOS1293,-6.206,CC(C)c1nc(CN(C)Cc2ccccc2)cc(=O)[nH]1
EOS1294,-6.594,CCCn1ccc2ccn(Cc3cccnc3)c2c1=O
EOS1295,-6.665,O=C(Nc1cnc(N2CCCCCC2)nc1)c1ccc(Br)o1
EOS1296,-7.219,O=C(Cc1ccccc1F)Nc1cnc(-c2cccnc2)nc1
EOS1297,-8.532,CCc1ccc(-c2cc3n(n2)CCCN(C(=O)Cn2cnc4c2c(=O)n(C)c(=O)n4C)C3)cc1
EOS1298,-7.783,COc1ccc(-c2cc3n(n2)CCCN(C(=O)C2CCCN(S(=O)(=O)N4CCCC4)C2)C3)cc1
EOS1299,-7.32,COCCn1c(C)cc(C(=O)N2CCCC(c3cc4n(n3)CCCNC4=O)C2)c1C
EOS1300,-7.378,COCCN1CCCn2nc(C3CCCN(Cc4ccncc4F)C3)cc2C1=O
EOS1301,-7.255,Cc1ccc(N2C(=O)c3cccnc3C2CC(=O)NCCCN2CCCCC2)cc1
EOS1302,-6.856,CSc1ccc(CNC(=O)C2CCN(c3cncnc3N3CCCC3)CC2)cc1
EOS1303,-7.96,O=C(NCc1cccs1)C1CCCN(c2cnc3nccnc3c2)C1
EOS1304,-7.894,COc1ccc(C(C)NC(=O)C2CCN(c3cnc4nccnc4c3)CC2)cc1
EOS1305,-8.861,O=C(Nc1ccc2c(c1)OCO2)N1CCC(n2c(-c3ccco3)nc3cccnc32)C1
EOS1306,-7.724,COc1ccc2nc(C(=O)N3CCN(c4cc(C)ccc4C)CC3)cn2n1
EOS1307,-7.038,CCOc1ccc2nc(C(=O)NCc3ccccc3Cl)cn2n1
EOS1308,-7.347,CCC(C(=O)NC1CCN(c2ccc(F)cc2)C1=O)c1ccccc1
EOS1309,-7.195,COc1cccc(C(=O)NC2CCN(c3cc(C)cc(C)c3)C2=O)c1
EOS1310,-7.347,CC(=O)c1ccc(S(=O)(=O)NC2CCN(c3ccc(C)c(C)c3)C2=O)cc1
EOS1311,-6.932,CCCCN(C)C(=O)C1CCN(c2nnc(-c3ccc(OC)cc3)o2)CC1
EOS1312,-6.813,Cc1ccn2cc(C(=O)N3CCC(C)CC3)nc2c1
EOS1313,-7.225,CCOc1ccc(CNC(=O)c2c(C)sc3ccn(C)c(=O)c23)cc1
EOS1314,-7.095,CCCN(C)C(=O)CCNc1c(-c2ccc(C)cc2)nc2cnccn12
EOS1315,-8.638,O=C(C1c2ccccc2CCN1C(=O)C1CC1)N1CCN(c2ccc(F)cc2)CC1
EOS1316,-8.111,O=C(Nc1ccc(F)cc1)N1CCC(Oc2ncccc2C(=O)N2CCOCC2)C1
EOS1317,-7.727,CN(C)C(=O)c1ccc(OC2CCN(C(=O)c3ccccc3)CC2)nc1
EOS1318,-7.371,Cc1ccc(N2CCN(C(=O)c3snc4c(=O)n(C5CC5)c(=O)[nH]c34)CC2)c(C)c1
EOS1319,-7.365,O=C(Nc1cnn(-c2ncc(N3CCCC3)cn2)c1)c1cccnc1
EOS1320,-7.58,Cc1ccc(-c2c(C(=O)NCCCN3CCOCC3)nc3ccccn23)cc1
EOS1321,-7.263,CN(C)C(=O)c1nc2ccccn2c1-c1ccc(F)cc1
EOS1322,-7.002,Cc1oc(C2CCN(C(=O)c3ccccc3Br)CC2)nc1C(=O)N(C)C
EOS1323,-8.356,O=C(Cn1cncc(-c2nc(-c3ccccc3)cs2)c1=O)Nc1ccc2c(c1)OCO2
EOS1324,-7.648,Cc1ncc(-c2nc(-c3ccccc3)cs2)c(=O)n1CC(=O)N1CCCC1
EOS1325,-8.764,CN1c2ccc(Cl)cc2C(=O)NC12CCN(C(=O)c1ccc3c(c1)OCO3)CC2
EOS1326,-6.826,CCN1c2ccccc2C(=O)NC12CCN(C(=O)c1cc(OC)c(OC)c(OC)c1)CC2
EOS1327,-7.78,COc1ccc(-c2cc3c(=O)n(Cc4noc(CN5CCCC5)n4)ccn3n2)cc1
EOS1328,-7.464,CCOc1ccc(NC(=O)C2CCN(c3cc(N4CCSCC4)ncn3)CC2)cc1
EOS1329,-7.173,O=C(Cn1cc(S(=O)(=O)N2CCCCC2)ccc1=O)N1CCCCC1
EOS1330,-7.537,COc1ccc(NC(=O)Cn2nc3nc(N4CCCC4)ccn3c2=O)cc1Cl
EOS1331,-7.448,COc1ccc(Cn2nc3nc(Nc4ccccc4)cc(C)n3c2=O)cc1
EOS1332,-6.942,Cc1cc(=O)n(CC(=O)Nc2ccc(C)c(C)c2)c(N)n1
EOS1333,-7.331,O=C(NCc1ccco1)c1cn(-c2cc(N3CCOCC3)ncn2)cn1
EOS1334,-6.7,CCCN1CCN(C(=O)c2cn(-c3cc(N4CCSCC4)ncn3)cn2)CC1
EOS1335,-7.47,Cc1ccc(NC(=O)c2cn(-c3cc(N(C)C)ncn3)cn2)cc1F
EOS1336,-6.984,CCC1CCCCN1C(=O)CN1CN(c2ccc(C)cc2)c2ncccc2S1(=O)=O
EOS1337,-8.068,COc1ccccc1NC(=O)CN1CN(c2cccc(F)c2)c2ncccc2S1(=O)=O
EOS1338,-7.396,CCCN1C(=O)c2cccnc2Sc2cc(C(=O)N3CCCC3)ccc21
EOS1339,-7.753,CN1C(=O)c2cc(S(=O)(=O)Nc3ccccc3)ccc2Oc2cccnc21
EOS1340,-7.043,COc1ccccc1NS(=O)(=O)c1cn(CC(C)C)c2ncccc12
EOS1341,-7.2,COc1ccc2nc(O)c(CCC(=O)NCc3ccncc3)cc2c1
EOS1342,-8.037,Cn1ncc(N2CCC(C(=O)N3CCn4cccc4C3c3ccccc3)CC2)cc1=O
EOS1343,-6.746,CCc1cc(C(=O)NC(C)CC)nc2cc(-c3ccco3)nn12
EOS1344,-8.007,CC(=O)c1ccc(N2CCN(S(=O)(=O)c3cc(-c4nnc(C5CC5)o4)co3)CC2)cc1
EOS1363,-7.443,Cc1ccc(NC(=O)c2cn(-c3ccc(S(=O)(=O)N4CCCC4)cn3)cn2)cc1
EOS1364,-7.022,COc1cc(NS(=O)(=O)c2cc3n(c2)CCN(C)C3=O)cc(OC)c1
EOS1365,-7.322,COc1cc(=O)n2c(c1C(=O)Nc1ccc(Br)c(C)c1)CCCC2
EOS1366,-7.64,CCN1C(=O)C2(CCN(S(=O)(=O)c3cc(F)ccc3OC)CC2)c2ccccc21
EOS1367,-7.222,Cc1ccc(NC(=O)c2ccc(=O)n(CCN3CCOCC3)c2)cc1
EOS1368,-7.134,CCc1cc(C(=O)Nc2ccc(OC)cc2C)nc2ccnn12
EOS1369,-7.31,CC(C)c1cc(C(=O)Nc2ccc(F)cc2)nc2ccnn12
EOS1370,-7.101,COc1ccc(Cl)cc1NC(=O)c1cc(C)n2nc(C)cc2n1
EOS1371,-6.6,CN(C)CCn1nnc2cc(C(=O)Nc3cccc(Cl)c3)ccc21
EOS1372,-6.738,CCOc1ccc(C(O)CN2CCN(c3ccccn3)CC2)cc1
EOS1373,-6.97,COc1ccc(C(O)CN2CCN(c3cc(C)ccc3C)CC2)cc1OC
EOS1374,-7.783,O=C(NC1CCN(c2cc(-c3ccc(F)cc3)n[nH]2)C1)c1ccncc1
EOS1375,-7.301,O=C(NCCc1ccccc1)N1CCCN(c2ncccc2-c2nc(C3CC3)no2)CC1
EOS1376,-7.822,CCc1nnc(-c2nnc(NCCCN3CCN(C)CC3)c3ccccc23)o1
EOS1377,-7.464,Cc1ccc(NS(=O)(=O)c2cc3n(c2)CCCNC3=O)c(Cl)c1
EOS1378,-8.042,Cc1ccc(NS(=O)(=O)c2ccc(-c3[nH]ncc3C(=O)N3CCOCC3)o2)cc1
EOS1379,-7.83,COc1ccc(NS(=O)(=O)c2cc(-c3[nH]ncc3C(=O)N(C)C)oc2C)c(C)c1
EOS1380,-7.155,COc1ccc(-c2nc(C3CC(=O)N(Cc4ccccc4)C3)no2)cc1
EOS1381,-6.524,COc1ccc(C(=O)N2CCC(Cc3nncn3CC3CC3)C2)cc1
EOS1382,-8.084,O=S(=O)(Cc1ccccc1F)N1CCC(Cc2nnc(-c3cccnc3)[nH]2)C1
EOS1383,-7.201,CC(C)CNC(=O)N1CCCC(c2nn(C)c(=O)n2Cc2ccccc2)C1
EOS1384,-8.505,Cc1ccc(-c2cn3c(n2)N(C(=O)c2cnn4cccnc24)CCC3)cc1
EOS1385,-7.354,COc1cccc(-c2cn3c(n2)N(C(=O)Cn2ccnc2)CCC3)c1
EOS1386,-6.987,O=C(NCC1CCOCC1)c1cc(-c2ccccc2)n[nH]1
EOS1387,-7.314,COc1ccc(-c2nc(=O)c3c([nH]2)CN(C(=O)c2cccn2C)CC3)cc1
EOS1388,-7.81,O=C(c1ccccn1)N1CCc2c(nc3cc(-c4ccccc4Cl)[nH]n3c2=O)C1
EOS1389,-8.826,O=C(Nc1ccc(C(F)(F)F)cc1)N1CCc2nc3cc[nH]n3c(=O)c2C1
EOS1390,-7.335,CCN(CC)C(=O)N1CCc2nc3cc(-c4ccc(OC)cc4)[nH]n3c(=O)c2C1
EOS1391,-6.95,COc1ccc(CN2CCc3nc(N(C)C)[nH]c(=O)c3CC2)cc1OC
EOS1392,-7.835,O=c1[nH]c(N2CCOCC2)nc2c1CCN(Cc1cc(F)cc(F)c1)CC2
EOS1393,-7.608,CC(C)c1nc(-c2ccc(OC3CCN(S(=O)(=O)c4cn(C)cn4)C3)cc2)no1
EOS1394,-6.148,CCOc1ncccc1CN(C)C(=O)c1ccc(Br)o1
EOS1395,-6.621,COc1ncccc1CN(C)C(=O)c1ccc2cc[nH]c2c1
EOS1396,-6.061,CCCS(=O)(=O)N(C)Cc1cccnc1Oc1ccccc1
EOS1397,-6.981,COc1ccc(CN2CCC(NC(=O)Cc3ccc(F)cc3)C2)cn1
EOS1398,-6.491,CCCOc1nccnc1NC1CCN(C(=O)c2ccsc2)CC1
EOS1399,-7.769,CCn1cc(S(=O)(=O)N2CCC(c3noc(-c4cnccn4)n3)C2)cn1
EOS1400,-6.892,CS(=O)(=O)N1CCCC(OCc2nc(-c3ccccc3)no2)C1
EOS1401,-6.183,CCCN(CC1CCOC1)S(=O)(=O)c1cc(F)ccc1F
EOS1402,-5.707,CN(CC1CCOC1)S(=O)(=O)c1ccc(Br)cc1
EOS1403,-6.35,CN(CC1CCOC1)C(=O)NCc1ccc(F)cc1
EOS1404,-7.662,Cc1ccc(C(=O)N2CC(CNC(=O)N3CCCC3)C3(CCOCC3)C2)s1
EOS1405,-6.929,Cc1noc([C@H]2CCN(Cc3cccnc3)C[C@H]2NC(=O)C2CC2)n1
EOS1406,-7.152,Cc1ccsc1C(=O)N1CC[C@@H]2COCCN(Cc3ccncc3)[C@@H]2C1
EOS1407,-6.549,CCCN1C(=O)CC[C@]2(CNC(=O)c3ccncc3F)CCC[C@@H]12
EOS1408,-6.715,COCCCNC(=O)N1CCC(Cc2noc(-c3ccc(OC)cc3)n2)C1
EOS1409,-7.512,CN(CCN(C1CCOCC1)C1CCCN(C(=O)C2CC2)C1)C(=O)c1ccc(F)cc1F
EOS1410,-7.184,CCn1nc(C)c(CN(C)CCN(C2CCOCC2)C2CCCN(C(=O)C3CC3)C2)c1C
EOS1411,-7.193,CN(CCN(C1CCOCC1)C1CCCN(C(=O)C2CC2)C1)C(=O)CC1=CCCCC1
EOS1412,-7.305,CN(CCN(C1CCOCC1)C1CCCN(C(=O)C2CC2)C1)C(=O)CCn1ccnc1
EOS1413,-7.405,CC(=O)N1CCCC(N(CCNC(=O)Cc2ccc(C)cc2)C2CCOCC2)C1
EOS1414,-6.956,CC(=O)N1CCCC(N(CCNC(=O)CN2CCCCCC2)C2CCOCC2)C1
EOS1415,-6.921,CS(=O)(=O)N1CCC(N(CCNC(=O)COc2ccc(F)cc2)C2CCOCC2)C1
EOS1416,-7.639,CS(=O)(=O)N1CCC(N(CCNC(=O)c2ccc3ncccc3c2)C2CCOCC2)C1
EOS1417,-6.911,Cc1cc(C)n(CCC(=O)NCCN(C2CCOCC2)C2CCN(S(C)(=O)=O)C2)n1
EOS1418,-7.173,Cc1noc(C)c1S(=O)(=O)NCCN(C1CCOCC1)C1CCN(S(C)(=O)=O)C1
EOS1419,-6.704,CN(CCN(C1CCOCC1)C1CCN(S(C)(=O)=O)C1)C(=O)CCn1cccn1
EOS1420,-8.089,Cc1ccccc1NC(=O)N(C)CCN(C1CCOCC1)C1CCN(C(=O)C2CC2)C1
EOS1421,-5.959,Cc1ccn(CC(=O)N(C)CCN(C2CCOCC2)C2CCN(C(=O)C3CC3)C2)n1
EOS482,-8.461,COc1ccc(-c2c(C)nn3c(N4CCC(C(=O)N5CCN(C)CC5)CC4)cc(C)nc23)cc1OC
EOS483,-6.924,CCCN(C(=O)COc1cc(=O)n(C)c2ccccc12)c1ccc(OCC)cc1
EOS484,-7.861,CCn1c(=O)cc(OCC(=O)N2CCN(c3ccccc3F)CC2)c2ccccc21
EOS485,-7.124,COc1cc(OC)c(NC(=O)CCCOc2cc(=O)n(C)c3ccccc23)cc1Cl
EOS486,-7.449,CSCC[C@@H](C(=O)Nc1ccc2c(c1)OCCO2)N1Cc2ccccc2C1=O
EOS487,-7.723,CCc1cccc(NC(=O)CCc2c(C)nc3ncnn3c2C)c1
EOS488,-7.645,Cc1nc2c(c(C)c1CCC(=O)NCc1cccnc1)c(=O)n(C)c(=O)n2C
EOS489,-7.265,CCn1c(=O)cc(SCC(=O)Nc2cccc(C#N)c2)c2ccccc21
EOS490,-7.821,CCn1c(CNC(=O)c2ccc(OC)cc2)nnc1SCC(=O)N1CCc2ccccc21
EOS491,-6.592,CCCCN(CC)CCCNC(=O)c1cc2c(=O)n(C)c3ccccc3c2n1C
EOS492,-6.626,CCCCNC(=O)CN(C)S(=O)(=O)c1ccc2c(c1)c(=O)n(C)c(=O)n2C
EOS493,-6.943,O=C1c2cccnc2C(=O)N1c1ccc(Cl)cc1
EOS494,-6.566,CCCCN(C)CCNC(=O)Cn1ncc2c(=O)oc3ccc(C)cc3c21
EOS495,-6.556,CC(=O)c1cccc(NC(=O)c2onc(C)c2Cl)c1
EOS496,-7.539,CCOc1ccc(S(=O)(=O)c2c[nH]c3ccc(C)cc3c2=O)cc1
EOS497,-7.764,Cc1cccc(N2C(=O)C(CC(=O)Nc3ccccc3)N(C(C)C)C2=O)c1
EOS498,-8.568,Cc1cccc(N2CCN(C(=O)C3CCCN(S(=O)(=O)c4ccc5c(c4)oc(=O)n5C)C3)CC2)c1C
EOS499,-7.708,COc1ccc(C2=NOC(C(=O)N3CCN(c4ccc(F)cc4)CC3)C2)cc1
EOS500,-6.157,CCC(C)NC(=O)C1CC(c2cccc(OC)c2)=NO1
EOS501,-7.359,COc1ccccc1C1=NOC(C(=O)Nc2ccc(C(C)=O)cc2)C1
EOS502,-7.803,COc1ccccc1NC(=O)Cn1cnc2c(nnn2Cc2ccccc2F)c1=O
EOS503,-7.805,O=C(Cn1cnc2c(nnn2Cc2ccc(Cl)cc2)c1=O)N1CCCCCC1
EOS504,-8.536,Cc1noc2ncnc(N3CCC(C(=O)N4CCN(c5cccc(Cl)c5)CC4)CC3)c12
EOS505,-7.206,Cc1nn2c(=O)cc(COc3ccccc3NC(=O)c3ccco3)nc2s1
EOS506,-7.53,COc1ccc(OC)c(NC(=O)Cn2c(=O)c3ccc(Cl)cc3n3nncc23)c1
EOS507,-7.374,CCOCC(=O)Nc1c(C(=O)Nc2ccccc2OC)oc2ccccc12
EOS508,-8.069,CCn1c(CN2CCN(c3cccc(Cl)c3)CC2)nc2c1c(=O)[nH]c(=O)n2C
EOS509,-7.72,O=C(Cn1nc(Cc2cccnc2)c2ccccc2c1=O)Nc1nccs1
EOS510,-7.14,O=C(NCCCN1CCOCC1)c1ccc2c(c1)N(Cc1ccccc1)CCS2
EOS661,-7.367,CCOc1ccc(N2CCCn3c2nc2c3c(=O)[nH]c(=O)n2C)cc1
EOS662,-7.804,CC1CN(CCc2ccccc2)c2nc3c(c(=O)n(CCCO)c(=O)n3C)n2C1
EOS663,-7.098,CC(=O)Cn1c(=O)c2c(nc3n2CCCN3c2cccc(C)c2C)n(C)c1=O
EOS664,-7.164,CCN(CC)S(=O)(=O)c1cccc(C(=O)CN2C(=O)c3ccccc3OC(C)C2=O)c1
EOS665,-7.364,Cc1cccc(C(=O)N2CCN(C(=O)c3nonc3N)CC2)c1
EOS666,-6.817,CCn1ccc(C(=O)N2CCCC2c2ccccc2C)n1
EOS667,-6.812,CCn1ncc(Cl)c1C(=O)N1CCCC1c1ccc(OC)cc1
EOS668,-5.6,Cc1noc(C)c1C(=O)N1CCCC1c1ccco1
EOS669,-7.016,O=C(c1cc(C2CC2)on1)N1CCCC1c1ccc(F)cc1
EOS670,-5.139,CCCS(=O)(=O)N1CCCC1c1cccs1
EOS671,-7.599,CC(=O)N1CCOc2ccc(S(=O)(=O)N3CCCC3c3cccc(C)c3)cc21
EOS672,-6.606,COc1cc(CN2CCCC2c2cccc(F)c2)cc(OC)c1O
EOS673,-6.249,COc1cc(NC(=O)N2CCCC2c2cccc(C)c2)cc(OC)c1OC
EOS674,-7.558,CC(=O)c1ccc(NC(=O)COc2cccc(-c3nc(C)no3)c2)cc1
EOS675,-6.99,COCCNS(=O)(=O)c1ccc(OC)c(-c2nc(C(C)C)no2)c1
EOS676,-8.629,O=C(c1ccc(Nc2c(-c3ccccc3)nc3cnccn23)cc1)N1CCOCC1
EOS677,-6.687,COc1ccccc1NC(=O)Nc1nc2ccccc2s1
EOS678,-6.957,CCCNCc1cc(=O)n2nc(NCc3ccccc3)nc2[nH]1.Cl
EOS679,-7.608,COc1ccc(-c2nnc(SCC(=O)N3CCN(CCO)CC3)n2-c2ccccc2)cc1
EOS680,-7.77,Cc1ccc(CNC(=O)CCc2nc(-c3ccc(C)n(C(C)C)c3=O)no2)cc1
EOS681,-7.433,Cc1ccc(Nc2cc(N3CCN(C(=O)CC(C)C)CC3)nc(C)n2)cc1
EOS682,-7.048,COc1ccccc1NCc1nc2[nH]c3c(c(=O)n2n1)CCC3
EOS683,-6.573,N#Cc1nc(-c2ccc(S(=O)(=O)N3CCOCC3)cc2)oc1NC1CC1
EOS684,-8.108,Cc1sc(NC(=O)c2cccnc2)nc1-c1ccc2c(c1)N(C)C(=O)CO2
EOS685,-7.348,CC(C)C(=O)Nc1nc(-c2ccc3c(c2)N(C)C(=O)C(C)O3)cs1
EOS686,-6.513,Cc1cc(N2C(=O)CCS2(=O)=O)cc(C)c1S(=O)(=O)NCCN(C)C.Cl
EOS687,-7.473,CC1CS(=O)(=O)N(c2ccc(S(=O)(=O)NCCc3ccc(F)cc3)cc2)C1=O
EOS688,-6.557,CC(C)CN1CC(=O)N(c2ccc(Br)cc2)[C@@H]2CS(=O)(=O)C[C@@H]21
EOS689,-8.029,Cc1ccc(NC(=O)N(C)Cc2cc(=O)[nH]c3ccccc23)cc1C
EOS690,-6.86,NC(=O)c1c(-c2ccc(F)cc2)nc2n1CCS2(=O)=O
EOS691,-7.18,CCN1CCN(C(=O)Cc2c(C)nc3nc(-c4cccs4)nn3c2C)CC1
EOS692,-7.367,CCc1nc2nc(C)c(CC(=O)Nc3ccc(OC)cc3)c(C)n2n1
EOS693,-6.705,O=C(CCn1ccc(=O)[nH]c1=O)Nc1ccc(Cl)cc1
EOS694,-6.126,Cc1ccc(OCCSc2nc3c(c(=O)[nH]2)CCC3)cc1
EOS695,-6.801,CCOc1ccc(NC(=O)Cc2ccccc2)c2cccnc12
EOS696,-8.466,Cc1ccc(N2C(=O)CCS2(=O)=O)cc1S(=O)(=O)Nc1cccc2cccnc12
EOS697,-7.573,COc1ccc(N2C(=O)CCS2(=O)=O)cc1S(=O)(=O)N1CCN(C(C)=O)CC1
EOS698,-8.094,O=S(=O)(c1ccc2c(c1)OCO2)N1CCc2cc3ccccc3nc21
EOS699,-8.012,COc1ccc2cc3c(nc2c1)N(C(=O)c1ccc(S(=O)(=O)N(C)C)cc1)CC3
EOS700,-6.242,COc1ccc(CN[C@H]2CS(=O)(=O)C[C@@H]2S(=O)(=O)c2cccs2)cc1OC
EOS701,-7.346,O=S1(=O)C[C@H](NCc2ccccn2)[C@@H](S(=O)(=O)c2ccc(F)cc2)C1
EOS702,-6.152,Cc1cc(S(=O)(=O)[C@H]2CS(=O)(=O)C[C@@H]2NCCCOC(C)C)ccc1F
EOS703,-7.945,O=S1(=O)C[C@H](N2CCN(c3ncccn3)CC2)[C@@H](S(=O)(=O)c2ccc(Cl)cc2)C1
EOS704,-7.04,CC(=O)Nc1ccc(S(=O)(=O)[C@H]2CS(=O)(=O)C[C@@H]2NC2CCCCC2)cc1
EOS705,-8.219,O=C(CC1CCN(C(=O)c2nnc(C(=O)Nc3cccc(Cl)c3)s2)CC1)NCC1CCCO1
EOS706,-8.153,Cc1ccc(S(=O)(=O)N2CCN(Cc3nc4ccccc4o3)CC2)cc1
EOS707,-7.302,CCc1nc(-c2cc(S(=O)(=O)N3CCC(C(=O)NCC4CCCO4)CC3)c(C)s2)no1
EOS708,-7.71,Cc1nc(-c2cc(NC(=O)C3CC(=O)N(c4ccccc4)C3)c(C)s2)no1
EOS709,-6.834,Cc1nn(C(C)C)c(C)c1S(=O)(=O)N1CCN(C(=O)c2ccc(N(C)C)cc2)CC1
EOS710,-7.804,Cc1ccc(NC(=O)C2CCCN(S(=O)(=O)c3c[nH]c(C(=O)N4CCCC4)c3)C2)cc1C
EOS711,-7.782,COc1ccc(S(=O)(=O)Nc2cc(C(=O)N3CCCC3)ccc2N2CCNCC2)cc1OC.O=C(O)C(F)(F)F
EOS712,-7.58,CNC(=O)N1CCCC(c2cccc(C(=O)Nc3cccc(OC)c3)c2)C1
EOS713,-7.687,CCCN1CCN(S(=O)(=O)c2cc(-c3ccc(=O)n(-c4c(C)noc4C)n3)ccc2OC)CC1
EOS714,-7.309,COc1cc(NC(=O)c2ccc3c(c2)CCN3C(=O)C2CC2)cc(OC)c1
EOS715,-7.713,CCOc1ccc(S(=O)(=O)N2CCCN(c3ccc(=O)n(-c4ccccc4)n3)CC2)cc1
EOS716,-7.664,Cc1ccc(-n2nc(N3CCN(C(=O)CCCN4C(=O)c5ccccc5C4=O)CC3)ccc2=O)cc1C
EOS717,-8.53,Cc1ccc(-n2nc(N3CCN(C(=O)c4n[nH]c5c4CCCC5)CC3)ccc2=O)cc1
EOS718,-7.097,COc1ccc(C)cc1N(C)C(=O)c1cc2c(=O)n(C)c(=O)n(C)c2s1
EOS719,-7.967,Cn1c(=O)c2cc(C(=O)Nc3cc(F)ccc3F)sc2n(C)c1=O
EOS720,-8.028,Cn1c(=O)c2cc(C(=O)N3CCC(c4ccccc4)C3)sc2n(C)c1=O
EOS721,-7.059,COc1ccc(S(=O)(=O)n2cc3c(=O)n(C(C)C)c(=O)n(C(C)C)c3n2)cc1
EOS722,-5.863,Cc1ccc(S(=O)(=O)N2CCC(N)C2)cc1
EOS723,-7.824,CC1CSc2ccc(S(=O)(=O)N3CCN(C4CCCCC4)CC3)cc2NC1=O
EOS724,-6.563,COc1ccc(-c2cc(C)no2)cc1S(=O)(=O)NCCc1ccco1
EOS725,-6.865,Cc1cc(-c2ccc(S(=O)(=O)Nc3cccnc3)s2)on1
EOS726,-6.934,CSc1cccc(N2C(=O)N(Cc3cccc(C)c3)C3CS(=O)(=O)CC32)c1
EOS727,-6.738,CCOc1ccc(N2C(=O)N(Cc3ccccc3Cl)C3CS(=O)(=O)CC32)cc1
EOS728,-6.876,CCc1ccc(NS(=O)(=O)c2ccc(N3CCCC3=O)cc2)cc1
EOS729,-7.129,Cc1cccc(N2CCN(C(=O)c3cccc(N4CCCS4(=O)=O)c3)CC2)c1C
EOS730,-6.968,COc1ccc(CCNC(=O)CCS(=O)(=O)c2ccc3c(c2)CC(=O)N3C)cc1OC
EOS731,-6.487,CCN(Cc1cc(=O)n2ccsc2n1)c1ccccc1
EOS732,-6.649,Cc1cn2c(=O)cc(CSc3ccccc3NC(=O)CC(C)C)nc2s1
EOS745,-7.722,CC1=C(c2ccc(Cl)cc2)S(=O)(=O)N=C1N1CCC(C(=O)N2CCC(C(N)=O)CC2)CC1
EOS746,-6.339,CCOCCCNC(=O)C1CCN(C2=NS(=O)(=O)C(c3ccc(C)cc3)=C2CC)CC1
EOS747,-8.066,Cc1ccc(N(C)S(=O)(=O)c2ccc3c(c2)OCC(C(=O)N2CCCC2)O3)cc1
EOS748,-6.193,CCN(c1ccccc1)S(=O)(=O)c1c(C)[nH]c(C)c1C(=O)N1CCCCC1
EOS749,-6.205,Cc1ccc(CNC(=O)CC(C)n2cccn2)cc1
EOS750,-6.686,Cc1cc(C)n(C(C)CC(=O)NCc2ccccc2C)n1
EOS751,-6.685,Cc1ccn(C(C)CC(=O)Nc2ccccc2F)n1
EOS752,-7.661,Cn1c(=O)n(C)c2cc(N3CCOCC3)c(NC(=O)Nc3cccc(Br)c3)cc21
EOS753,-8.174,Cc1nc2ccn(Cc3cccnc3)c(=O)c2cc1C(=O)NCc1ccc2c(c1)OCO2
EOS754,-7.215,COCCn1ccc2nc(C)c(C(=O)N3CCN(c4cccc(OC)c4)CC3)cc2c1=O
EOS755,-6.01,CSc1cccc(NC(=O)CC(C)n2ccnc2)c1
EOS756,-7.765,COc1cccc(CNS(=O)(=O)c2ccc3c(c2)N(C(C)=O)CCCS3)c1
EOS757,-7.525,O=S(=O)(Nc1ccc2c(c1)OCO2)c1ccc(-c2ccn[nH]2)s1
EOS758,-7.017,O=C(Cn1c(=O)oc2ccccc21)Nc1ccc(Cl)cn1
EOS759,-7.961,O=C(NCc1ccccc1)C1CCCN(S(=O)(=O)c2ccc3[nH]c(=O)oc3c2)C1
EOS760,-7.342,COc1ccc(NC(=O)Cn2cnc(S(=O)(=O)N3CCc4ccccc43)c2)cc1
EOS761,-7.527,CCCNc1c(NS(=O)(=O)c2cccc(C#N)c2)c(=O)oc2ccccc12
EOS762,-8.002,O=C(CCS(=O)(=O)c1ccc2c(c1)CCN2C(=O)C1CC1)NC1CCN(Cc2ccccc2)CC1
EOS763,-6.373,CCCNC(=O)NCc1cccn1Cc1cccc(C)c1
EOS764,-5.857,CCOCCCNC(=O)c1ccc(N2CCSc3ncccc32)s1
EOS765,-7.789,O=C(C1CCCN(c2nc3cccnc3s2)C1)N1CCN(c2ccccc2)CC1
EOS766,-6.937,CCCCN(C)C(=O)c1ccc(Cn2c(=O)[nH]c3cc(OC)c(OC)cc3c2=O)cc1
EOS767,-6.606,CCN(CC)C(=O)C1CCC(Cn2c(=O)c3sccc3n(CC(=O)NC(C)C)c2=O)CC1
EOS768,-6.607,O=C(CN1CCCN(Cc2ccccc2F)S1(=O)=O)N1CCCC1
EOS769,-6.822,CCN(CC)C(=O)CN1CCCN(Cc2cc(C)ccc2C)S1(=O)=O
EOS770,-6.673,COc1ccc(N(C)c2nc(-c3ccc(OC)c(OC)c3)no2)c(OC)c1
EOS771,-7.248,COc1cccc(-c2noc(N3CCN(c4ccccn4)CC3)n2)c1OC
EOS772,-6.622,COc1cccc(-c2noc(NCCCN3CCC(C)CC3)n2)c1
EOS773,-6.988,CC(=O)c1ccc(N2CCN(C(=O)CC(c3ccco3)n3cccc3)CC2)cc1
EOS774,-7.431,O=C(CC(c1cccc(F)c1)n1cccc1)N1CCN(c2ccccn2)CC1
EOS775,-6.158,CCC(=O)N1c2ccccc2CC1C(=O)NCCC(C)C
EOS776,-8.3,Cc1ccc(C)c(NC(=O)N2CCC3(CC2)NC(=O)c2ccccc2O3)c1
EOS777,-7.595,O=C(Nc1ccc(C(=O)N2CCN(c3ccccn3)CC2)cc1)C1=CSCCO1
EOS778,-6.677,Cc1ccc(C(=O)NCc2cccs2)cc1NC(=O)C1=CSCCO1
EOS779,-8.012,O=C(CN1C(=O)COc2ccc(C(=O)N3CCCC3)cc21)NCc1ccc(Cl)cc1
EOS780,-7.099,CCC(C)NC(=O)N1CCN(Cc2nc3cc(C(C)(C)C)ccc3o2)CC1
EOS781,-7.605,Cc1cc(C(=O)NCCN2CCCCCC2)c2c(=O)n(C)c(=O)n(C)c2n1
EOS782,-7.467,CC(=O)N1c2ccc(S(=O)(=O)N3CCCCC3)cc2CC1C(=O)N(C)Cc1ccccc1
EOS783,-6.389,CCN(CC)S(=O)(=O)c1ccc2c(c1)CC(C(=O)NCCSCc1ccco1)N2C(C)=O
EOS784,-8.418,O=C(CCc1nnc2ccc(N3CCC4(CC3)OCCO4)nn12)Nc1ccccn1
EOS785,-7.742,CC(C)NC(=O)CCc1nnc2ccc(NCc3ccc(F)cc3)nn12
EOS786,-7.218,CC(C)CNC(=O)C1CCN(c2nnc(N3CCCC3=O)s2)CC1
EOS787,-7.064,COc1ccc(CCNS(=O)(=O)c2ccc(C(=O)N3CCCC3)s2)cc1OC
EOS788,-7.029,COc1cccc(NS(=O)(=O)c2c(C(=O)N3CCC(C)CC3)c(C)n(C)c2C)c1
EOS789,-6.342,CCOc1ccc(CCNS(=O)(=O)c2cn(C)cn2)cc1OCC
EOS790,-7.319,Cc1cc(Cl)ccc1NC(=O)C1CCCN(S(=O)(=O)c2cn(C)cn2)C1
EOS791,-7.305,CCn1cnc(S(=O)(=O)N2CCC(C(=O)Nc3ccc(F)cc3)CC2)c1
EOS792,-7.418,COc1ccc(CNC(=O)CN2C(=O)CCc3cc(S(=O)(=O)N4CCC(C)CC4)ccc32)cc1
EOS793,-7.699,Cc1ncc(-c2ccc(S(=O)(=O)Nc3ccc4c(c3)OCO4)cc2)o1
EOS794,-7.222,O=S(=O)(c1ccc(-c2ccno2)o1)N1CCN(c2ccccc2)CC1
EOS795,-7.932,COc1ccc(Nc2nc(N3CCN(C(=O)c4ccco4)CC3)nc3c2cnn3C)cc1
EOS796,-6.44,COCCCNc1nc(NCc2ccccc2OC)c2cnn(C)c2n1.Cl
EOS797,-6.799,CCc1ccc(CNC(=O)c2cnc(N3CCOCC3)nc2)cc1
EOS798,-6.992,CCN1CCN(c2ncc(C(=O)Nc3ccc(Cl)cc3)c(C)n2)CC1
EOS799,-7.904,COc1ccccc1CNC(=O)c1cncc(NS(=O)(=O)c2ccc3c(c2)OCCO3)c1
EOS800,-7.13,CN(c1cncc(C(=O)NCc2cccnc2)c1)S(=O)(=O)c1ccccc1
EOS801,-7.555,COc1ccccc1-n1c(=O)[nH]c2c(C(N)=O)nc(-c3ccncc3)nc21
EOS802,-6.544,CCN(CC)C(=O)Cn1ccn2nc(-c3ccc(OC)c(OC)c3)cc2c1=O
EOS803,-7.289,COc1ccc(-c2cc3c(SCC(=O)NC(C)C)nccn3n2)cc1
EOS805,-6.455,CCOc1ccc(-n2ccn3c(CCCC(=O)NCC(C)C)nnc3c2=O)cc1
EOS806,-7.456,CC(CC(=O)NCc1cccs1)Cc1nnc2c(=O)n(-c3cccc(F)c3)ccn12
EOS807,-8.208,COc1cccc(C(=O)N2CCN(S(=O)(=O)c3cc4c5c(c3)CCC(=O)N5CCC4)CC2)c1
EOS808,-8.114,Cc1ccc(-n2nc(C)c3nc(CCC(=O)N4CCN(c5ccccn5)CC4)c(=O)n(C)c32)cc1
EOS809,-7.125,CCc1nn2c(=O)cc(CSCC(=O)Nc3cccc(C)c3)nc2s1
EOS810,-7.347,Cc1cc2[nH]c(=O)[nH]c2cc1NS(=O)(=O)c1ccc(F)cc1
EOS811,-7.21,Cc1ccc(S(=O)(=O)Nc2ccc3[nH]c(=O)oc3c2)c(C)c1
EOS812,-6.749,COc1cccc(C(=O)Nc2ccc3[nH]c(=O)oc3c2)c1
EOS813,-6.827,CCn1c(=O)oc2cc(NS(=O)(=O)c3c(C)noc3C)ccc21
EOS814,-6.749,CCCn1c(=O)oc2cc(NC(=O)Nc3cc(OC)c(OC)c(OC)c3)ccc21
EOS815,-8.03,O=C(NCc1cccnc1)C1CCN(c2nccn3nc(-c4ccccc4)cc23)CC1
EOS816,-8.65,Cc1cc(C)n(CC(=O)Nc2ccccc2C(=O)N2CCN(c3ccccn3)CC2)c(=O)c1C#N
EOS817,-6.955,CCCCOc1ccc(C(=O)Nc2cc(N3CCCS3(=O)=O)ccc2OC)cc1
EOS818,-7.06,COc1ccc(CC(=O)N2CCC3(CC2)OCCN3S(=O)(=O)c2ccc(Cl)cc2)cc1
EOS819,-6.055,CCCS(=O)(=O)Nc1ccc2c(c1)CCCN2S(=O)(=O)CCC
EOS820,-7.599,O=S(=O)(Nc1ccccc1F)c1ccc(N2CCCCS2(=O)=O)cc1
EOS821,-7.35,CCC(=O)N1CCCc2ccc(NC(=O)COc3ccccc3)cc21
EOS822,-7.056,CS(=O)(=O)N1CCCc2ccc(NS(=O)(=O)c3ccc(Cl)cc3)cc21
EOS823,-7.773,CCCNC(=O)Cn1c(=O)nc(-c2ccccc2)c2ccccc21
EOS824,-6.828,COc1cccc(NC(=O)c2ncoc2-c2ccc(C)o2)c1
EOS825,-6.526,CCn1nc(C)c(CCNC(=O)Nc2cc(OC)ccc2OC)c1C
EOS826,-7.234,O=C(NCCc1ccco1)c1cc2n(n1)CCCN(Cc1cccc(F)c1)C2=O
EOS916,-7.77,Cc1ccc(C)c(NC(=O)Cn2nc3c(cc2=O)CC(C)CC3)c1
EOS917,-7.146,Cc1cc(NC(=O)c2cccn(Cc3cccc(F)c3)c2=O)no1
EOS918,-7.814,NS(=O)(=O)c1ccc(NC(=O)c2cccn(Cc3ccccc3F)c2=O)cc1
EOS919,-7.585,COc1ccc(NC(=O)c2ccc(=O)n(Cc3cccc(F)c3)c2)cc1OC
EOS920,-6.965,Cc1ccc(C(=O)Nc2nnc3n2CCCS3)cc1
EOS921,-7.268,Cc1nc(-c2ccc(N3CCN(C(=O)c4ccccc4)CC3)cc2)no1
EOS922,-8.694,O=c1ccc2cc(S(=O)(=O)N3CCN(c4ccc(F)cc4)CC3)ccc2[nH]1
EOS923,-6.141,CC(=O)N1CCCc2cc(S(=O)(=O)N(Cc3cccs3)C(C)C)ccc21
EOS924,-7.391,CCn1c(SCC(=O)Nc2nccs2)nc2c([nH]c3ccccc32)c1=O
EOS925,-6.284,COc1ccc(-n2ccnc2SCC(=O)Nc2nc(C)cs2)c(OC)c1
EOS926,-6.77,O=C(CSc1nccn1Cc1ccc2c(c1)OCO2)Nc1nccs1
EOS927,-7.743,Cc1onc(-c2ccccc2Cl)c1C(=O)Nc1cc(=O)n(C)c(=O)n1C
EOS928,-6.567,CCOc1cc(C(=O)Nc2cc(=O)n(C)c(=O)n2C)cc(OCC)c1OCC
