EOS,Conformation,Affinity,Smile
EOS1,7,-7.372,COc1ccc(N2C(=O)NC(CC(=O)N3CCC(c4ccccc4)CC3)C2=O)cc1
EOS2,9,-6.82,COc1cc2ncn(CCC(=O)NCc3cccc(F)c3)c(=O)c2cc1OC
EOS3,6,-6.395,O=C(C1CCCCC12OCCO2)N1CCOC(c2ccccc2)C1
EOS4,7,-7.448,O=C(CCCC(=O)N1CCOC(c2ccccc2)C1)N1CCOC(c2ccccc2)C1
EOS5,8,-6.676,CC[C@@H](C)[C@@H](CO)NC(=O)Cc1c(C)c2ccc(O)cc2oc1=O
EOS6,4,-6.522,CSCC[C@@H](CO)NC(=O)c1cn(C)c2c(F)cc(F)cc2c1=O
EOS7,6,-5.465,O=C(CC1NC(=O)N(CCc2ccccc2)C1=O)N[C@H](CO)Cc1ccccc1
EOS8,8,-6.811,O=C(CCC1NC(=O)N(c2cccc3ccccc23)C1=O)NCCc1ccco1
EOS9,2,-8.06,CC(=O)Nc1cccc(N2C(=O)NC(CCC(=O)N3CCN(c4ccccc4)CC3)C2=O)c1
EOS10,2,-8.082,CC(C)CC(NC(=O)CCC1NC(=O)N(c2ccccc2)C1=O)c1nnc2ccccn12
EOS11,5,-6.936,O=C(N[C@H](CO)Cc1ccccc1)c1cn(Cc2ccncc2)c(=O)c2ccccc12
EOS12,3,-6.505,COc1ccc(N2C(=O)NC(CCC(=O)NC(C)c3nc4ccccc4[nH]3)C2=O)cc1
EOS13,3,-6.865,Cc1csc(N2C(=O)NC(CC(=O)NCCc3ccccn3)C2=O)n1
EOS14,7,-6.836,Cc1cc(C)n(CCNC(=O)CCC2NC(=O)N(c3ccccc3)C2=O)n1
EOS15,1,-7.007,CC[C@H](C)[C@@H](C(=O)Nc1ccc(N2CCCS2(=O)=O)cc1)n1cnnn1
EOS16,3,-7.35,Cc1c(CC(=O)N2CCCCC2c2cccnc2)c(=O)oc2cc(O)ccc12
EOS17,8,-7.185,Cc1ccc(C(=O)NCCc2ccc(O)cc2)c(-n2cnnn2)c1C
EOS18,6,-6.935,O=C(CC1NC(=O)N(Cc2ccco2)C1=O)NCCc1nc(-c2ccccc2)cs1
EOS19,3,-7.232,Cn1ccc2cc(C(=O)NCCc3ccc(O)cc3)ccc21
EOS20,3,-6.728,O=C(CC1NC(=O)N(Cc2ccco2)C1=O)NCCn1ccc2c(Cl)cccc21
EOS21,8,-6.495,COc1cccc2c1ccn2CCNC(=O)Cn1c(C)cc(O)cc1=O
EOS22,4,-7.772,O=C(c1cnc2ccc(F)cc2c1O)N1CCN(CCc2ccncc2)CC1
EOS23,2,-7.136,CCS(=O)(=O)c1ccc(O)c(NC(=O)Cn2cnc3cc(OC)c(OC)cc3c2=O)c1
EOS24,9,-7.191,O=C(CCNc1ncnc2[nH]cnc12)NCCC1CCN(Cc2ccccc2)CC1
EOS25,6,-6.291,CC[C@@H](C)[C@@H](CO)NC(=O)Cn1ncc2ccccc2c1=O
EOS26,4,-6.569,CC[C@@H](C)[C@@H](CO)NC(=O)c1n[nH]c2c1CCCCC2
EOS27,3,-6.121,CC[C@@H](C)[C@@H](CO)NC(=O)Cc1c(C)n[nH]c1-c1ccc(Cl)cc1
EOS28,6,-6.217,O=C(c1snnc1-c1ccccc1)N1CCOCC1
EOS29,3,-6.924,Cc1cccc(NC(=O)c2cc3ccccc3n2C)n1
EOS30,1,-6.137,CC(C)OCCCNC(=O)c1snnc1-c1ccccc1
EOS31,1,-6.7,Cn1ccc2cc(C(=O)Nc3ccncc3)ccc21
EOS32,5,-6.081,CC[C@@H](C)[C@@H](CO)NC(=O)c1ccc2c(c1)NC(=O)CO2
EOS33,5,-5.854,CSCC[C@@H](CO)NC(=O)c1c[nH]c2c(C(C)C)cccc2c1=O
EOS34,3,-6.767,CC1(C)OC(=O)CC1C(=O)N1CCCCC1c1ccccn1
EOS35,8,-6.238,CSCC[C@@H](CO)NC(=O)Cn1cnc2sc(-c3ccccc3)cc2c1=O
EOS36,4,-6.852,CC1(C)OC(=O)CC1C(=O)NCCn1ccnc1-c1ccccc1
EOS37,6,-6.597,Cc1ccc(C(C)C)c(OCCNC(=O)C2CC(=O)OC2(C)C)c1
EOS38,4,-8.764,O=C(Cn1ccc2c(cnc3ccnn32)c1=O)N1C[C@@H]2C[C@H](C1)Cn1c2cccc1=O
EOS39,1,-7.197,Cc1cc(O)cc(=O)n1CCCC(=O)N1CCCC1c1nc2ccccc2[nH]1
EOS40,3,-6.514,COc1cc(NC(=O)c2ccc3c(ccn3C)c2)cc(OC)c1OC
EOS41,3,-6.539,CSCC[C@@H](CO)NC(=O)CCc1c(C)[nH]c2ccnn2c1=O
EOS42,4,-6.553,COc1cccc2c1ccn2CCNC(=O)Cn1c(C)ccc1C
EOS43,2,-7.382,O=C(N[C@H](CO)Cc1ccccc1)c1n[nH]c2c1COc1ccccc1-2
EOS44,1,-5.921,C[C@@H](CO)NC(=O)c1cc(-c2ccsc2)[nH]n1
EOS45,7,-6.697,Cc1c(CC(=O)N[C@H](CO)C(C)C)c(=O)oc2cc(O)ccc12
EOS46,4,-7.217,CC1(C)CC(NC(=O)Cn2ccc3c(NS(C)(=O)=O)cccc32)CC(C)(C)N1
EOS47,2,-6.12,CC(C)NC(=O)Cn1ccc2c(NS(C)(=O)=O)cccc21
EOS48,9,-6.737,Cn1ncc(C(=O)Nc2ccc(N3CCCCS3(=O)=O)cc2)c1-n1cccc1
EOS49,1,-7.174,Cc1cccnc1NC(=O)c1ccc2ccn(C)c2c1
EOS50,1,-6.659,COc1ccc(OC)c(NC(=O)c2cnn(C)c2-n2cccc2)c1
EOS51,6,-6.453,CCN1CCCC1CNC(=O)Cn1ccc2c(NC(C)=O)cccc21
EOS52,6,-7.156,O=C(CCc1nnc2ccccn2c1=O)NCCc1ccncc1
EOS53,3,-7.213,COc1cc2ncn(CC(=O)N[C@@H](C)C(=O)N3CCN(Cc4ccccc4)CC3)c(=O)c2cc1OC
EOS54,6,-7.435,CS(=O)(=O)N1CCc2cc(C(=O)Cn3cnc4ccsc4c3=O)ccc21
EOS55,1,-8.412,O=C1Nc2ccccc2CCC1n1cnc2cc(F)ccc2c1=O
EOS56,3,-8.448,CN1C(=O)COc2ccc(C(=O)Cn3cnc4cc(F)ccc4c3=O)cc21
EOS57,4,-7.998,CS(=O)(=O)N1CCc2cc(C(=O)Cn3cnc4cc(F)ccc4c3=O)ccc21
EOS58,3,-7.598,O=C(NCCO)c1ccc2c(c1)C(=O)N(CCc1c[nH]c3ccccc13)C2=O
EOS59,1,-7.513,COCCNC(=O)c1ccc2c(c1)C(=O)N(c1ccc(Cn3cncn3)cc1)C2=O
EOS60,3,-7.514,COc1cc2ncn(CC(=O)NCC(=O)N3CCN(Cc4ccccc4)CC3)c(=O)c2cc1OC
EOS61,8,-6.202,CC(C)C[C@@H](CO)NC(=O)CSCc1nc2ccccc2c(=O)[nH]1
EOS62,4,-6.381,COc1cc2c(cc1OC)CC(=O)N(CC(=O)NCCC(C)C)C=C2
EOS63,3,-7.166,COc1cc2c(cc1OC)CC(=O)N(CC(=O)NCCn1cnc3ccccc31)C=C2
EOS64,2,-6.121,COc1cc2c(cc1OC)CC(=O)N(CC(=O)NCCCOC(C)C)C=C2
EOS65,1,-6.578,COc1cc2c(cc1OC)CC(=O)N(CC(=O)N1CCSCC1)C=C2
EOS66,5,-6.855,COc1cc2c(cc1OC)CC(=O)N(CC(=O)NCc1ccccc1Cl)C=C2
EOS67,2,-6.375,COc1cc2c(cc1OC)CC(=O)N(CC(=O)NCCc1ccco1)C=C2
EOS68,5,-7.263,COc1cc2c(cc1OC)CC(=O)N(CC(=O)NCc1nc3ccccc3n1C)C=C2
EOS69,1,-7.44,COc1cc2c(cc1OC)CC(=O)N(CC(=O)N1CCN(c3ccccc3OC)CC1)C=C2
EOS70,6,-6.271,COc1cc2ncn(CCC(=O)NC3CCCC3)c(=O)c2cc1OC
EOS71,1,-6.858,COc1ccc(CCNC(=O)CCn2cnc3cc(OC)c(OC)cc3c2=O)cc1
EOS72,2,-6.797,COc1ccccc1CNC(=O)CCn1cnc2cc(OC)c(OC)cc2c1=O
EOS73,3,-6.625,COc1cc2ncn(CCC(=O)NCc3ccccc3)c(=O)c2cc1OC
EOS74,4,-6.828,COc1cc2ncn(CCC(=O)Nc3ccc(O)cc3)c(=O)c2cc1OC
EOS75,3,-8.047,CC(=O)Nc1ccc(C(=O)Cn2cnc3cc(F)ccc3c2=O)cc1
EOS76,1,-8.436,COc1cc2c(cc1OC)CC(=O)N(CC(=O)N1CCN(c3nc4ccccc4n3C)CC1)C=C2
EOS77,9,-6.871,CC(=O)N1CCN(C(=O)c2cc(-c3ccco3)nc3ccccc23)CC1
EOS78,5,-6.534,COc1ccc(Cn2nc(-c3ccccc3OC)ccc2=O)cc1
EOS79,5,-6.15,COc1cc2c(cc1OC)CC(=O)N(CC(=O)NCCSc1ccccc1)C=C2
EOS80,1,-7.696,COc1cc2c(cc1OC)CC(=O)N(CC(=O)N1CCN(c3ccccc3)CC1)C=C2
EOS81,1,-8.332,COc1cc2c(cc1OC)CC(=O)N(CC(=O)N1CCN(c3ccc(C(F)(F)F)cn3)CC1)C=C2
EOS82,3,-7.635,CSCC[C@H](NC(=O)c1sc2nc[nH]c(=O)c2c1C)c1nnc2ccccn12
EOS83,7,-6.411,O=C(CC(Cn1cccc1)c1ccc(Cl)cc1)NCC1CCOCC1
EOS84,3,-6.754,COCCn1ccc2ccc(C(=O)NCCc3ccc(O)cc3)cc21
EOS85,2,-8.039,O=C(C1CC(=O)N(c2n[nH]c3ccccc23)C1)N1CCCC1
EOS86,5,-6.657,CCCCN1C(=O)c2ccccc2C(C(=O)NCC2CCOCC2)C12CCCC2
EOS87,5,-8.004,Cc1nc2ncc3c(=O)n(CC(=O)NCCc4ccc(O)cc4)ccc3n2n1
EOS88,1,-7.95,NS(=O)(=O)c1ccc(CNC(=O)c2cccc(Nc3ncccn3)c2)cc1
EOS89,8,-6.965,COc1ccc(CN2C(=O)N[C@@H](CC(=O)Nc3cccc4c3ccn4C)C2=O)cc1OC
EOS90,4,-7.657,COc1ccc(CN2C(=O)N[C@@H](CC(=O)Nc3ccc4[nH]ccc4c3)C2=O)cc1OC
EOS91,4,-6.814,COc1ccc(CCN2C(=O)N[C@@H](CC(=O)Nc3nc(C)c(C)s3)C2=O)cc1
EOS92,3,-8.07,COCc1n[nH]c(-c2cccc(NC(=O)CC[C@@H]3NC(=O)c4ccccc4NC3=O)c2)n1
EOS93,1,-9.118,O=C(Nc1ccc2c(c1)C(=O)N1CCC[C@H]1C(=O)N2)c1cnc2c(F)cccc2c1O
EOS94,2,-7.97,COc1ccc2c(ccn2CCC(=O)Nc2ccc3c(c2)C(=O)N2CCC[C@H]2C(=O)N3)c1
EOS95,6,-5.223,CSCCC(N)c1nc(-c2ccco2)no1
EOS96,1,-8.604,O=C(Nc1ccc2c(c1)C(=O)N1CCC[C@H]1C(=O)N2)c1cc(-c2ccccn2)n[nH]1
EOS97,2,-5.273,CSCCC(N)c1nc(-c2cccs2)no1
EOS98,2,-5.709,COc1ccc(-c2noc(C(N)CCSC)n2)cc1OC
EOS99,3,-7.298,CSCC[C@@H]1NC(=O)c2cc(NC(=O)c3cc(=O)[nH]c4ccccc34)ccc2NC1=O
EOS100,7,-6.451,COc1ccc(CN2C(=O)N[C@@H](CCC(=O)Nc3cnn(C)c3)C2=O)cc1
EOS101,1,-7.597,Cc1nc(NC(=O)CC[C@@H]2NC(=O)N(Cc3ccc4c(c3)OCO4)C2=O)sc1C
EOS102,3,-6.557,COc1ccc(CCN2C(=O)N[C@@H](CCC(=O)NCc3cccn3C)C2=O)cc1
EOS103,5,-6.43,COc1ccc(CN2C(=O)N[C@@H](CCC(=O)Nc3nccs3)C2=O)cc1OC
EOS104,8,-6.556,COc1ccc(NC(=O)CC[C@@H]2NC(=O)N(Cc3ccc(OC)c(OC)c3)C2=O)cc1
EOS105,5,-7.229,Cn1ccc2cc(NC(=O)C[C@@H]3NC(=O)N(Cc4ccccc4)C3=O)ccc21
EOS106,9,-7.223,O=C(C[C@@H]1NC(=O)N(Cc2ccccc2)C1=O)Nc1cccc2ncccc12
EOS107,5,-8.039,O=C(C[C@@H]1NC(=O)N(Cc2ccccc2)C1=O)Nc1cccc(-c2nc[nH]n2)c1
EOS108,8,-6.959,O=C(C[C@@H]1NC(=O)N(Cc2ccccc2)C1=O)Nc1ccc(N2CCCS2(=O)=O)cc1
EOS109,6,-6.747,COc1ccc(CN2C(=O)N[C@@H](CC(=O)NCCn3cnc4ccccc43)C2=O)cc1
EOS110,1,-8.556,COc1ccc(Cc2nc(NC(=O)C[C@@H]3NC(=O)c4ccccc4NC3=O)n[nH]2)cc1
EOS111,4,-7.843,O=C(C[C@@H]1NC(=O)c2ccccc2NC1=O)NCCn1ccc2ccc(F)cc21
EOS112,1,-7.902,COc1ccc(Cc2nc(NC(=O)CC[C@@H]3NC(=O)c4ccccc4NC3=O)n[nH]2)cc1
EOS113,4,-8.147,O=C(C[C@@H]1NC(=O)c2ccccc2NC1=O)Nc1n[nH]c(C2CCCCC2)n1
EOS114,2,-8.512,O=C(CC[C@@H]1NC(=O)c2ccccc2NC1=O)Nc1cccc(N2CCCCS2(=O)=O)c1
EOS115,3,-7.026,COc1ccc(CN2C(=O)N[C@@H](CCC(=O)NCc3ccc(S(N)(=O)=O)cc3)C2=O)cc1
EOS116,7,-7.796,COc1ccc(CN2C(=O)N[C@@H](CCC(=O)N[C@@H](C)c3nnc4ccccn34)C2=O)cc1
EOS117,6,-7.105,COc1ccc(CN2C(=O)N[C@@H](CCC(=O)NCCc3ccc(O)cc3)C2=O)cc1OC
EOS118,5,-6.465,Cn1ccc(NC(=O)CC[C@@H]2NC(=O)N(Cc3ccccc3Cl)C2=O)n1
EOS119,1,-8.112,O=C(CC[C@@H]1NC(=O)N(Cc2cccc(F)c2)C1=O)Nc1nc[nH]n1
EOS120,4,-6.666,Cc1csc(NC(=O)CC[C@@H]2NC(=O)N(CCc3cccc(F)c3)C2=O)n1
EOS121,6,-6.665,COCCn1ccc2c(NC(=O)CC[C@@H]3NC(=O)N(Cc4ccccc4)C3=O)cccc21
EOS122,3,-7.333,Cn1ccnc1C(=O)c1cccc(NC(=O)CC[C@@H]2NC(=O)N(Cc3ccccc3)C2=O)c1
EOS123,4,-8.292,Cc1n[nH]c(C)c1S(=O)(=O)N1CCN(C(=O)CC[C@@H]2NC(=O)c3ccccc3NC2=O)CC1
EOS124,9,-6.672,O=C(CC[C@@H]1NC(=O)N(Cc2ccco2)C1=O)Nc1nnc(C2CC2)s1
EOS125,3,-7.772,NC(=O)c1ccc(NC(=O)C[C@@H]2NC(=O)N(CCc3c[nH]c4ccccc34)C2=O)cc1
EOS126,9,-7.128,CC(=O)c1cn(CCNC(=O)CC[C@@H]2NC(=O)c3ccccc3NC2=O)c2ccccc12
EOS127,7,-6.495,O=C(C[C@@H]1NC(=O)N(Cc2cccc(Cl)c2)C1=O)NCCn1cccn1
EOS128,5,-6.58,Cc1nccn1CCNC(=O)C[C@@H]1NC(=O)N(CCc2ccccc2)C1=O
EOS129,1,-7.974,O=C(C[C@H]1NC(=O)c2ccccc2NC1=O)Nc1nc(-c2cccs2)n[nH]1
EOS130,4,-8.605,O=C(CC[C@@H]1NC(=O)c2ccccc2NC1=O)Nc1ccc2ncn(C3CC3)c(=O)c2c1
EOS131,2,-5.774,CS(=O)(=O)CCC(N)c1nc(-c2ccco2)no1.Cl
EOS132,3,-6.753,Cn1cc(OCc2ccccc2)c(=O)cc1C(=O)Nc1ccccc1
EOS133,2,-6.824,Cc1nc(NC(=O)c2cc(=O)c(OCc3ccccc3)cn2C)sc1C
EOS134,1,-7.557,O=C(NCC1CC2C=CC1C2)c1cc(=O)c(OCc2cccc(Cl)c2)c[nH]1
EOS135,5,-7.38,O=C(NCCn1cnc2ccccc2c1=O)NC[C@@H]1CCCN2CCCC[C@H]12
EOS136,6,-6.297,CN(C)S(=O)(=O)N1CCN(Cn2ncc3ccccc3c2=O)CC1
EOS137,4,-7.355,C[C@@H](C(=O)Nc1c2c(nn1C)CSC2)N1Cc2ccccc2C1=O
EOS138,2,-7.799,O=C(Nc1ccc(C(=O)NCCc2c[nH]c3ccccc23)cc1)NC1CCS(=O)(=O)C1
EOS139,2,-8.439,CN1C(=O)c2ccc(NC(=O)c3nn(C)c(=O)c4ccccc34)cc2C1=O
EOS140,2,-7.2,O=C(Nc1n[nH]c(C2CC2)n1)C1CC(=O)N(c2ccc(Br)cc2)C1
EOS141,6,-6.786,Cc1[nH]c2c3c(F)cccc3nn2c(=O)c1CCC(=O)NCCN(C)C
EOS142,1,-7.374,Cc1nn(C2CCS(=O)(=O)C2)c(C)c1C(=O)Nc1n[nH]c(CC(C)C)n1
EOS143,6,-7.569,COc1c2c(c(CNC(=O)CCC3NC(=O)N(Cc4ccc5c(c4)OCO5)C3=O)c3c1OCO3)CCN(C)C2
EOS144,8,-6.905,O=C(CC1NC(=O)c2ccccc2NC1=O)NC1CCN(Cc2nc3ccccc3[nH]2)CC1
EOS145,2,-7.573,O=C(CC1NC(=O)N(c2ccccc2)C1=O)N1CCOC(c2ccccc2)C1
EOS146,3,-6.738,COc1ccc(-c2cc(C(=O)Nc3cnn(C)c3)n(C)n2)cc1
EOS147,1,-6.758,CC(C)Cc1nc2ccc(NC(=O)c3cccnc3)cc2[nH]1
EOS148,1,-6.713,COc1cc(-c2nnc(NC(=O)c3ccncc3)s2)cc(OC)c1OC
EOS149,2,-6.572,CC(C)n1ccc2c(OCC(=O)Nc3ncc[nH]3)cccc21
EOS150,6,-7.303,O=C(Nc1ccc2c(c1)OCCCO2)N(CC1CC1)C[C@@H]1CCCN2CCCC[C@H]12
EOS151,6,-6.222,COc1cccc2c1ccn2CC(=O)Nc1ccc(OCCN(C)C)cc1
EOS152,1,-6.243,CSCC[C@@H](CO)NC(=O)Cn1ncc2ccccc2c1=O
EOS153,6,-7.724,O=C(CCC1NC(=O)c2ccccc2NC1=O)NCCn1cnc2cc(Cl)ccc21
EOS154,7,-5.667,Cn1ccc(NC(=O)CCNc2ncccn2)n1
EOS155,1,-7.502,O=C(Cn1ccc2ccccc21)Nc1ccc2c(c1)COC2=O
EOS156,2,-7.083,COc1cc2ncn(CC(=O)Nc3c(C)nn(C(C)C)c3C)c(=O)c2cc1OC
EOS157,1,-7.477,Cc1c(C(=O)Nc2cnn(C)c2)sc2nc[nH]c(=O)c12
EOS158,1,-7.042,COc1ccc2[nH]c(C(=O)N3C[C@@H]4C[C@H](C3)Cn3c4cccc3=O)cc2c1
EOS159,3,-7.071,COc1ccc2c(c1)cc(C(=O)N1C[C@@H]3C[C@H](C1)Cn1c3cccc1=O)n2C
EOS160,1,-7.048,COc1ccc(OC)c2c1cc(C(=O)N1CCN(c3ccccn3)CC1)n2C
EOS161,1,-8.699,O=C(CCc1nnc(O)[nH]c1=O)N1CCCCC1c1nc2ccccc2[nH]1
EOS162,3,-7.624,O=C1NC(CCC(=O)N2CCN(c3cnccn3)CC2)C(=O)Nc2ccccc21
EOS163,4,-7.476,O=C(NCCCC(=O)N1CCCCC1c1nc2ccccc2[nH]1)c1cnccn1
EOS164,8,-7.452,COc1cccc2c1ccn2CCCNC(=O)CC1NC(=O)c2ccccc2NC1=O
EOS165,9,-6.704,Cc1cc(=O)oc2c3c(cc(OCC(=O)N[C@@H](C)CO)c12)OC(C)(C)CC3
EOS166,5,-6.822,COCCn1ccc2c(C(=O)Nc3cc(C)nn3C3CCS(=O)(=O)C3)cccc21
EOS167,2,-7.379,COCc1n[nH]c(-c2ccc(NC(=O)CCN3C(=O)CC4(CCCC4)C3=O)cc2)n1
EOS168,1,-5.844,COc1ccc(OC)c2c1cc(C(=O)NC(C)C)n2C
EOS169,4,-7.483,COc1ccc(NC(=O)Cn2ccc3c(cnc4ccnn43)c2=O)c(OC)c1
EOS170,7,-6.529,Cn1c(=O)cc(C(=O)Nc2ccncc2)c2ccccc21
EOS171,7,-6.367,CC[C@@H](C)[C@@H](CO)NC(=O)Cc1nn(C(C)C)c(=O)c2ccccc12
EOS172,7,-6.841,Cc1nn(-c2ccccc2)c(C)c1CC(=O)Nc1ccccn1
EOS173,1,-7.264,COc1cc2ncn(CCC(=O)Nc3ccc(NC(C)=O)cc3)c(=O)c2cc1OC
EOS174,9,-7.398,O=C(CC1NC(=O)N(c2cccc3ccccc23)C1=O)NCc1ccccn1
EOS184,6,-6.006,CC(C)(C)C(=O)NCCc1csc(-c2cccnc2)n1
EOS185,6,-6.596,O=C(NCCc1csc(-c2cccnc2)n1)NC1CCCCC1
EOS186,8,-6.415,O=C(NCCc1csc(-c2ccncc2)n1)C1CCCCC1
EOS187,1,-7.175,CC(C)CNC(=O)C1CCN(C(=O)C2CC(=O)N(c3ccccc3)C2)CC1
EOS188,5,-7.644,O=C(NCc1ccccc1)C1CCN(C(=O)C2CC(=O)N(c3ccccc3)C2)CC1
EOS189,4,-7.92,CC(=O)Nc1ccc(NC(=O)C2CCN(C(=O)C3CC(=O)N(c4ccccc4)C3)CC2)cc1
EOS190,4,-7.12,COc1ccc(CCNC(=O)C2CCN(C(=O)C3CC(=O)N(c4ccccc4)C3)CC2)cc1
EOS191,4,-6.377,COc1ccccc1N1CCN(C2OC(=O)c3c2ccc(OC)c3OC)CC1
EOS192,7,-6.336,Cc1c(NC(=O)C2=C(c3ccccc3)S(=O)(=O)CCO2)c(=O)n(-c2ccccc2)n1C
EOS193,9,-6.377,COc1ccc(NC(=O)C2=C(c3ccccc3)S(=O)(=O)CCO2)c(OC)c1
EOS194,5,-6.819,COc1ccc(CCNC(=O)C2=C(c3ccccc3)S(=O)(=O)CCO2)cc1OC
EOS195,9,-6.566,O=C(Nc1cccc2cccnc12)C1=C(c2ccccc2)S(=O)(=O)CCO1
EOS196,8,-6.275,CN(Cc1ccccc1)C(=O)c1ccc(S(=O)(=O)C2CCS(=O)(=O)C2)cc1
EOS197,1,-7.398,CCN(CCc1ccncc1)C(=O)c1ccc(S(=O)(=O)C2CCS(=O)(=O)C2)cc1
EOS198,2,-7.894,O=C(c1ccc(S(=O)(=O)C2CCS(=O)(=O)C2)cc1)N1CCCc2ccccc21
EOS199,1,-7.254,COc1ccc(OC)c(NC(=O)c2ccc(S(=O)(=O)C3CCS(=O)(=O)C3)cc2)c1
EOS200,2,-7.807,O=C(Nc1ccc(F)c(F)c1)c1ccc(S(=O)(=O)C2CCS(=O)(=O)C2)cc1
EOS201,1,-7.573,O=C(NCCc1ccc(F)cc1)c1cccc(S(=O)(=O)C2CCS(=O)(=O)C2)c1
EOS202,7,-6.824,N#Cc1cccc(NC(=O)c2cccc(S(=O)(=O)C3CCS(=O)(=O)C3)c2)c1
EOS203,4,-6.844,CC(C)NC(=O)c1cc(S(=O)(=O)C2CCS(=O)(=O)C2)ccc1F
EOS204,9,-6.331,CC(C)CNC(=O)c1cc(S(=O)(=O)C2CCS(=O)(=O)C2)ccc1F
EOS205,7,-6.92,O=C(NCCC1=CCCCC1)c1cc(S(=O)(=O)C2CCS(=O)(=O)C2)ccc1F
EOS206,8,-5.841,COCCCNC(=O)c1cc(S(=O)(=O)C2CCS(=O)(=O)C2)ccc1F
EOS207,4,-6.96,O=C(NCc1ccco1)c1cc(S(=O)(=O)C2CCS(=O)(=O)C2)ccc1F
EOS208,8,-7.31,O=C(NCc1ccc(F)cc1)c1cc(S(=O)(=O)C2CCS(=O)(=O)C2)ccc1F
EOS209,7,-7.116,O=C(NCc1ccccn1)c1cc(S(=O)(=O)C2CCS(=O)(=O)C2)ccc1F
EOS210,3,-7.355,O=C(NCc1cccnc1)c1cc(S(=O)(=O)C2CCS(=O)(=O)C2)ccc1F
EOS211,6,-7.104,O=C(NCc1ccncc1)c1cc(S(=O)(=O)C2CCS(=O)(=O)C2)ccc1F
EOS212,8,-6.896,O=C(NCCc1ccccc1)c1cc(S(=O)(=O)C2CCS(=O)(=O)C2)ccc1F
EOS213,8,-6.89,COc1ccc(CCNC(=O)c2cc(S(=O)(=O)C3CCS(=O)(=O)C3)ccc2F)cc1
EOS214,9,-6.696,O=C(c1cc(S(=O)(=O)C2CCS(=O)(=O)C2)ccc1F)N1CCC2(CC1)OCCO2
EOS215,5,-6.58,CC(C)(C)NC(=O)c1cc(S(=O)(=O)C2CCS(=O)(=O)C2)ccc1F
EOS216,7,-6.901,CN(C(=O)c1cc(S(=O)(=O)C2CCS(=O)(=O)C2)ccc1F)c1ccccc1
EOS217,1,-7.223,CC(C)Oc1ccc(NC(=O)c2cc(S(=O)(=O)C3CCS(=O)(=O)C3)ccc2F)cc1
EOS218,1,-6.464,O=C(Nc1nccs1)C1=C(c2ccccc2)S(=O)(=O)CCO1
EOS219,4,-6.349,CC(=O)c1sc(NC(=O)C2=C(c3ccccc3)S(=O)(=O)CCO2)nc1C
EOS220,1,-7.309,O=c1oc2cc(O)ccc2c(O)c1-c1ccccc1
EOS221,1,-6.746,COc1ccccc1Oc1ccc(NC(=O)c2cccnc2)cn1
EOS222,2,-6.513,COc1ccccc1Oc1ccc(NC(=O)c2ccncc2)cn1
EOS223,2,-6.965,COc1ccc(C(=O)Nc2ccc3c(c2)N(C)C(=O)CO3)cc1OC
EOS224,1,-7.166,CN1C(=O)COc2ccc(NC(=O)CCc3ccccc3)cc21
EOS225,7,-6.773,O=C(NCCN1CCOCC1)c1cc(S(=O)(=O)C2CCS(=O)(=O)C2)ccc1F
EOS226,9,-7.495,O=C(c1cc(S(=O)(=O)C2CCS(=O)(=O)C2)ccc1F)N1CCc2ccccc21
EOS227,7,-6.407,COc1cccc(OC)c1C(=O)NCCc1ncc2ccccn12
EOS228,1,-7.614,O=C(NCCc1ncc2ccccn12)c1ccc(S(=O)(=O)N2CCCC2)cc1
EOS229,1,-7.906,O=C(NCCc1ncc2ccccn12)c1ccc(S(=O)(=O)N2CCCCC2)cc1
EOS230,1,-7.786,O=C(NCCc1ncc2ccccn12)c1ccc(S(=O)(=O)N2CCOCC2)cc1
EOS231,5,-6.816,O=C(NCCc1ncc2ccccn12)Nc1ccc(Cl)cc1
EOS232,1,-5.858,CN(Cc1ccccc1)C(=O)C1=C(c2ccccc2)S(=O)(=O)CCO1
EOS233,1,-6.106,Cc1ccsc1CN(CC1CCCO1)C(=O)C1=C(c2ccccc2)S(=O)(=O)CCO1
EOS234,3,-6.719,Clc1ccccc1-c1nnc(-c2ccncc2)o1
EOS235,1,-6.803,O=C(NC1CC1)c1cc2occc2n1Cc1ccccc1
EOS236,7,-5.339,N#CCSc1nc(S(=O)(=O)c2ccccc2)c(Cl)s1
EOS237,2,-8.081,CN(C)C(CNC(=O)C1=C(c2ccccc2)S(=O)(=O)CCO1)c1ccc(F)cc1.Cl
EOS238,1,-6.952,O=C(NCCO)c1cc2occc2n1Cc1ccccc1F
EOS239,4,-6.443,CC(C)C(=O)N1CCN(c2ccccc2NC(=O)c2cccnc2)CC1
EOS240,1,-7.028,CC(=O)c1ccc(NC(=O)c2cc3occc3n2C)cc1
EOS241,5,-6.17,COCCCN1COc2ccc3c(=O)c(Oc4ccccc4OC)coc3c2C1
EOS242,5,-7.313,Cl.Nc1ccc(C(=O)c2ccc3c(c2)OCCO3)cc1
EOS243,1,-6.923,Cc1cc(C)c2ccc(NC(=O)c3ccco3)nc2n1
EOS265,5,-7.5,O=C(CN1C(=O)c2cccnc2C1=O)Nc1cccc2ncccc12
EOS266,4,-6.645,COc1ccc(C(CNC(=O)C2=C(c3ccccc3)SCCO2)N(C)C)cc1.Cl
EOS267,4,-6.442,CCn1c(N2CCN(C(C)=O)CC2)nc2sc3c(c2c1=O)CCCC3
EOS268,1,-7.66,CCCn1c(N2CCN(C(=O)CC)CC2)nc2sc3c(c2c1=O)CCCC3
EOS269,1,-7.039,CC(C)C(=O)N1CCN(c2nc3sc4c(c3c(=O)n2C)CCCC4)CC1
EOS270,7,-6.251,CCn1c(N2CCN(C(=O)C(C)C)CC2)nc2sc3c(c2c1=O)CCCC3
EOS271,6,-6.233,CC(=O)N1CCN(c2nc3sc4c(c3c(=O)n2CC(C)C)CCCC4)CC1
EOS272,1,-7.751,CCC(=O)N1CCN(c2nc3sc4c(c3c(=O)n2C(C)C)CCCC4)CC1
EOS273,1,-7.439,CCS(=O)(=O)N1CCN(c2nc3sc4c(c3c(=O)n2C(C)C)CCCC4)CC1
EOS274,2,-6.991,CCCS(=O)(=O)N1CCN(c2nc3sc4c(c3c(=O)n2C(C)C)CCCC4)CC1
EOS275,9,-6.042,CCCn1c(N2CCN(C(=O)COC)CC2)nc2sc3c(c2c1=O)CCCC3
EOS276,5,-6.144,CCOCC(=O)N1CCN(c2nc3sc4c(c3c(=O)n2CC(C)C)CCCC4)CC1
EOS277,2,-7.982,O=C(c1cc(F)ccc1-n1cnnn1)N1CCc2ccccc2C1
EOS278,4,-7.047,NS(=O)(=O)c1ccc(NC(=O)c2cc(F)ccc2-n2cnnn2)cc1
EOS279,5,-6.841,COc1cccc(N2C(=O)CN(CCC3=CCCCC3)[C@H]3CS(=O)(=O)C[C@H]32)c1
EOS280,6,-7.074,COc1cccc(N2C(=O)CN(CCc3ccc(F)cc3)[C@H]3CS(=O)(=O)C[C@H]32)c1
EOS281,3,-6.99,COc1cccc(N2C(=O)CN(CCC(C)C)[C@H]3CS(=O)(=O)C[C@H]32)c1
EOS282,7,-6.428,CC(=O)Nc1ccc2c(c1)N(C(=O)c1cccnc1)CCC2
EOS283,5,-6.127,CC(C)C(=O)Nc1ccc2c(c1)N(C(=O)c1cccnc1)CCC2
EOS284,7,-6.716,O=C(Nc1ccc2c(c1)N(C(=O)c1cccnc1)CCC2)C1CC1
EOS285,7,-6.267,CCCCC(=O)Nc1ccc2c(c1)N(C(=O)c1cccnc1)CCC2
EOS286,6,-6.676,CC(C)CC(=O)Nc1ccc2c(c1)N(C(=O)c1cccnc1)CCC2
EOS287,3,-7.847,O=C(CNC(=O)c1ccccc1)Nc1ccc2c(c1)CCN2C(=O)c1cccnc1
EOS288,1,-8.238,O=C(c1cccnc1)N1CCc2cc(NS(=O)(=O)c3ccc4c(c3)OCO4)ccc21
EOS289,3,-7.74,O=C(CNC(=O)c1ccccc1)Nc1ccc2c(c1)N(C(=O)c1cccnc1)CC2
EOS290,4,-7.178,CS(=O)(=O)N1CCc2cc(NS(=O)(=O)c3ccc(N4CCCC4=O)cc3)ccc21
EOS291,5,-7.727,CS(=O)(=O)N1CCc2cc(NS(=O)(=O)c3ccc(N4C(=O)CCC4=O)cc3)ccc21
EOS292,3,-7.485,CS(=O)(=O)N1CCc2cc(NS(=O)(=O)c3ccc4c(c3)CC(=O)N4)ccc21
EOS293,9,-6.812,CS(=O)(=O)N1CCc2ccc(NS(=O)(=O)Cc3ccc(F)cc3)cc21
EOS294,1,-7.058,CS(=O)(=O)N1CCc2ccc(NS(=O)(=O)Cc3ccccc3Cl)cc21
EOS295,3,-6.7,CS(=O)(=O)N1CCc2ccc(NS(=O)(=O)Cc3ccc(Cl)cc3)cc21
EOS296,4,-6.598,O=C(c1ccc(Cl)c(N2CCCCS2(=O)=O)c1)N1CCCC1
EOS297,9,-6.057,CN1CCN(C(=O)c2ccc(Cl)c(N3CCCCS3(=O)=O)c2)CC1
EOS298,7,-6.192,CCN1CCN(C(=O)c2ccc(Cl)c(N3CCCCS3(=O)=O)c2)CC1
EOS299,6,-6.669,CC(=O)N1CCN(C(=O)c2ccc(Cl)c(N3CCCCS3(=O)=O)c2)CC1
EOS300,1,-6.051,COCCNC(=O)c1cc(N2CCCCS2(=O)=O)ccc1Cl
EOS301,8,-5.536,COCCCNC(=O)c1cc(N2CCCCS2(=O)=O)ccc1Cl
EOS302,2,-6.062,CN(C)CCNC(=O)c1cc(N2CCCCS2(=O)=O)ccc1Cl
EOS303,7,-7.131,O=C(NCc1ccncc1)c1cc(N2CCCCS2(=O)=O)ccc1Cl
EOS304,3,-6.125,CC(C)(C)NC(=O)c1cc(N2CCCCS2(=O)=O)ccc1Cl
EOS305,7,-6.155,CC(C)CCNC(=O)c1cc(N2CCCCS2(=O)=O)ccc1Cl
EOS306,4,-7.197,COc1cccc(Nc2nc(N3CCOCC3)nc3c2cnn3C)c1
EOS307,1,-7.343,COc1ccc(C(=O)Cn2cnc3sc(C(N)=O)c(C)c3c2=O)c(OC)c1
EOS308,8,-6.522,COc1ccc(CCN2CC(=O)N(c3cccc(OC)c3)[C@@H]3CS(=O)(=O)C[C@@H]32)cc1
EOS309,6,-6.617,COc1ccc(OCCN2CC(=O)N(c3cccc(OC)c3)[C@@H]3CS(=O)(=O)C[C@@H]32)cc1
EOS310,9,-7.253,Cc1cc(NC(=O)[C@H](Cc2ccccc2)NS(=O)(=O)c2c(C)noc2C)no1
EOS311,5,-5.696,CC(=O)N1CCC[C@H]1C(=O)Nc1cc(C)on1
EOS312,8,-5.652,Cc1cc(NC(=O)[C@@H]2CCCN2S(C)(=O)=O)no1
EOS313,8,-5.969,CC(C)CNC(=O)c1cccc(N2CCCCS2(=O)=O)c1
EOS314,6,-6.286,CC(C)(C)NC(=O)c1cccc(N2CCCCS2(=O)=O)c1
EOS315,4,-6.11,CC(C)CCNC(=O)c1cccc(N2CCCCS2(=O)=O)c1
EOS316,3,-7.14,O=C(Nc1ccccc1)c1cccc(N2CCCCS2(=O)=O)c1
EOS317,5,-6.725,O=C(c1cccc(N2CCCCS2(=O)=O)c1)N1CCc2ccccc21
EOS318,9,-6.671,O=C(Nc1ccccc1F)c1cccc(N2CCCCS2(=O)=O)c1
EOS319,9,-6.694,O=C(Nc1ccc(F)cc1)c1cccc(N2CCCCS2(=O)=O)c1
EOS320,7,-6.564,COc1ccc(NC(=O)c2cccc(N3CCCCS3(=O)=O)c2)cc1
EOS321,8,-6.449,COc1ccc(NC(=O)c2cccc(N3CCCCS3(=O)=O)c2)cc1OC
EOS322,3,-7.162,CC(=O)c1ccc(NC(=O)c2cccc(N3CCCCS3(=O)=O)c2)cc1
EOS323,5,-6.882,O=C(Nc1ccccc1N1CCOCC1)c1cccc(N2CCCCS2(=O)=O)c1
EOS324,5,-7.694,O=C(Nc1ccc2c(c1)OCCO2)c1cccc(N2CCCCS2(=O)=O)c1
EOS540,1,-7.054,CCc1nn(CC(=O)NCc2cccs2)c(=O)c2cc3occc3n12
EOS541,7,-6.757,COc1ccccc1CNC(=O)C(C)n1nc(C)n2c(cc3occc32)c1=O
EOS542,2,-6.861,COCCNC(=O)Cn1ncc2c(C)n(Cc3ccccc3F)c(C)c2c1=O
EOS543,6,-6.663,COc1ccc(OC)c(S(=O)(=O)NCc2nc(N)n(S(=O)(=O)c3cc(OC)ccc3OC)n2)c1
EOS544,3,-7.028,Cc1cccc(-n2c(=O)[nH]c3c(C(N)=O)nc(C(C)C)nc32)c1
EOS545,9,-6.634,O=C(Cn1c(=O)oc2cc(S(=O)(=O)N3CCCC3)ccc21)Nc1nccs1
EOS546,4,-6.99,CC(C(=O)N1CCc2nc[nH]c(=O)c2CC1)c1ccccc1
EOS547,4,-7.161,COc1cccc(C(=O)N2CCCC2Cc2noc(-c3cnccn3)n2)c1C
EOS548,2,-7.172,COc1cc(OC)cc(C(=O)N2CCCC(OCc3noc(-c4ccoc4)n3)C2)c1
EOS549,6,-7.17,Cc1cc(C)n(CCC(=O)NC2CCN(c3ccc(=O)[nH]n3)C2)n1
EOS910,5,-6.363,COc1cccc(NC2c3ncccc3C(=O)N2Cc2ccco2)c1
EOS911,2,-7.334,CC(=O)Nc1cc(C)ccc1OCc1cc(=O)n2c3c(sc2n1)CCCC3
EOS912,1,-6.119,CCCS(=O)(=O)NCc1ccc2c(c1)CCN2C(=O)CC(C)C
EOS913,7,-6.194,Cc1ccccc1C(=O)CC1(O)C(=O)Nc2ccc(Br)cc21
EOS914,8,-6.627,CCCCC(=O)NCc1nc2cccnc2n1Cc1cccc(OC)c1
EOS915,3,-6.612,CCCCNC(=O)CCc1c(C)n(C)c2cc(-c3cc(OC)c(OC)c(OC)c3)nn2c1=O
EOS1017,5,-6.342,CCOc1cccc2cc(C(=O)Nc3nccs3)c(=O)oc12
EOS1018,2,-5.287,CCOCCCNC(=O)CCCn1c(=O)[nH]c2cc(OCC)c(OCC)cc2c1=O
EOS1019,4,-7.042,O=C(CCCCn1c(=O)[nH]c2ccccc2c1=O)NC1CCCCCC1
EOS1020,2,-5.971,CCCC(=O)c1cc2cc(Cl)ccc2oc1=O
EOS1021,1,-7.556,Cc1ncc(CO)c2cc(C(N)=O)/c(=N/c3ccccc3)oc12
EOS1022,5,-6.607,CN1CCN(CCCNC(=O)c2ccc(NC3=NC4CS(=O)(=O)CC4S3)cc2)CC1
EOS1023,1,-6.774,COc1ccccc1N1C(=O)Nc2ccccc2S1(=O)=O
EOS1024,7,-6.255,CCN(CC)C(=O)CN1C(=O)N(c2ccc(C)c(F)c2)S(=O)(=O)c2ccccc21
EOS1025,3,-6.797,CCOc1ccc(NC(=O)CSC2=NS(=O)(=O)c3ccccc3N2CC)cc1
EOS1026,2,-7.203,O=S1(=O)N=C(NCc2ccc3c(c2)OCO3)Nc2ccccc21
EOS1027,8,-6.582,CCOCCCn1c(SCC(=O)NCC2CCCO2)nc2c(sc3ccccc32)c1=O
EOS1028,3,-7.053,CC(=O)NCCn1c(SCC(=O)NCc2ccco2)nc2ccccc2c1=O
EOS1029,9,-6.599,CCN(CC)C(=O)CSc1nc2cc3c(cc2c(=O)n1CCCC(=O)NCCc1ccc(OC)c(OC)c1)OCO3
EOS1030,1,-7.267,Cc1cccc(-n2ncc3c(N4CCCC4)ncnc32)c1
EOS1031,1,-6.68,COc1ccc(CCNc2ncnc3c2cnn3C)cc1OC
EOS1032,5,-6.598,Cc1ccc(Cl)cc1-n1ncc2c(NCCN3CCOCC3)ncnc21
EOS1033,3,-6.668,CCC(CC)C(=O)Nc1c2c(nn1-c1ccc(F)cc1)CS(=O)(=O)C2
EOS1034,1,-6.484,O=C1C2CCCCC2C(=O)N1c1ccc(F)cc1
EOS1035,1,-7.185,O=C1C2C3CCC(C3)C2C(=O)N1c1ccc(Cl)c(F)c1
EOS1036,7,-6.574,CCc1ccc(N(C)S(=O)(=O)c2ccc3[nH]cc(C(=O)NCCOC)c(=O)c3c2)cc1
EOS1037,5,-6.876,COc1cccc(NC(=O)CSc2nc3nc(C)cc(C)n3n2)c1
EOS1038,1,-7.371,COc1ccc(NC(=O)c2oc3ccc(S(=O)(=O)N4CCOCC4)cc3c2C)c(OC)c1
EOS1039,7,-7.102,COc1ccc(OC)c(CNC(=O)c2cc(=O)[nH]c3ccc(S(=O)(=O)N4CCCC4)cc23)c1
EOS1040,7,-6.51,CC1CC(C)CN(C(=O)CN2N=C(c3ccccc3)CCC2=O)C1
EOS1041,9,-6.508,CC1CC(C)CN(CCCNC(=O)Cn2nc(-c3ccc(Cl)cc3)ccc2=O)C1
EOS1042,8,-6.131,CCN(CC)CCCNC(=O)CN1N=C(c2ccc(OC)cc2)CCC1=O
EOS1043,3,-6.503,COc1ccc(C(=O)Nc2cc(C)ccc2C)c(OC)n1
EOS1044,5,-6.756,COc1ccc(OC)c(NC(=O)Cc2c[nH]c3ccccc23)c1
EOS1045,7,-6.728,CCCn1c(=O)c(C(=O)Nc2cccc(Br)c2)c(O)c2ccccc21
EOS1046,2,-8.412,Cc1nc2ccccc2c(=O)n1NC(=O)c1c(O)c2ccccc2n(C)c1=O
EOS1047,1,-8.013,COc1ccccc1N1CCN(C(=O)c2sc3ncn(CC(=O)N4CCC(C)CC4)c(=O)c3c2C)CC1
EOS1048,6,-6.15,CCCN(CCC)CCCNS(=O)(=O)c1cccc2nsnc12.Cl
EOS1049,8,-6.534,COc1ccc(C(=O)N2CC(=O)N(CCc3ccccc3)C(=O)C2)cc1OC
EOS1050,1,-7.784,COc1cc(NC(=O)C2CCN(S(=O)(=O)c3cccc4nonc34)CC2)cc(OC)c1
EOS1051,4,-7.513,O=C1c2cccnc2C(=O)N1Cc1ccc(S(=O)(=O)N2CCOc3ccccc32)s1
EOS1052,4,-6.947,COc1ccc(OC)c(CNS(=O)(=O)c2cc(CN3C(=O)c4cccnc4C3=O)ccc2OC)c1
EOS1053,7,-6.761,CC(=O)Nc1ccc(NC(=O)CCS(=O)(=O)c2cccc3nsnc23)cc1
EOS1054,8,-6.997,COc1ccc(Cl)cc1S(=O)(=O)N1CCN(CC(=O)Nc2ccc(S(N)(=O)=O)cc2)CC1
EOS1055,3,-6.666,O=C(CN1C(=O)C2C3C=CC(C3)C2C1=O)Nc1ccc(Br)cc1
EOS1056,1,-8.1,Cc1ccc(NC(=O)N2CCC(N3CCN(Cc4ccc(F)cc4)C3=O)CC2)cc1F
EOS1057,1,-7.503,CCC(=O)NCc1ccc2c(c1)N(C(=O)c1ccc(C)cc1)CC2
EOS1058,3,-6.634,COc1ccc(NC(=O)c2nnc(CNC(=O)NC(C)(C)C)s2)cc1
EOS1059,3,-6.619,COCC(=O)N1CCCC(c2nnc(C(=O)Nc3ccc(C)cc3)s2)C1
EOS1060,1,-6.788,COc1ccc2cc(C(=O)N3CCC(CC(=O)NC(C)C)CC3)[nH]c2c1
EOS1061,8,-6.631,CCOCCCNC(=O)C(C)C1CCN(C(=O)c2cc3cc(Cl)ccc3[nH]2)CC1
EOS1062,4,-6.308,CC(C)CCNC(=O)N(C)CCc1noc(C(=O)NCc2ccccc2)n1
EOS1063,4,-7.96,CCN1CCN(C(=O)c2ccc(OCc3nnc(C(=O)Nc4ccccc4F)s3)cc2)CC1
EOS1064,2,-7.09,Cc1csc(NC(=O)c2nn(-c3ccccc3)c3c(=O)n(C)cnc23)n1
EOS1065,2,-7.438,COc1ccc(CNC(=O)Cn2cccc(-c3nc(-c4ccc(OC)c(OC)c4)no3)c2=O)cc1
EOS1066,8,-7.158,COCCCn1c(=O)c2ccccc2n(Cc2nc(-c3ccc(F)cc3)no2)c1=O
EOS1067,6,-7.235,COc1cccc(-c2noc(CN3C(=O)COc4ccc(C)cc43)n2)c1OC
EOS1068,1,-7.07,Cc1cccc(-c2csc3c(=O)n(CC#N)cnc23)c1
EOS1069,5,-7.171,CC1(C)CC(=O)c2cn(-c3ccccc3)c(=O)c(C(=O)Nc3cccnc3)c2C1
EOS1070,1,-7.771,Cc1ccnc(N2CCC(C(=O)NCC3CCN(Cc4ccccc4F)CC3)CC2)n1
EOS1071,7,-7.905,COc1ccc(NC(=O)Cn2c3ccccc3n3c(=O)cc(-c4cccnc4)nc23)cc1OC
EOS1072,4,-7.44,COCCCNC(=O)C1CCN(c2cc(C)nc3cc(-c4ccc(F)cc4)nn23)CC1
EOS1073,2,-8.424,Cn1cc(S(=O)(=O)N2CCC(C(=O)N3CCc4ccccc43)CC2)cc1C(=O)N1CCCC1
EOS1074,1,-8.047,CCOc1ccccc1CNC(=O)C1CCN(c2nn3c(=O)c4c(nc3s2)CCCC4)CC1
EOS1075,2,-7.245,CCCNC(=O)CC1CCN(C(=O)c2ccc3oc(C4CC4)nc3c2)CC1
EOS1099,7,-6.714,O=C(NCc1ccco1)Nc1ccc2c(c1)N(C(=O)c1ccccc1)CC2
EOS1100,3,-6.208,CCCNC(=O)NCCn1nnc2cc(S(=O)(=O)NC(C)C)ccc21
EOS1101,8,-7.218,CN(CCc1noc(-c2ccc(C(=O)N3CCCC3)cc2)n1)C(=O)Nc1cccc(F)c1
EOS1102,7,-7.163,Cc1ccc(N(C)C(=O)Cn2ccc3c(=O)n(C)c(=O)n(C)c32)cc1C
EOS1103,8,-6.954,O=C(NCc1ccc(S(=O)(=O)N2CCOCC2)s1)c1cccc(F)c1
EOS1104,1,-7.492,O=C(NC1CCCC1)c1nc(-c2ccc(N3CCOCC3)cc2)no1
EOS1105,1,-7.781,O=C(Nc1ccccc1)N1CCC(n2cnc3cc(Cl)ccc3c2=O)CC1
EOS1106,5,-6.959,COc1ccc(OC)c(S(=O)(=O)N2CCC(n3cnc4ccc(C)cc4c3=O)CC2)c1
EOS1107,7,-7.952,Cc1cc(F)cc2c(=O)c3c([nH]c12)CCN(CC(=O)Nc1ccc2c(c1)OCO2)C3
EOS1108,4,-7.516,CCc1ccc2[nH]c3c(c(=O)c2c1)CN(CC(=O)NCc1ccc(OC)cc1)CC3
EOS1109,9,-7.17,Cc1sc(S(=O)(=O)N2CCOCC2)cc1NC(=O)c1cc2ccccc2oc1=O
EOS1110,1,-8.061,CC1(C)CN(CC(=O)N2CCCC2)c2ccc(S(=O)(=O)Nc3ccc(S(N)(=O)=O)cc3)cc21
EOS1111,6,-7.04,CCc1nnc(-c2cccn2CC(=O)Nc2ccc(C)cc2)o1
EOS1112,8,-7.366,Cc1cccc(NS(=O)(=O)c2cc(-c3nc(C)c(C(=O)N4CCOCC4)s3)n(C)c2C)n1
EOS1113,2,-7.45,O=C(c1cn(-c2ccc(F)cc2)nn1)N1CCN(c2ccccc2)CC1
EOS1114,1,-6.621,COc1ccc(-n2cc(C(=O)N(C)Cc3ccccc3)nn2)cc1
EOS1115,5,-6.18,Cc1ccc(-n2cc(C(=O)NCCCOC(C)C)nn2)cc1C
EOS1116,3,-7.744,CS(=O)(=O)N1CCc2ccc(NC(=O)Nc3ccc(F)cc3F)cc21
EOS1117,4,-6.614,CCCn1c(CNS(=O)(=O)c2ccc(NC(C)=O)cc2)nc2cccnc21
EOS1118,9,-6.952,CCn1c(=O)n(CC(=O)N2CCN(C)CC2)c(=O)c2cnc(-c3ccc(Cl)cc3)nc21
EOS1119,1,-6.625,CCN(CC)CCNC(=O)CCC(=O)N1CCc2c(c(C(=O)N3CCCC3)nn2C)C1
EOS1120,1,-5.946,CCCCNC(=O)c1cc(S(=O)(=O)N(CC)CC)ccc1Cl
EOS1121,7,-6.33,CCOc1ccc(CNC(=O)CN2C(=O)CSc3sc(S(=O)(=O)N(C)C)cc32)cc1OC
EOS1122,5,-8.33,CC1Cc2ccccc2N1S(=O)(=O)c1ccc2c(c1)c(=O)n(CC(=O)N1CCCC1)c(=O)n2C
EOS1123,5,-7.298,Cc1cccc(NC(=O)Nc2nccn(-c3ccccc3)c2=O)c1
EOS1124,9,-6.555,COc1ccc(C(=O)Nc2nccn(-c3ccccc3OC)c2=O)cc1
EOS1125,4,-7.011,Cc1ccc(CNC(=O)C(C)C2CCN(S(=O)(=O)c3c(C)noc3C)CC2)cc1
EOS1126,4,-7.371,O=C(CC1CCN(S(=O)(=O)c2ccc(Cl)s2)CC1)N1CCN(c2ccc(F)cc2)CC1
EOS1127,6,-6.586,CC(C(=O)NCCCN1CCOCC1)C1CCN(S(=O)(=O)c2ccc(Cl)s2)CC1
EOS1128,9,-6.595,COCCCNC(=O)N1CCN(Cc2nc3cccnc3n2-c2cccc(C)c2)CC1
EOS1129,7,-8.219,O=C(Cn1nc(C(=O)N2CCc3ccccc32)ccc1=O)N1CCCc2ccccc21
EOS1130,3,-7.239,CC(=O)Nc1ccc(NC(=O)CCS(=O)(=O)c2ccc3c(c2)NC(=O)CC(C)S3)cc1
EOS1131,2,-7.461,COc1ccc(-c2cn3c(CC(=O)N4CCN(c5ccccn5)CC4)csc3n2)cc1OC
EOS1132,6,-6.093,CCc1ccc(S(=O)(=O)N2CSC[C@@H]2C(=O)NCCc2csc(C)n2)cc1
EOS1133,1,-7.693,COc1ccc(NC(=O)NCCn2cnc3cc(C(=O)N4CCCCC4)ccc32)cc1OC
EOS1134,4,-7.255,CC(C)n1c(=O)oc2cc(S(=O)(=O)N3CCC(CC(=O)N4CCOCC4)CC3)ccc21
EOS1135,1,-7.791,CC(=O)c1ccc(NC(=O)c2ccc(-n3nc(N4CCCC4)ccc3=O)cc2)cc1
EOS1136,4,-7.572,CC(=O)Nc1ccc(Oc2nc3ccccc3n3c(C)nnc23)cc1
EOS1137,2,-6.913,CN(C)c1ccc(C(=O)NCC(=O)N2CCCc3ccccc32)cc1
EOS1138,1,-6.892,CC(=O)Nc1cn(-c2ccc(C(=O)Nc3ccccc3)cc2)cn1
EOS1139,2,-7.588,N#Cc1ccc(NS(=O)(=O)c2cc(-c3noc(C(=O)N4CCOCC4)n3)cs2)cc1
EOS1140,1,-8.272,CCCN1C(=O)COc2ccc(-c3noc(C4CC(=O)N(c5ccccc5)C4)n3)cc21
EOS1141,3,-7.494,CCOCC(=O)N1CCc2c(c(-c3nc(-c4ccc(F)cc4)no3)nn2C)C1
EOS1142,1,-8.261,COc1ccc(NC(=O)c2ccc3nn(CC(=O)Nc4ccccc4OC)c(=O)n3c2)cc1
EOS1143,2,-8.17,Cc1ccc(CNC(=O)c2ccc3nn(CC(=O)N(C)c4ccccc4)c(=O)n3c2)cc1
EOS1144,2,-7.221,CCCn1c(=O)c2sc(N3CCCC3)nc2n(CC(=O)Nc2ccccc2OC)c1=O
EOS1145,4,-7.863,CNC(=O)C1CCN(c2nc3ncn(CC(=O)Nc4ccc(C)cc4F)c(=O)c3s2)CC1
EOS1146,7,-7.191,COc1cccc(NC(=O)Cn2c(=O)c(CCC(=O)NC3CC3)nc3ccccc32)c1
EOS1147,7,-6.801,Cc1cccc(NC(=O)COc2cc(C)nc(N3CCCC3)n2)c1
EOS1148,4,-6.195,COCCCN1CCc2nc(SCc3ccc(Cl)cc3)[nH]c(=O)c2C1
EOS1180,9,-6.533,Cc1ccc(NC(=O)Cn2ccc3sccc3c2=O)c(C)c1
EOS1181,1,-8.268,CC(=O)c1ccc(N2CCN(C(=O)Cn3ccc4c(c(C)nn4-c4ccccc4)c3=O)CC2)cc1
EOS1182,1,-6.643,COc1ccc(OC)c(S(=O)(=O)Nc2ccc3nc(S(C)(=O)=O)sc3c2)c1
EOS1183,1,-6.364,COCC(=O)Nc1ccc2c(c1)CCC(=O)N2CC(C)C
EOS1184,1,-7.102,COCCN1C(=O)CCc2cc(NS(=O)(=O)c3ccc(C)c(F)c3)ccc21
EOS1185,2,-6.275,CC(C)NS(=O)(=O)c1cc(-c2ccc(=O)[nH]n2)cs1
EOS1186,4,-7.614,Cn1nc(-c2csc(S(=O)(=O)N3CCc4ccccc4C3)c2)ccc1=O
EOS1187,8,-6.607,CCn1nc(-c2csc(S(=O)(=O)NCc3cc(OC)cc(OC)c3)c2)ccc1=O
EOS1188,2,-6.869,CC(=O)c1ccc(NC(=O)CCSc2nc3c(=O)n(C)c(=O)n(C)c3n2C)cc1
EOS1189,5,-6.898,COc1cccc(Cn2nc3c(S(=O)(=O)N4CCCCC4)cccn3c2=O)c1
EOS1190,8,-7.866,O=C(C1CCN(c2ncccc2-c2nc(-c3cccc(F)c3)no2)CC1)N1CCOCC1
EOS433,4,-6.656,COc1ccc(-c2cc(C(=O)Nc3cc(OC)c(OC)c(OC)c3)no2)cc1OC
EOS434,1,-7.906,Cc1c(NC(=O)c2cc(-c3ccc4c(c3)OCO4)on2)c(=O)n(-c2ccccc2)n1C
EOS435,5,-5.779,CCN(CC)CCCNC(=O)c1cc(-c2cccc(Cl)c2)on1
EOS436,1,-6.795,N#Cc1ccc(NC(=O)c2cc(-c3ccco3)on2)cc1
EOS437,2,-5.913,CSc1ccccc1NC(=O)c1cc(C)on1
EOS438,1,-6.693,CC(C)Cc1cc(C(=O)Nc2cccc(O)c2)no1
EOS439,4,-7.195,CN(C(=O)Cn1c(=O)n(CCCC(=O)NCc2ccc3c(c2)OCO3)c(=O)c2sccc21)c1ccccc1
EOS440,1,-7.607,CC(=O)Nc1ccc2nc3c(=O)n(C)c(=O)n(C)c3nc2c1
EOS441,4,-6.459,COc1ccc(OC)c(NC(=O)CSC2=NN3CCCC(=O)N=C3S2)c1
EOS442,2,-7.849,COc1ccc(N(C)C(=O)C2CCN(S(=O)(=O)c3cc4c(cc3Br)CCN4C(C)=O)CC2)cc1
EOS443,2,-8.084,COc1ccc(N(C)C(=O)Cn2cc(S(=O)(=O)N3CCN(c4ccccc4F)CC3)c3ccccc3c2=O)c(OC)c1
EOS444,1,-6.348,COc1cc2c(c(OC)c1OC)C(c1ccccc1F)CC(=O)N2
EOS445,1,-5.925,COc1cccc(C2CC(=O)NC3=C2C(=O)CC(C)(C)C3)c1OC(C)C
EOS446,6,-6.071,CCCOc1ccc(C2CC(=O)NC3=C2C(=O)CCC3)cc1OC
EOS447,3,-7.15,CC1Cc2nc(SCC(=O)N3CCOCC3)n(-c3ccccc3)c(=O)c2S1
EOS468,9,-6.701,CC(CCc1ccccc1)NC(=O)CCNS(=O)(=O)c1ccc2c(c1)CCC(=O)N2
EOS469,4,-6.638,CCOc1ccc([C@H]2N(c3ccc(OC)cc3)C(=O)[C@@H]3CCCN32)cc1OC
EOS470,8,-6.659,CN(CC(=O)NCCN1CCN(Cc2ccccc2)CC1)S(=O)(=O)c1cccc2nsnc12
EOS471,2,-7.269,CCc1ccccc1NS(=O)(=O)c1ccc2c(c1)CC(=O)N2
EOS472,5,-7.106,COc1ccc(N(CC(=O)N2CCN(C(=O)c3ccco3)CC2)S(=O)(=O)c2c(C)nn(C)c2C)cc1
EOS473,6,-6.497,COc1ccc(N(CC(=O)Nc2cc(OC)ccc2OC)S(=O)(=O)c2c(C)noc2C)cc1
EOS474,6,-7.843,CC(C)N(CCNC(=O)c1cn(C)c2ccc(S(=O)(=O)N3CCOCC3)cc2c1=O)Cc1ccccc1
EOS475,6,-7.642,CN(C1CCCCC1)S(=O)(=O)c1ccc2c(c1)c(=O)c(C(=O)N1CCN(c3ccccn3)CC1)cn2C
EOS476,1,-6.977,CCn1cc(C(=O)NC2CCCCCC2)c(=O)c2cc(S(=O)(=O)N(C)C)ccc21
EOS477,3,-7.915,CCn1cc(C(=O)N2CCN(c3cccc(C)c3)C(C)C2)c(=O)c2cc(S(=O)(=O)N3CCOCC3)ccc21
EOS478,6,-7.415,Cc1ccccc1S(=O)(=O)Cc1ccc(C(=O)N2CCN(c3ccccn3)CC2)o1
EOS479,1,-6.309,COCCNC(=O)CS(=O)Cc1nc(-c2cccc(C)c2)oc1C
EOS480,2,-6.668,Cc1ccc(-c2nc(CS(=O)(=O)CC(=O)NCCC(C)C)c(C)o2)cc1
EOS481,3,-6.549,CCOc1ccc(CCNC(=O)CN2C(=O)COc3ccc(S(=O)(=O)N(CC)CC)cc32)cc1
EOS598,6,-7.104,CCOc1ccc(N(C(=O)c2ccncc2)S(=O)(=O)c2ccc3c(c2)n(C)c(=O)n3C)cc1
EOS599,2,-7.256,COc1ccccc1C(=O)N(Cc1ccco1)S(=O)(=O)c1ccc2c(c1)n(C)c(=O)n2C
EOS600,7,-6.718,CC(C)CC(=O)N(Cc1ccccc1)S(=O)(=O)c1ccc2c(c1)oc(=O)n2C
EOS601,1,-7.153,Cc1ccc(-c2nc3nc(C)cc(NCCO)n3n2)cc1
EOS602,5,-7.315,Cc1cccc(-c2noc(C(C)NC(=O)c3ccncc3)n2)c1
EOS603,4,-7.187,Cc1ccccc1-c1noc(CNS(=O)(=O)c2ccccc2)n1
EOS604,7,-6.327,CCC(C)NC(=O)c1ccc2c(c1)CCN2S(=O)(=O)c1ccccc1
EOS605,4,-7.089,CS(=O)(=O)N1CCCc2cc(C(=O)N3CCN(c4ccccc4)CC3)ccc21
EOS606,4,-7.817,O=C(CN1C(=O)c2ccccc2S1(=O)=O)Nc1ccc(S(=O)(=O)Nc2ccccc2)cc1
EOS607,2,-5.828,CN(C)CCNC(=O)c1c(-c2ccccc2)c(-c2ccccc2)nn(C)c1=O
EOS608,1,-6.724,Cc1ccc(-c2nsc(NC(=O)c3ccco3)n2)cc1
EOS609,3,-6.139,CCCCC(=O)Nc1nonc1-c1ccc(OC(C)C)cc1
EOS610,6,-6.035,CCSc1nc(=O)c2c(n1C)NC(=O)CC2c1ccc(OC(C)C)cc1
EOS611,1,-6.164,COCCNCc1ccc2c(c1)n(C)c(=O)n2C.Cl
EOS612,6,-6.35,CC(=O)N(C)Cc1nc2ccccc2n1CC(=O)N(c1ccccc1)C(C)C
EOS613,3,-6.411,CSc1nc(C)cc(Nc2ccc(S(N)(=O)=O)cc2)n1
EOS614,6,-7.602,CC(=O)Nc1nonc1-c1nnc(SCC(=O)Nc2ccc(Cl)cc2)n1C
EOS615,1,-5.857,CCOc1ccc2c(c1)cc(C(=O)NC(C)C)n2C
EOS616,2,-7.036,CC(=O)Nc1nnc(C2CC(=O)N(c3ccc(C)c(Cl)c3)C2)s1
EOS617,3,-8.437,O=C1CC(C(=O)N2CCN(c3ccccc3)CC2)CN1CCc1c[nH]c2ccc(F)cc12
EOS618,3,-6.622,CCn1c(CN2CCN(S(C)(=O)=O)CC2)nc2cc(NC(=O)CC(C)C)ccc21
EOS619,1,-7.015,Cn1c(CN2CCOCC2)nc2cc(NC(=O)C3CCCCC3)ccc21
EOS620,6,-6.972,CCN(CC)S(=O)(=O)c1cc(-c2n[nH]c(=O)c3c2CCCC3)ccc1C
EOS621,3,-6.696,CC12CN(C(=O)c3ccco3)CC(C)(CN(C(=O)c3ccco3)C1)C2=O
EOS622,2,-5.618,Cc1nnc(NC(=O)c2snnc2C)s1
EOS623,1,-7.31,COc1ccc(-c2noc(CCCC(=O)Nc3ccc(O)cc3)n2)cc1OC
EOS624,1,-6.544,COc1cc(C(=O)Nc2nc(-c3cccs3)ns2)cc(OC)c1OC
EOS625,2,-6.501,Cc1cccc2c1NC(=O)C2Cc1ccco1
EOS626,5,-6.364,COc1ccc(OC)c(CC2C(=O)N(C)c3ccccc32)c1
EOS627,1,-6.669,CCN1C(=O)C(Cc2ccc(F)cc2)c2ccccc21
EOS628,9,-5.336,Cc1ccc(OCC(=O)NCC2(N(C)C)CCCCC2)cc1
EOS629,8,-6.502,Cl.O=C(COc1ccccc1Cl)NCC1(N2CCOCC2)CCCCC1
EOS630,6,-6.012,Cc1ccc(C(=O)NCC2(N3CCN(C)CC3)CCCCC2)cc1
EOS631,2,-5.89,COc1ccc(CC(=O)NCc2csc(C)n2)cc1
EOS632,6,-6.224,Cc1nc(CCNC(=O)c2ccc(F)cc2)cs1
EOS633,5,-7.447,O=C(NCc1ccccc1)c1[nH]cnc1C(=O)N1CCN(Cc2ccccc2)CC1
EOS634,1,-6.627,CCOc1cccc(C(=O)N(Cc2ccco2)c2ccccn2)c1
EOS635,7,-6.116,COc1ccc(OCC(=O)N(Cc2cccs2)c2ccccn2)cc1
EOS636,4,-6.548,Cc1ccc(CN(C(=O)Nc2ccccc2)c2ccccn2)o1
EOS637,6,-6.369,CCCOc1ccc(C(=O)N2CCN(CCc3ccccn3)CC2)cc1.Cl
EOS638,4,-6.785,O=C(Cn1c(SCCOc2ccccc2)nc2ccccc21)N1CCOCC1
EOS639,2,-7.29,COc1ccccc1N1CC(c2nc3ccccc3n2CC(=O)NC(C)C)CC1=O
EOS640,8,-5.803,CCCn1c(C(C)NC(=O)c2ccco2)nc2ccccc21
EOS641,1,-6.044,CCC(=O)N1CCCC1c1nc2ccccc2n1CC
EOS642,8,-5.77,CCOc1ccc(-c2nnc(SCC(=O)NC(C)C)o2)cc1
EOS643,1,-6.581,Cc1ccccc1CS(=O)(=O)N1CCC(C(=O)N(C)C)CC1
EOS644,4,-6.131,Cc1cccc(CS(=O)(=O)N2CCC(C(=O)NCCCOC(C)C)CC2)c1
EOS645,1,-7.644,NC(=O)c1ccc(NC(=O)C2CCN(S(=O)(=O)Cc3ccc(Cl)cc3)CC2)cc1
EOS646,1,-6.736,CC(C)(C)NC(=O)C1CCN(S(=O)(=O)Cc2c(F)cccc2Cl)CC1
EOS647,9,-6.194,CCN(CC)S(=O)(=O)c1ccc(NC(=O)C2CCCN(S(=O)(=O)c3cccs3)C2)cc1
EOS648,9,-7.281,O=C(CN1c2ccc(F)cc2-c2ccccc2S1(=O)=O)NCc1cccnc1
EOS649,7,-6.833,Cc1sc2ncc(C(=O)N(Cc3ccccc3)Cc3ccccc3)c(=O)n2c1C
EOS650,3,-6.897,COc1cc(NC(=O)c2cnc3sc(C)c(C)n3c2=O)c(OC)cc1Cl
EOS651,2,-6.877,NC(=O)c1cnc2scc(-c3ccccc3)n2c1=O
EOS652,4,-7.125,COc1ccc(OC)c(-c2csc3ncc(C(=O)Nc4cccc(NC(C)=O)c4)c(=O)n23)c1
EOS653,5,-6.034,CSc1ccc(C2CC(=O)Nc3[nH]nc(C)c32)cc1
EOS654,8,-5.749,COc1cc(C2SCC(=O)Nc3[nH]nc(C)c32)cc(OC)c1O
EOS655,1,-7.476,COc1ccc(OC)c(C2CC(c3c(O)[nH]c(=O)n(C4CCCCC4)c3=O)=NN2)c1
EOS656,2,-8.14,O=c1[nH]c(O)c(C2=NNC(c3ccc4c(c3)OCO4)C2)c(=O)n1Cc1ccccc1
EOS657,9,-6.713,CC(=O)N1N=C(c2c(O)[nH]c(=O)n(C)c2=O)CC1c1ccc(O)cc1
EOS658,7,-6.918,CCOc1ccccc1NC(=O)C(C)Sc1nc2c(c(=O)[nH]1)CCC2
EOS659,1,-7.304,NC(=O)CSc1nnc(-c2cc3ccccc3[nH]2)o1
EOS660,2,-5.994,CCc1ccc(OCC(=O)NCC(c2cccs2)N2CCOCC2)cc1
EOS733,1,-6.92,CCCCC(=O)Nc1nnc(SCc2cc(=O)n3nc(C)sc3n2)s1
EOS734,4,-6.881,CC(=O)Nc1ccc2nc(SCc3cc(=O)n4c(C)csc4n3)sc2c1
EOS735,2,-7.032,O=c1ccc(-c2ccc(S(=O)(=O)NCCCN3CCN(c4ccccc4)CC3)s2)n[nH]1
EOS736,4,-7.576,Cc1csc(NC(=O)c2cc(-c3ccc(C)c(S(=O)(=O)N4CCOCC4)c3)on2)n1
EOS737,4,-7.0,COc1ccc(CNc2nccn(-c3ccc4c(c3)OCO4)c2=O)cc1OC
EOS738,5,-7.229,CN(C(=O)CSc1nccn(-c2ccc(F)cc2)c1=O)c1ccccc1
EOS739,2,-6.723,CCc1ccc(NC(=O)Cn2nc(SC)c(S(C)(=O)=O)c2N)cc1
EOS740,4,-7.946,Cc1nnc(NC(=O)CSc2nc(-c3ccccc3)nc3cc(=O)[nH]n23)s1
EOS741,2,-7.73,O=C(Nc1ccc(F)cc1F)c1cnc2sc(N3CCOCC3)nn2c1=O
EOS742,1,-6.778,CCCN(CCC)c1nn2c(=O)c(C(=O)NCc3ccc(OCC)c(OC)c3)cnc2s1
EOS743,1,-8.059,CC1CCCN(c2nn3c(=O)c(C(=O)NCc4ccc(OC(C)C)cc4)cnc3s2)C1
EOS744,3,-7.476,CC1=C(c2ccc(F)cc2)S(=O)(=O)N(CC(=O)NCc2ccc(C)o2)C1=O
