,ID,SMILES
0,PV-010028456714,N#CC1=C(NC(=O)C2=CC(=O)C3=CC(F)=CC=C3O2)C=CN(C2=CC=CC=C2)C1=O
1,PV-007305266855,O=C(NC1=CC=C(C2=CNC(=O)N2)C=C1)C1=CC=C(C(=O)C2=CC(O)=CC=C2)C=C1
2,Z1929573148,O=C(NC1=C(C(F)F)N(C2=CC=NC=C2)N=C1)C1=CN(C2=CC=C(F)C=C2)C(=O)C=C1
3,PV-009314025122,O=C(NC1=CC=CC(CC2=CC=CC=N2)=N1)C1=CN(C2=CC=C(F)C=C2)C(=O)C=C1
4,PV-008874501304,COC1=CC=C(C2=CC=NC=C2)C=C1C1=CC=C(C(=O)CC2=NNC(=O)C=C2)C=C1
5,Z1318776519,COC1=C(C(=O)NC2=CC=C(NC(=O)C3=CC=CC=C3)N=C2)C=NC2=CC=CC=C12
6,PV-007655234233,O=C(OCC1=CC=CC=C1)C1=CC(NC(=O)C2=CC=C3C=CN=C(O)C3=N2)=CC=C1
7,Z1161336926,O=C(CN1C=CC(=O)C2=CC=CC=C21)NCC1=CC(OC2=CC(F)=CC=C2)=CC=N1
8,Z7693897789,O=C(NCC1=CC2=CC=CC=C2NC1=O)C1=CC=C(OC2=CC=C(F)C=C2)C=N1
9,Z7775813870,COC1=CC=C(F)C=C1C1=CN=CC(CN2C=NC3=C(F)C(F)=CC=C3C2=O)=C1
10,PV-008712061352,N#CC1=CC(COC2=CC=C(NC(=O)C3=CC=CC4=C3C=NNC4=O)C=C2)=CC=C1
11,Z7580284247,O=C(NC1=CC(CC2=CC=CC=C2)=CC=N1)C1=CC=C(C2=NNC(=O)C=C2)C=C1
12,Z806835684,CC1=NN(C2=CC=CC=C2)N=C1C(=O)N(CC(N)=O)CC1=CC=C(C2=CC=CC=C2)C=C1
13,PV-002094162608,O=C(NCC1=CC=C(NC(=O)C2=CC=CC=C2O)C=C1)C1=CN=C2C=CC=NC2=C1
14,PV-008842879415,CC1=CC(C(=O)NC2=CC=CN(C3=CC=CC=C3)C2=O)=NN1C1=CC=CC=C1F
15,PV-009335036499,O=C(NC1=CC=C2C(=O)NC(=O)NC2=N1)C1=CC(C2=C(F)C=CC=C2F)=CC=C1
16,PV-007605700838,CN1C(C(=O)NC2=C(CC3=CC=CC=C3)NN=C2)=CC=C1C(=O)C1=CC=CC=C1F
17,PV-008193338632,O=C(NCC1=CC=NN1CC1=CC=CC=C1)C1=CN(C2=CC=CC=C2F)C(=O)C=C1
18,PV-009921063577,O=C(NC1=CC=C(OCC2=CN=CC=N2)C=C1)C1=CC=CC(C2=NNC(=O)C=C2)=C1
19,PV-008259638405,COC1=CC=C(C(NC(=O)C2=CC=NN2C2=CC=CN=C2)C2=CC=C(F)C=C2)C=C1
20,Z7627100012,O=C(NC1=CC=C(NC(=O)C2=CC=C3NC=CC3=C2F)C=N1)C1=CC(O)=CC=C1
21,PV-009791000503,NCC(NC(=O)C1=NN(C2=CC=CC=C2F)C=CC1=O)C1=CC=C2C=CC=CC2=C1
22,PV-005472149470,O=C(NC1=CC=C(C2=CC=NC=C2)N=C1)C1=CC=C(C(=O)C2=CNC=C2)C=C1
23,Z1335708531,O=C(NCC1=CC=C(N2C=NC=N2)N=C1)NCC1=CC(OC2=CC=C(F)C(F)=C2)=CC=N1
24,PV-009775228351,N#CC1=C(NC(=O)C2=CN=CC(C3=COC=C3)=C2)C=CN(C2=CC=CC=C2)C1=O
25,Z7572015662,O=C(NC(C(=O)CC1=CC=CC=C1)C1=CC=CC=C1)C1=CC=C2C(=O)NC=CC2=N1
26,PV-004266662728,O=C(NCC1=CN=C(C2=CC=CC=C2)C=N1)C1=CN=C2C(F)=CC=C(F)C2=C1
27,Z1175567168,CN(CCOC1=CC=CC(C#N)=C1)C(=O)C1=CC=CC(COC2=CC=CC=C2C(N)=O)=C1
28,PV-007603842847,COC1=CC=C(NC(=O)C2=NN=C(C3=CC=CC=N3)N2)C=C1C(=O)C1=CC=CC=C1
29,PV-007057072370,O=C(NCC1=CC=C(C2=CC=NC=C2)N=C1)C1=CN=C2C(F)=CC=C(F)C2=C1
30,Z1161340157,CCOC1=CC=C(N2N=CC(C(=O)NCC3=CC(OC4=CC=CC(F)=C4)=CC=N3)=C2C)N=N1
31,PV-009005494358,O=C(NC1=NC(C2=CC(F)=CC(F)=C2)=CC=N1)C1=CN=CC(N2C=CC=C2)=C1
32,Z3336726966,CC1=NC2=CC(C(=O)NCC3=CC=C(C4=CC=CC=C4)C=C3F)=CC=C2C(=O)N1
33,Z2212544874,O=C(NC1=CC=CC=C1C(=O)NCC1=CC=CC=C1)C1=CC=NC(C2=NNC=C2)=C1
34,PV-007634316905,N#CCN1C=C(NC(=O)C2=CC3=CC=C(OCC4=CC=CC=C4)C=C3N2)C=CC1=O
35,PV-007976519341,COC1=CC=C(N2C=CC(C(=O)NCC3=CC=C(C4=CNC(=O)C=C4)C=C3)=N2)C=C1
36,PV-009027207269,O=C(NC1=CC(NC(=O)C2=CC=CC(F)=C2C(F)F)=CC=C1)C1=CC=CC(=O)N1
37,PV-006498350391,N#CC1=CC(C2=CC(C3=NN(C4=CC=CC=N4)C=C3C(=O)O)=CC=C2)=CC=C1O
38,PV-009268470253,COC1=CC=CC(C2=CC=C(C(=O)NCC3=CC=C(C4=NC=CN4)C=C3)C(O)=N2)=C1
39,PV-005883648731,CC1=CC=C2N=CC(COC(=O)C3=NN(C4=CC=CC=C4F)C=CC3=O)=CC2=C1
40,PV-009011934443,O=C(NC1=CC2=CC=CC=C2C(=O)N1)C1=CC(C2=CC=CC=N2)=CC(F)=C1
41,Z1533934381,O=C(NCC1=CC(OC2=CC=C(F)C(F)=C2)=CC=N1)C1=NC(OCC(F)F)=CC=C1
42,PV-007709006181,O=C(CN(C(=O)C1=NN=C(C2=CC=CC=C2)N1)C1=CC=CC=C1)NC1=CC=CC=C1
43,PV-009586110144,CC1=CC=C(OC2=CC=C(NC(=O)C3=CC=CC(C4=NNC(=O)C=C4)=C3)C=C2)N=N1
44,PV-009532297721,N#CC1=C(NC(=O)CSC2=CC=C(F)C(F)=C2)C=CN(C2=CC=CC=C2)C1=O
45,Z7607036406,O=C(NC1=CC=CC=C1NC(=O)C1=CC=C2C=CC=CC2=N1)C1=CC(CO)=CN=C1
46,PV-005165249398,N#CC1=CC=CC=C1SC1=CC=C(NC(=O)C2=CC3=CC=CN3C(=O)N2)C=C1
47,PV-007575490813,O=C(NCC1=NN=C(C2=CC=CC=C2)O1)C1=CC(C2=C(F)C=C(F)C=C2F)=NO1
48,PV-005488049868,O=C(NCC1=CC=NC(OC2=CC=CC=C2F)=C1)C1=CC=C(C2=NC=NO2)C=C1
49,PV-010093486392,O=C(NC1=CC=NC(COC2=CC=CC=C2)=N1)C1=CC=C(N2C=CN=C2)C(F)=C1
50,PV-006320577347,NCC1=CC=C(C2=CC=CC=C2C(=O)NC2=CC=C(N3C=CNC3=O)C=C2)C=C1
51,Z7657347264,CC1=CC=NC(C2=CC=CC(NC(=O)C3=CN(C4=C(F)C=CC=C4F)N=N3)=C2)=N1
52,PV-005713277795,O=C(OCC1=CC(C2=CC=CN=C2)=CC(F)=C1)C1=CC=NN1C1=CC=NC=C1
53,PV-007690242491,O=C(O)C1=CN=C2N=C(NC(=O)C3=CC=CC=C3C(O)C3=CC=CC=C3)C=CC2=C1
54,PV-009517386941,CN1C(=O)C=CC2=CC=C(NC(=O)NCC3=CC=C(C4=CNC(=O)C=C4)C=C3)C=C21
55,Z7586493067,CC1=CC=C(N2C=CC(CNC(=O)C3=CC(=O)C4=CC(F)=CC(F)=C4N3)=N2)C=C1
56,Z7753419122,COC(=O)C1=CC2=NC(NC(=O)C3=CC=C(C4=CC=CC=C4C#N)C=C3)=NN2C=C1
57,PV-007945365957,O=C(NC1=CC=C(C2=NOC(C(F)(F)F)=C2)C=C1)C1=CC2=CC=CN=C2NC1=O
58,PV-009508648555,CC1=NN(C2=CC=CC(NC(=O)NCC3=CC=C(C4=CNC(=O)C=C4)C=C3)=C2)C=C1
59,PV-009978095477,COC1=CC=C2N=C(C3=CC=CC=C3)C=C(C(=O)N(C)C3=CC=CN(C)C3=O)C2=C1
60,PV-008379215047,O=C(NC1=CN(C2=CC=C(C(F)(F)F)C=C2)N=C1)C1=NN(C2=CC=CN=C2)C=C1
61,Z7578913829,CN(CC1=CC=CC=C1OCC1=CC=CC=C1)C(=O)C1=CC(=O)N2C=CC=CC2=N1
62,PV-008046191398,O=C(NC(C(=O)O)C1=CC=CC(C2=CC=NC=C2)=C1)C1=CC=CC2=NC(O)=CC=C12
63,PV-005557807793,COC(=O)C1=CC=C2NC=C(C(=O)CN3C=C(C4=CC=C(F)C(F)=C4)C=N3)C2=C1
64,PV-008470863751,O=C(NCC1=C(C2=CC=C(F)C=C2F)OC=N1)C1=NN(C2=CC=CC=C2)C=C1O
65,PV-007242321437,CC1=CC=CC(C2=NC=CC(NC(=O)C3=CN(CC4=CC=CC=C4)C(=O)C=C3)=N2)=N1
66,PV-006796270337,CC1=CC=C2N=C(C3=CC=CC=C3)C=C(C(=O)NCC3=C(O)C(O)=CC=N3)C2=C1
67,PV-006895883504,CN1C(=O)C=CN(CC(=O)NC2=CC=CC=C2C2=CC=C3C=CC=CC3=C2)C1=O
68,PV-007309725951,O=C(NC1=CN(CC2=CC=C(F)C=C2F)C(=O)C=C1)C1=CC=CC2=C1C(=O)NN2
69,PV-009064831947,C=C1C2=CC=CC=C2C(=O)N1CC(=O)NC1=C(C#N)C(=O)N(C2=CC=CC=C2)C=C1
70,Z7605884527,CN1C=C(C2=CC=CC(C(=O)NC3=CC=C(OC4=CC=CC=C4C#N)N=C3)=N2)C=N1
71,PV-009640752848,O=C(CC1=CC=C(OCC2=CC=C(F)C=C2)C=C1)NC1=NC=CC2=NC=NC=C12
72,Z7706462627,O=C(C1=CC=C(F)C(F)=C1)C1=CC=CC=C1C(=O)N1CC2=CC(F)=CN=C2C1
73,PV-008598520616,CN(CC1=CC=C(C(=O)NC2=CN=C(C3=NC=CC=N3)N=C2)C=C1)C1=CC=CC=C1
74,Z7689830263,O=C(NC1=CC(C2=CC=NC=C2)=CNC1=O)C1=CC=C(N2C=CN=C2)C(F)=C1
75,Z7624338980,CN(C(=O)C1=CC=C(N2C=NC3=CC=CC=C3C2=O)C=C1)C1=CN=CC(C#N)=C1
76,PV-004897702415,O=C(N[C@@H](CCO)C1=CC=C(C2=CC=CC=C2)C=C1)C1=C(F)N2C=CC=CC2=N1
77,Z7600000915,O=C(CC1=CC=CC=C1OC1=CC=NC=C1)NCC1=CC=C(C2=NC=CN2)C=C1
78,PV-006779710594,O=C(NCC1=C(F)C=C(O)C=C1F)C1=CC=C(NC(=O)C2=CC=CC=C2)C=C1
79,PV-009186631868,COC1=CC=CC2=C1OC=C2C(=O)NC1=C(C#N)C(=O)N(C2=CC=CC=C2)C=C1
80,Z7654500592,CN1C=NN=C1C1=NC=CC=C1C(=O)NC1=CC=C(OC2=CC=CC=C2C#N)C=C1
81,PV-006095842881,O=C(NCC1=CC=CC(C2=CC=CO2)=C1)C1=CNC(=O)N(C2=CC=CC=C2)C1=O
82,PV-007719945015,CSC1=CC=CC(C(O)C2=CC=CC(C3=CC=C4OC(=O)NC(=O)C4=C3)=C2)=C1
83,PV-004952867097,O=C(NC1=CN(CC2=CC(F)=CC=C2)C(=O)C=C1)C1=CC=CC2=C1C=NNC2=O
84,PV-007344681859,CC1=CC=C2C(O)=C(C(=O)NCCC3=CC=NC(OC4=CC=CC=C4)=C3)C=NC2=N1
85,PV-004872454408,O=C(O)C1=CN=C2N=C(NC(=O)C3=CC(C4=CC=CC=N4)=CC(F)=C3)C=CC2=C1
86,Z7765146102,CC1=CC=CN=C1OC1=CC=C(C(=O)NCCC2=CN(C3=CC=CC=C3)N=N2)C=C1
87,Z1223980906,N#CC1=CN(CCNC(=O)NCC2=CN(C3=CC=CC=C3)N=C2C2=CC=C(F)C=C2)N=C1
88,PV-003544255406,COC1=CC=C(C2=CC=NC=C2)C=C1C1=CC(=O)N(C2=CC=CC=C2)N=C1
89,PV-010031129370,CC1=C(NC(=O)C2=CC=CC=C2C2=NN=C(C3=CC=C(F)C=C3)O2)NC(=O)C=C1
90,PV-006768439722,CN1C=CC2=CC(NC(=O)C3=CC=C(C4=CC=CC=C4)NC3=O)=CC=C2C1=O
91,PV-009315819967,CC1=CN2C=C(C(=O)NCC3=CC=C(NC(=O)C4=CC=CC=C4O)C=C3)C=CC2=N1
92,Z2199829817,O=C(NCC(=O)N1CCC2=CC=CC=C2C1)NCC1=CC=C(C2=CC=CC=C2)C=C1F
93,Z1334415795,CC1=CNC(=O)N1C1=CC=CC(C(=O)NCC2=CC(OC3=CC=C(F)C(F)=C3)=CC=N2)=C1
94,Z1334417060,O=C(NCC1=CC(OC2=CC=C(F)C(F)=C2)=CC=N1)C1=NN(C2=CC=C(F)C=C2)N=C1
95,Z1102250501,CCOC1=CN(C2=CC=CC=C2)N=C1C(=O)N(CC(N)=O)CC1=CC=C(C2=CC=CC=C2)C=C1
96,PV-007269210363,O=C(NC1=CC=CC(NC(=O)C2=CN=C(O)C3=CN=CC=C23)=C1)C1=CC=C(F)C=C1
97,Z4984252114,O=C(NCC1=CC(O)=CN=C1)C1=C(C2=CC=CC=C2)C(C2=CC=CC=C2)=NNC1=O
98,Z806834104,NC(=O)CN(CC1=CC=C(C2=CC=CC=C2)C=C1)C(=O)CC(O)(C1=CC=CC=C1)C(F)(F)F
99,Z1172698307,N#CC1=CC(CC2=CN=C(NC(=O)C3=NN(C4=CC(F)=CC=C4)C=CC3=O)S2)=CC=C1
100,Z806833616,NC(=O)CN(CC1=CC=C(C2=CC=CC=C2)C=C1)C(=O)C1=CC2=CC(F)=CC=C2N1
101,PV-008070788630,CN(C(=O)C1=CC(=O)C2=C(C=CC=C2O)O1)C1=CC=CC(C(O)C2=CC=CC=C2)=C1
102,PV-009780094720,O=C(NC1=NOC=C1C1=CC=C(F)C=C1F)C1=CC(=O)N(C2=CC=CC=C2)N=C1
103,PV-002468165402,O=C(OCC1=NN(C2=CC=C(F)C=C2F)C=C1)C1=CC=CN=C1C1=CC=NC=C1
104,PV-009330939494,CN1C=C(C2=CC=CC(C(=O)NC3=C(C#N)C(=O)N(C4=CC=CC=C4)C=C3)=C2)C=N1
105,PV-007334455250,O=C(CC1=NN(C2=CC=C(F)C=C2)C=C1)NC1=CN(C2=C(F)C=CC=C2F)N=C1
106,Z7746844846,NC(=O)C1=CC(NC(=O)C2=C(C3=CC=C(F)C(F)=C3)C=CO2)=NC2=CC=CC=C12
107,PV-007453808793,O=C(NCC1=NC=CC=C1C1=CC=CC=C1)C1=NN(C2=CC=CC(F)=C2)C=C1O
108,Z5444760153,COC1=CC=C(C(=O)NC(C(=O)NC2=CC=C(C3=NNN=C3)C=C2)C2=CC=CC=C2)C=C1
109,Z4493310579,COC(=O)C1=CC([C@H](C)NC(=O)C2=CC=C(C3=CC=CC=C3C3=NNN=N3)C=C2)=CC=C1OC
110,Z7694161172,O=C(NC1=CC=C(OCC2=CN=CC=N2)C=C1)C1=CC(=O)N(C2=CC=CC=C2)N=C1
111,PV-008432470269,CN1C=CC2=CC(NC(=O)C3=CC(C4=CC=CC=C4F)=CN=C3O)=CC=C2C1=O
112,PV-008052835408,CC1=CNC(=O)N1C1=CC=CC(C(=O)NCC2=CC=C(C3=CC=CN=C3)C(F)=C2)=C1
113,PV-008666878785,O=C(OCC1=CC=C(C2=CC=C3OC(=O)NC(=O)C3=C2)C=C1)C1=CC=CC=C1O
114,Z5278940239,COC1=CC=C(CC(NC(=O)C2=CC=C3C(=O)N(C)C(=O)NC3=C2)C2=CC=CC=C2)C=C1OC
115,PV-008568608535,O=C(NC1=CC=C(F)C(C2=CN(C3=C(F)C=CC=C3F)N=N2)=C1)C1=CC=NC=N1
116,Z1544021420,O=C(NC(C(=O)NC1=CN(C2=NC=CC=C2Cl)N=C1)C1=CC=CC=C1)C1=CC=CC=C1
117,PV-008926446962,NC1=NN=CC(C2=CC=CC(C(=O)NCC3=CC=C(C4=CC=CC=N4)C(F)=C3)=C2)=N1
118,Z5278802481,COC1=CC=CC(C(O)CN(CC2=CC=CC=C2)C(=O)C2=CC=C3C(=O)N(C)C(=O)NC3=C2)=C1
119,PV-009662480198,O=C(NC1=CC2=NN(C(F)F)C=C2C=C1)C1=CN(C2=CC=C(F)C=C2)C(=O)C=C1
120,PV-009791701528,O=C(NC1=NN(C2=CC(F)=CC(F)=C2)C=N1)C1=CC=C(N2C=CC=C2)C(F)=C1
121,Z1481661788,O=C(NC1=CC=C2C(=C1)C=NN2C(F)F)C1=CN(C2=CC=CC=C2F)C(=O)C=C1
122,Z3290632082,CC1=CC=CN2C(=O)C(C(=O)OCC3=COC(C4=CC=CC=C4C(F)(F)F)=N3)=CN=C12
123,PV-004547330245,O=C(NCC1=CC=CC2=NON=C12)C1=CC(F)=C(F)C=C1C(=O)C1=CC=CC=C1
124,Z7629188154,CC1=CC2=CC(CNC(=O)C3=CC=C(O)C=C3C3=CC=CC=C3)=CC=C2NC1=O
125,PV-007353668692,COC1=CC=C(C(=O)C2=CC=CC=C2C(=O)NC2=CC(CO)=CC(F)=C2)C=C1F
126,PV-005543987365,O=C(NCC1=CC=C(OC2=CC=CC=C2)C=N1)C1=CN(C2=CC(O)=CC=C2)N=C1
127,Z1280730742,O=C(NC1=CC=C(OC2=CC=CC=C2)N=C1)C1=NN(C2=CC=CC=C2)C=C1O
128,Z1952780980,O=C(NCC1=CC=CC=C1OC1=CC=CC=N1)C1=CC(F)=CC=C1N1C=CC=N1
129,PV-008787871459,NC(=O)CN(CC1=CC=C(C2=CC=CC=C2)C=C1)C(=O)C1=COC2=CC=C(O)C=C12
130,PV-008771276300,CC(NC(=O)C1=CC=C(N2C=CC3=CC=CC=C32)C=C1)C1=CC=C(O)C(C(N)=O)=C1
131,PV-009864768734,NC(=O)CN(CC1=CC=C(C2=CC=CC=C2)C=C1)C(=O)C1=CN2C=CC(F)=CC2=N1
132,Z1348145683,CC1=C(C2=CC=CC=C2)C=C(C(=O)NCC2=NOC(C3=CC=C(F)C=C3)=N2)C(=O)N1
133,Z1148279846,NC(=O)CN(CC1=CC=C(C2=CC=CC=C2)C=C1)C(=O)CC1=CC=CC(OC(F)F)=C1
134,PV-009166046513,O=C(NC1=CC(=O)NC2=CC=NC=C12)C1=CC=C(C2=CC=CC=C2)C(F)=C1
135,Z1747758904,CC1=NC2=CC=CC=C2N(CCNC(=O)C2=CC=CC(N3N=CC=C3C(F)(F)F)=C2)C1=O
136,PV-005771469738,O=C(NC1=CC=C(OC2=CC=C(CO)C=C2)C=C1)C1=CC=C2C=CN=C(O)C2=N1
137,Z2229816412,CN(CC(=O)NC(C1=CC=CC=C1)C1=CC=CC=C1)C(=O)C1=CC=NC(C2=NNC=C2)=C1
138,PV-007767815843,CN1C(CC2=CC=CC=C2)=CN=C1C(=O)NC1=NN(C2=C(C#N)C(F)=CC=C2)C=C1
139,PV-007629806108,COC1=CC(C2=CC=CC=N2)=CC=C1NC(=O)CNC(=O)C1=CC2=CC=CC=C2N1
140,PV-007166283421,O=C(NCC1=NC=CC=C1C1=CC=C(F)C=C1)C(C1=CC=CC=C1)N1C=CC=N1
141,Z3824422011,N[C@@H](CC1=CC=CC(NC(=O)C2=C3N=C(C4=CC=CC=C4)C=C(C(F)F)N3N=C2)=C1)C(=O)O
142,Z1841298560,COC1=CC=C(CCNC(=O)C2=NC=CC=C2OCC2=CC=NC=C2)C2=CC=CC=C12
143,PV-004966005891,COC(=O)C1=NC(NC(=O)C2=CN(C3=CC(F)=CC=C3)N=C2)=CC2=CC=CC=C12
144,PV-008035545675,CC1=NC(O)=C2C=C(NC(=O)C3=CC(C4=C(F)C=C(F)C=C4F)=NO3)C=CC2=N1
145,Z1347931716,NC(=O)CN(CC1=CC=C(C2=CC=CC=C2)C=C1)C(=O)CCC1=NC2=C(F)C=CC=C2N1
146,PV-007243283875,CC1=CC=CC=C1CNC1=CC=C(C(=O)NCC2=CC=C3C=CC(=O)NC3=N2)C=C1
147,Z7703376618,O=C(CNC(=O)C1=CC=CC=N1)NC1=CC=C2N=CN(C3=CC=CC=C3)C(=O)C2=C1
148,PV-008100195389,N#CCC1=CC=C(OC2=CC=C(NC(=O)C3=CC=C(C4=NNC=N4)N=C3)C=C2)C=C1
149,Z1575837386,CC(=O)C1=CC=CC(OCC2=CC(C(=O)NCC3=NOC(C4=CC=C(F)C=C4)=N3)=NO2)=C1
150,Z2045014093,N#CC1=CC=C(OC2=CC(C(=O)NC3CCN(C(=O)CC4=CC=CC=C4)C3)=CC=C2)C=C1
151,PV-007165573461,CN1N=C(C2=CC=C(C#N)C=C2)C=C1C(=O)NC1=NN(C2=CC=C(F)C=C2)C=C1
152,Z7794876721,NC(=O)C1=CC(NC(=O)C2=NOC=C2C2=CC=C(F)C=C2F)=NC2=CC=CC=C12
153,PV-005618621053,COC1=CC=CC=C1C1=CC=C(C(=O)NCC2=CNC3=CC=C(F)C=C23)C(=O)N1
154,PV-007161861504,COC(=O)C1=CC=C2N=C(C(=O)NC3=NN(C4=CC=C(F)C=C4)C=C3)C=CC2=C1
155,PV-009094163331,COC(=O)C1=CC=NC(O)=C1NC(=O)C1=CC=C(N2C=CC3=CC=CC=C32)C=C1
156,PV-009100700320,COC(=O)C1=CC=CC2=C(CNC(=O)C3=CN=C(C4=CC=CC=N4)N=C3)C=CC=C12
157,PV-007345176130,O=C(NC(CC1=CC=CC=C1)C(O)C1=CC=CC=C1)C1=CC=C2C=CN=C(O)C2=N1
158,PV-006392762879,NC1=CC(C(=O)NC2=CC(NC(=O)C3=CC4=CC=CC=C4N3)=CC=C2)=NC=C1F
159,PV-008555020812,O=C(NCC1=CN=C(C2=CC=CC=C2)C=N1)C1=CN2C=C(C(F)(F)F)N=C2C=C1
160,PV-009410494969,O=C(NC1=CC=C(C2=CC(F)=CC=C2)C=C1)NC1=CC=C2C(=O)NC(=O)NC2=N1
161,PV-006063283760,O=C(O)C1=CN(C2=CC=CC(C3=CC(CN4C=CN=C4)=CC(F)=C3)=C2)C(=O)C=C1
162,Z2191312650,CN1N=CC2=CC=C(CNC(=O)NCC3=CC(OC4=CC=C(F)C(F)=C4)=CC=N3)C=C21
163,PV-007908110878,COC(=O)CC1=CC=C(F)C=C1C1=CC=C2NC(=O)CN=C(C3=CC=CC=C3)C2=C1
164,PV-008648096504,O=C(OCC1=CC(CC2=CC=CC=C2)=NO1)C1=CC=C(C2=NNC(=O)C=C2)C=C1
165,PV-008649251673,O=C(NCC1=CC=C(N2C=CN=C2)C=N1)C1=CC(C2=CC=CC=C2F)=CN=C1O
166,PV-006818594590,N#CC1=CC=C2N=C(CNC(=O)C3=CC=C(OC4=CC=C(F)C=C4)N=C3)NC2=C1
167,PV-008535015816,CC1=C(NC(=O)C2=CC=C(SCC3=CC=CC=C3)C=N2)C(=O)N2C=CC=CC2=N1
168,PV-007990437349,COC1=CC(C)=CC=C1CN1C(=O)NC2=CC(OCC3=CC=CC=C3)=CC=C2C1=O
169,Z1545368735,O=C(CNC(=O)C1=NC=CC=C1O)NC(C1=CC=CC=C1)C1=CC=C(OC(F)F)C=C1
170,Z1352062773,O=C(COC1=CC=CC(OC2=CC=CC=N2)=C1)OCC1=CC=C(N2C=CN=C2)N=C1
171,Z7593958773,CN1C(C(=O)NC2=CC=C3C=CN=CC3=C2)=CC=C1C(=O)C1=CC=CC=C1F
172,PV-007127365245,O=C(NCC1=CC=C(O)C(F)=C1F)NC1=CC=C(N2N=NC3=CC=CC=C32)C=C1
173,PV-004245234040,O=C(NC1=CC(C2=NN=NN2)=CC=C1F)C1=CC=NC=C1OC1=CC=C(F)C=C1
174,PV-007579051062,O=C(OCC1=CC=CC=C1)C(F)(F)C1=CC=CC(C2=CC=CC3=C2NC(=O)N3)=N1
175,PV-004246457694,O=C(CC1=CC2=CN=CN2C=C1)NCC1=CC(OC2=CC=C(F)C(F)=C2)=CC=N1
176,PV-007225588799,NCC1=CC=CC=C1C1=CC=CC(C(=O)NC2=CC=CC3=C2NC(=O)C=C3)=C1
177,Z7573709792,O=C(NC1=C(F)C(C2=CC=NC=C2)=CC=C1)C1=NC(C2=CC=CC=C2)=NO1
178,Z1731053869,O=C(NCC1=NOC(COC2=CC=CC=C2F)=C1)NC1=CC=CC=C1CN1C=CC=N1
179,Z7600630164,N#CC1=CC(C2=NN=C(NC(=O)C3=CC4=CC=C(F)C(F)=C4N=C3)S2)=CC=C1
180,PV-005894676875,CN1N=C(CC2=CC=CC=C2)C=C1NC(=O)C1=CC=C(C2=CN=CN=C2)C=C1F
181,PV-009932599841,N#CC1=CC=NC(N(CC2=CC=C(F)C=C2F)C(=O)C2=CNC3=CC=CN=C23)=C1
182,PV-009952971960,NC(=O)C1=CC2=CC=CC(NC(=O)C3=CC(C4=CC=CC=N4)=CC(F)=C3)=C2N1
183,PV-009499914435,N#CC1=CC(C2=CC=CC(NC(=O)C3=COC(CN4C=CC=N4)=C3)=N2)=CC(F)=C1
184,Z7689889478,CC1=C(NC(=O)C2=NOC(C3=CC=C(C#N)C=C3F)=C2)C=CC2=NC(O)=CC=C12
185,PV-007461030223,O=C(NC1=CC=C2C(=O)NC=NC2=C1)C1=CC(C2=CC=CC=C2C(F)(F)F)=NN1
186,PV-007016900214,CN1N=C(C(=O)NCC2=CC(C3=CC(O)=CC=C3)=CC=C2)C(=O)C2=CC=CC=C21
187,PV-007704505323,CC1=CC(OCC2=CC(C#N)=CC=C2F)=CC=C1NC(=O)C1=NC2=NC=CN2C=C1
188,PV-009824332154,CN(CC1=CC=CNC1=O)C(=O)C1=CC=CC=C1C1=CC=C(CN2C=CN=C2)C=C1
189,Z5278820896,CN1C(=O)NC2=CC(C(=O)NC3=CC=CC(Cl)=C3SC3=CC=CC=N3)=CC=C2C1=O
190,PV-005770217794,N#CCN1C=C(NC(=O)C2=CC=C3N=C(C4=CC=C(F)C=C4)NC3=C2)C=CC1=O
191,PV-008005866627,O=C(NCC1=CC=C(C2=CNC(=O)C=C2)C=C1)C1=CC(C2=CC=CC=C2)=NC(O)=C1
192,PV-008056421939,O=C(NCC1=CC=C(C2=CNC(=O)C=C2)C=C1)C1=CC=C(C2=CN=CN=C2)C=C1F
193,Z1443005937,COC1=CC=CC(CC(NC(=O)C2=CC=CC(N3N=CC(C#N)=C3N)=C2)C2=CC=CC=C2)=C1
194,Z5278776686,CN1C(=O)NC2=CC(C(=O)N(CC(N)=O)CC3=CC=CC(OC4=CC=CC=C4)=C3)=CC=C2C1=O
195,Z5278939972,CC1=C(NC(=O)C2=CC=C3C(=O)N(C)C(=O)NC3=C2)C=CC=C1C(=O)NC1=CC=CC=C1
196,Z1784225646,O=C(NC(C1=CC=CC(C(F)(F)F)=C1)C1=NN=CN1)C1=NN(C2=CC=CC=C2F)C=C1O
197,PV-009452776798,N#CC1=CC=CC=C1COC1=CC=C(C(=O)NC2=CC(=O)NC3=CN=CC=C23)C=C1
198,Z1390781885,O=C(COC1=CC=CC(OC2=CC=CC=N2)=C1)NCC1=CC=NN1CCC1=CC=CC=C1
199,PV-006848601362,O=C(NC1=CC(C2=CC=C(F)C=C2F)=CC=C1)C1=CC=C(N2N=NNC2=O)C=C1
200,PV-007491325525,O=C(NCC1=NN=C(CC2=CC=C(F)C=C2)N1)C1=CC=C(O)C=C1C1=CC=CC=C1
201,PV-009312625272,O=C(CC1=CC=C(O)C2=CC=CC=C12)NC1=CC(NC(=O)C2=CN=CN=C2)=CC=C1
202,PV-007801349591,N#CC1=CC(COC(=O)C2=CC=C3NC(=O)N(CC4=CC=CC=C4)C3=C2)=CC=C1F
203,Z7575728510,O=C(NC1=CN(C2=CC=CC=C2)C(=O)C=C1)C1=CC(O)=NN1C1=CC=CC=C1F
204,Z1444624734,COC1=CC=CC(CC(NC(=O)NCCN2N=CC3=CC=CC=C3C2=O)C2=CC=CC=C2)=C1
205,PV-005792602211,O=C1C2=C(C=C(F)C(F)=C2)C(C2=CC=CC=C2)=NN1C1=C(F)C(CO)=CC=N1
206,PV-004941765180,O=C(NCC1=CC=C(C2=CNC(=O)C=C2)C=C1)C1=C(F)N(C2=CC=CC=C2)N=C1
207,PV-004458887518,COC1=CC=C(F)C=C1C1=CN=CC(COC2=CC=C(N3C=CNC3=O)C=C2)=C1
208,PV-006866100105,O=C(CC1=CC=C(N2C=CC=N2)C=C1)NC1=NC(C2=CC(F)=CC(F)=C2)=CC=N1
209,PV-008353257466,CN1C=CC(C(NC(=O)C2=CC(C3=CC=CC=C3F)=CN=C2O)C2=CC=CC=C2)=N1
210,PV-007515106633,CC1=CC=NN=C1C(=O)NC1=CC=CC(NC(=O)C2=CC3=CC(F)=CC=C3C=N2)=C1
211,Z4493295271,COC1=CC=C(NC(=O)[C@@H](C)NC(=O)C2=CC=C(C3=CC=CC=C3C3=NNN=N3)C=C2)C=C1
212,PV-009321392456,N#CC1=C(NC(=O)C(F)(F)/C=C/C2=CC=CC=C2)C=CN(C2=CC=CC=C2)C1=O
213,PV-008406908562,NC1=CC(C(=O)NC2=CC(F)=C(N3C=CN=C3)C(F)=C2)=NN1C1=CC=C(F)C=C1
214,PV-009158989033,N#CC1=C(NC(=O)NCC2=CC=C(C3=CNC(=O)C=C3)C=C2)C2=CC=CC=C2N=C1
215,PV-006724161626,N#CC1=CC(C2=CC=CC=C2)=CC(NC(=O)CNC(=O)C2=CC=C(F)C=C2F)=C1
216,PV-008549874131,CC1=CC=C(C(O)C2=CC=CC=N2)C=C1NC(=O)C1=CN(C2=CC(O)=CC=C2)N=C1
217,PV-007243617011,O=C(NC1=CC=CN(C2=CC=CC=C2)C1=O)C1=CC=CC2=CC(O)=CC=C12
218,PV-007438352093,CC1=NC2=C(C3=CC=C(COC(=O)C4=CC=CC=C4O)C=C3)C=CC=C2C(=O)N1C
219,PV-007344954102,O=C(NC(CC1=CC=CC=C1)C1=CC=NC=C1)C1=NN(C2=CC=CC=C2)C(=O)C=C1
220,PV-002147774493,CC1=CC(NC(=O)C2=CC(F)=C(F)C=C2C(=O)C2=CC=CC=C2)=CC(C(N)=O)=C1
221,PV-008303639954,CN1C=NC=C1C1=CC(F)=CC=C1C(=O)NC1=CC=CN(C2=CC=CC=C2)C1=O
222,PV-006662541138,O=C(NC1=CC=C2N=CN(C3=CC=CC=C3)C(=O)C2=C1)C(F)(F)C1=CC=CN=C1
223,Z4985552369,CN1N=CC=C1C1=C(C(=O)NC2=CC=CC(C3=CC=CC=C3OC(F)(F)F)=C2)N=NN1
224,PV-004268487257,O=C(NC1=CC=C(C2=CNC(=O)N2)C=C1)C1=CC=CN=C1NC1=CC=CC=C1F
225,Z1161341455,CCN1N=C(C(=O)NCC2=CC(OC3=CC=CC(F)=C3)=CC=N2)C2=CC=CC=C2C1=O
226,Z1333201348,O=C1NC2=CC=CC=C2C(=O)N1CC1=CC(OC2=CC=C(F)C(F)=C2)=CC=N1
227,PV-007143830011,O=C(NC1=CC=CC=C1C1=CNC=N1)C1=CN(C2=CC=CC=C2F)C(=O)C=C1
228,PV-007682160420,NC1=C(C(=O)NCC2=CC=C(C3=CNC(=O)C=C3)C=C2)C=NN1CC1=CC=CC=C1
229,PV-008630723351,COC(=O)C1=CC=CC2=C1C=NN(CC1=CC=CC=C1OCC1=CC=CC=C1)C2=O
230,PV-007850558637,COC1=C(C(=O)NCC2=CC=C(C3=CC=C4C=CC=CC4=C3)C=C2)NC(=O)NC1=O
231,PV-007873221098,O=C(CC1=CC=CN=C1)NC1=CC=C(C(=O)NCC2=CNC3=CC=C(F)C=C23)C=C1
232,Z1273867081,CC1=CC(CNC(=O)C2=CN(CC3=CC=CN=C3)N=N2)=CC=C1OC1=CC=C(F)C=C1
233,PV-007085892128,CN1C=CC(=O)C2=CC(NC(=O)C3=CC=C(OCC4=CC=CC=C4)N=C3)=CC=C21
234,Z1900947472,CCC1=C(C(=O)NCC2=CC=CC(C3=CC=CN=C3)=C2)N=NN1CC1=CC=C(F)C=C1
235,PV-008109287748,NCC(NC(=O)C1=CN(C2=CC=CC=C2)N=C1C1=CC=NC=C1)C1=CC=CC=C1F
236,Z2207745930,CC1=C(C(=O)NCC2=CC=C(C3=CC=CC=C3)C=C2F)C=NC2=C1C(=O)N(C)C(=O)N2C
237,PV-004455189318,O=C(NC1=CN(C2=CC=CC=N2)N=C1)C1=CC=C(OC2=CC=C(F)C=C2)C=N1
238,PV-008333886559,COC1=CC=C(C(=O)NC2=NN(C3=CC=C(F)C=C3)N=C2)C=C1C1=CC=CC=N1
239,PV-008160604029,O=C(NC1=CC=C(N2C=CC(=O)N2)C(F)=C1)C1=CN(C2=C(F)C=CC=C2F)N=N1
240,PV-007372346442,O=C(NC1=CC=CN(C2=CC=CC=C2)C1=O)C1=NOC(COC2=CC=CC=C2)=C1
241,PV-008563811428,O=C(CCC1=CC2=CC=CC=C2NC1=O)NC1=CN(C2=CC=CC=C2)C(=O)C=C1
242,Z1222691634,N#CC1=CN(CCNC(=O)C2=CC=C(C=CC3=CC=C4C=CC=CC4=N3)C=C2)N=C1
243,PV-005024163351,O=C(NC1=CC=C(OC2=CC=CC=C2)N=C1)C1=C(F)C=C(C2=NNN=N2)C=C1F
244,PV-008573990645,COC1=CC=CC2=C1NC(C(=O)NC1=CC=C(NC(=O)C3=CC(O)=CC=C3)N=C1)=C2
245,Z2182618232,O=C(NCC1=CC=CC(C(=O)OCC2=CC=CC=C2)=C1)NCC1=CC=C2C=CNC2=N1
246,Z2743743295,CN1C(=O)OC2=CC(CNC3=CC=CC(CS(=O)(=O)C4=CC=C(F)C=C4F)=C3)=CC=C21
247,PV-008901444033,O=C(N[C@@H](CCO)C1=CC=C(C2=CC=CC=C2)C=C1)C1=CC2=CC=NC=C2C(O)=N1
248,PV-007246435451,CC1=CC=C(N2NC(C(=O)NC3=CN(C4=CC=CC=C4)C(=O)C=C3)=CC2=O)C=C1C
249,Z1335904972,CCNC(=O)CC1=CC=C(NC(=O)NCC2=CC(OC3=CC=C(F)C(F)=C3)=CC=N2)C=C1
250,Z2219914543,O=C(NCC1=CC=CC=C1NS(=O)(=O)C1=CC=CC=C1)C1=CC=NC(C2=NNC=C2)=C1
251,PV-007387657960,N#CC1=CC(OC2=CC=C(NC(=O)NCC3=CN4C=C(F)C=CC4=N3)C=N2)=CC=C1
252,PV-007376549111,O=C(NCC1=NOC(C2=CC(F)=CC=C2)=N1)C1=NOC=C1C1=CC=C(F)C=C1F
253,PV-007880026251,CC1=CC=C(CN2C=CC=C(NC(=O)C3=NC=C(C4=CC=CC=C4)N3C)C2=O)C=C1
254,PV-009429379959,CC1=NNC(=O)C2=C(NC(=O)C3=CC=C(OC4=CC=C(F)C=C4)C=N3)C=CC=C12
255,PV-008436693863,O=C(NC1=CN(C2=CC=CC=C2)C(=O)C=C1)C1=CN(C2=CC(Cl)=CC=C2)C=N1
256,PV-008622297842,O=C1C=CC=CN1CC1=CC=C(C2=CC=CC=C2N2N=NN=C2C(F)(F)F)C=C1
257,PV-009590947435,O=C(NCC1=NNC(C2=CC=CC=C2)=C1)NC1=CC=CN(C2=CC=CC=C2)C1=O
258,PV-004498146334,CN1N=C(C(=O)COC(=O)C2=CC(C3=CC(F)=CC=C3)=CN=C2)C2=CC=CC=C21
259,PV-009998189249,CNC(=O)C1=CC=C(C(=O)NC2=CC=NN2CC2=CC=CC3=CC=CC=C23)C=C1F
260,PV-008340031676,CN1C=C(COC(=O)C2=CC3=C(NC(=O)C=C3)C(F)=C2)C(C2=CC=C(C#N)C=C2)=N1
261,PV-007847418924,O=C(NC1=CN(C2=CC=CC=C2)C(=O)C=C1)C1=C(C2=CC=CC=C2)N(CCO)N=C1
262,PV-004681783494,O=C(NC1=CC=CC(N2N=NNC2=O)=C1)C1=CC=C(C2=CC=CC=C2)C=C1F
263,PV-009192862049,N#CC1=CC=C(CN(C(=O)C2=CC=NN2C2=CC=NC=C2)C2=CC=CC=C2)C=C1
264,PV-008634091405,O=C(NCC1=CC=C(OC2=CC=CN=C2)C(F)=C1)C1=CC(O)=NC2=CN=CC=C12
265,PV-008133089399,NC(=O)C(NC(=O)C1=CN=CN1C1=CC=C(F)C=C1)C1=CC=C2C=CC=CC2=C1
266,PV-006769845553,O=C(OCC1=CC=C(OCC2=CC=CC=C2)N=C1)C1=CC=C2C=NNC(=O)C2=C1
267,PV-009890675765,O=C(NC1=CC=C(OCC2=CC=CC=N2)N=C1)C1=CC(=O)N(C2=CC=CC=C2)N1
268,PV-004774190944,O=C(NCC1=CC=CC(C2=CC=CO2)=C1)C1=NN(C2=CC=C(F)C=C2)C=C1O
269,PV-009078088402,O=C(NC1=CC=C(C2=CNC(=O)N2)C=C1)NC1=CC(F)=C(N2C=CN=C2)C(F)=C1
270,PV-008276852381,O=C(NCCC1=CNC2=CC(F)=CC(F)=C12)C1=NN(C2=CC=CC(F)=C2)C=C1O
271,Z4493391861,"CCOC(=O)[C@@]1(F)CN(C(=O)C2=CC=C(C3=CC=CC=C3C#N)C=C2)C[C@@H]1C1=CC=CN=C1 |&1:5,26|"
272,Z7589852823,CC(=O)NC1=CC=C(OC2=CC=C(C(=O)NC3=CC=CC4=CN=NC=C34)C=C2)N=C1
273,PV-009360255495,COC1=CC(C(=O)NC2=C(C#N)C(=O)N(C3=CC=CC=C3)C=C2)=C2OC=CC2=C1
274,Z1960282773,O=C(CCC1=CN=CC=N1)OCC(=O)C1=C(C2=CC=C(F)C=C2)NC2=CC=CC=C12
275,PV-005453052945,O=C(OCC1=NC=NN1C1=CC=CC=C1)C1=CC(C2=CC=CC=N2)=CC(F)=C1
276,PV-007566316095,CN(C(=O)C1=CC=C(C2=CC=NN2C)C=C1)C1=NC=C(OCC2=CC=CC=C2)C=N1
277,PV-008383763947,N#CC1=CN2C(C(=O)NC(C(=O)CC3=CC=CC=C3)C3=CC=CC=C3)=CN=C2C=C1
278,PV-008500823156,CN1C=CC2=C(C(=O)NCC3=CC=C(NC(=O)C4=CC=CC=C4O)C=C3)C=CN=C21
279,PV-008779769250,CC1=CC2=CC(CNC(=O)C3=CC=C(N(C)C4=CC=CC=C4)N=C3)=CC=C2NC1=O
280,PV-008414106844,O=C(NCC1=CC=C(NC(=O)C2=CC=CN=C2)C=C1)C1=CC=C2C=NNC(=O)C2=C1
281,PV-005969933539,O=C(NCC1=CC=C(COC2=CC(F)=CC=C2)C=C1)C1=CC2=C(NN=N2)C(F)=C1
282,PV-005883617579,O=C(NC1=CC=C(N2C=CC=CC2=O)C=C1F)C1=NC2=CN=CC=C2C(Cl)=C1
283,Z2220161650,CN(CC1=CC=CC(NS(=O)(=O)C2=CC=CC=C2)=C1)C(=O)C1=CC=NC(C2=NNC=C2)=C1
284,PV-009016967667,CCC1=NC2=CC(F)=CC=C2C=C1C(=O)NC1=CC(=O)N(C2=CC=CC=C2)N=C1
285,PV-010037893116,O=C(NC1=CC=C(C2=NC=CN2)C=C1)NC1=CC(=O)N(C2=CC=CC=C2)C=C1
286,Z7751352078,O=C1CN(C(=O)C(F)(F)C2=NC=CC=C2F)C2=CC=CC=C2N1C1=CC=CC=C1
287,PV-008270508972,CC1=NN(C2=CC=CC=C2CNC(=O)C2=NOC(C3=CC=C(C#N)C=C3F)=C2)C=C1
288,PV-008080486479,CC1=C(CC(=O)NCC2=CC=C(C3=CC=C4C=CC=CC4=C3)C=C2)C(=O)NC(N)=N1
289,Z1735032112,CN1C=C(CCNC(=O)NCC2=NOC(COC3=CC=CC=C3F)=C2)C2=CC=C(F)C=C21
290,PV-006803320500,O=C(C1=C(F)C(O)=C(F)C=C1)N1CC(=O)N(C2=CC=CC=C2)C2=CC=CC=C21
291,PV-009553125022,O=C(NC1=NC(O)=CC=C1C1=CC=CC=C1)C1=CN(C2=CC(F)=CC=C2)C(=O)C=C1
292,Z1952793669,CC1=NC2=CC=CC=C2N(CCNC(=O)C2=CC(F)=C(F)C=C2C(=O)C2=CC=CC=C2)C1=O
293,PV-008785898278,O=C(NCC1=CC=C(C2=CNC(=O)C=C2)C=C1)C1=CN(C2=CC=CC=C2)C(=O)C=C1
294,PV-006872913128,O=C(C1=CC=CC=C1)C1=CC(NC(=O)C2=C(F)C3=C(C=C2)NC(=O)N3)=CC=C1F
295,PV-008641826874,O=C(NC1=CC=CC=C1OCC1=CC=CN=C1)C1=CC(=O)N(C2=CC=CC=C2)N=C1
296,PV-007481341970,O=C(NC1=CC=CC(NC(=O)C2=CC3=CN=CC=C3C=C2F)=C1)C1=CNC(=O)C=C1
297,Z1490441431,CC1=C(C(=O)NC2=CC=C(C(=O)NCC3=CC=CC(C4=CC=CC=N4)=C3)C(O)=C2)C=NO1
298,PV-008012749735,CC1=NC(NC(=O)C2=NN(C3=CC=C(F)C=C3)C=CC2=O)=NC=C1C1=CC=CC=C1
299,Z1972080094,CN1C=C(C(=O)N(CC(N)=O)CC2=CC=C(C3=CC=CC=C3)C=C2)C2=CC(F)=CC=C21
300,Z1334417905,CC1=CC=CC(N2C=C(C(=O)NCC3=CC(OC4=CC=C(F)C(F)=C4)=CC=N3)N=N2)=C1
301,PV-009843441128,CN1C=CC(=O)C2=CC(NC(=O)C3=CC=C(OC4=CC=C(C#N)C=N4)C=C3)=CC=C21
302,PV-009505794133,O=C(NC1=NN(C2=CC(F)=CC(F)=C2)C=N1)C1=CC=C(C2=CC=CN=C2)C=C1
303,PV-008405185800,O=C(NCC1=CC=C(C2=CNC(=O)C=C2)C=C1)C1=CC=CN=C1OC1=CC=CN=C1
304,PV-008495298657,O=C(O)C1=CC=C(C2=CC=CC(CNC(=O)C3=CC=C4C(=O)C=CNC4=C3)=C2)C=C1
305,Z5016949494,NC(=O)C1=CC(CNC(=O)CCC2=NC(C3=CC=CC=C3)=C(C3=CC=CC=C3)O2)=CC=N1
306,PV-009663263924,N#CC1=CC=CC=C1C1=CC=C(C(=O)NC2=NN=NN2CC2=CC=C(F)C=C2)C=C1
307,PV-004708351048,NC1=CC(C(=O)NC2=CC(C3=CC=C(O)N=C3)=CC=C2)=NN1C1=CC=C(F)C=C1
308,PV-009564173070,O=C(NCC1=CC=C(C2=CNC(=O)C=C2)C=C1)NC1=NC=NC=C1C1=CC=CC=C1
309,PV-002143032533,O=C(NCC1=CC=C2C=CC=NC2=C1)C1=CC=C(NC(=O)C2=CNC(=O)C=C2)C=C1
310,Z1585054230,CN1C=CC(C(NC(=O)C2=CC=C(CNC(=O)C3=CC=CS3)C=C2)C2=CC=C(F)C=C2)=N1
311,Z1731398581,O=C(NC1=CC=CC=C1)C1=CC=C(NCC2=NOC(COC3=CC=CC=C3F)=C2)N=N1
312,PV-004339929411,O=C(NCC1=CC=C(C2=CNC(=O)C=C2)C=C1)C1=CC=C(CC2=CC=CC=C2)N1
313,Z7722601401,O=C(NCC1=CC=C2C=CC(=O)NC2=N1)C1=CC=CC=C1OC1=CC=C(F)C=C1
314,PV-006379321026,O=C(NC1=CN=CC=C1OCC1=CC=CC=C1)C1=CC2=C(NC(=O)C=C2)C(F)=C1
315,PV-008239555929,CC1=C(NC(=O)C2=CN=CC3=C2C=CNC3=O)C=CC=C1C(=O)NC1=CC=CC=C1
316,Z1929582904,O=C(NC1=C(C(F)F)N(C2=CC=NC=C2)N=C1)C1=NOC(COC2=CC=CC=C2F)=C1
317,PV-009956639505,O=C(NC1=CC=C2C(=O)NC(=O)NC2=N1)C1=CC=C(OC2=CC=CC=C2F)C=C1
318,Z1576396986,O=C(COC1=CC=CC(OC2=CC=CC=N2)=C1)NC1CC(=O)N(C2=C(F)C=CC=C2F)C1
319,Z7689830638,O=C(NC1=CC(C2=CC=NC=C2)=CNC1=O)C1=CC2=CC=CC=C2N=C1C(F)F
320,Z1275683963,CN1C=CN=C1CC(NC(=O)COC1=CC=CC(OC2=CC=CC=N2)=C1)C1=CC=CC=C1
321,PV-002309701908,O=C(NC1=CN=C(C2=CC(F)=CC=C2)N=C1)C1=CC=CN=C1C1=CC=NC=C1
322,PV-010061955853,O=C(NC1=NC2=CC=C(OC(F)(F)F)C=C2C=C1)C1=CC(=O)N2C=CC=CC2=N1
323,Z1274201630,O=C(CCC1=NN=CN1C1=CC=CC=C1)NCC1=CC(OC2=CC(F)=CC=C2)=CC=N1
324,PV-008440905680,CC1=CC=C(OCC2=CC=CC(C(=O)NC3=CC=C(C4=CNC(=O)N4)C=C3)=C2)C=N1
325,PV-009541856743,O=C(CC1=CC=CC(OC2=CC=CC=C2)=C1)NC1=NC=C(C2=NC=CC=N2)C=N1
326,PV-008600996491,NC1=NN(CC(=O)NCC2=NC=CC=C2C2=CC=C(F)C=C2)C(C2=CC=CC=C2)=C1
327,PV-007155184629,O=C(NC(C(=O)C1=CC=CC=C1)C1=CC=CC=C1)C1=CC=NN1C1=CC=NC=C1
328,PV-008318882047,COC1=CC=C(NC(=O)C2=CNC(=O)C3=CC=CN=C23)C(OCC2=CC=CC=C2)=C1
329,PV-008773542019,NC(=O)C1=C(NC(=O)C2=CC(C3=C(F)C=C(F)C=C3F)=NO2)C2=CC=CC=C2O1
330,PV-009304281810,O=C(N=S(=O)(C1=CC=CC=C1)C1=CC=NC=C1)C(C1=CC=CC=C1)N1C=CC=N1
331,PV-007849765263,COC1=CC=C(NC(=O)C2=CN=C3C(=O)NN=CC3=C2)C=C1C(=O)C1=CC=CC=C1
332,Z1119837666,NC(=O)CN(CC(=O)C1=CNC2=CC=CC=C12)CC1=CC=C(C2=CC=CC=C2)C=C1
333,PV-008952382970,N#CCN1C=C(C(=O)NC2=C(C#N)C(=O)N(C3=CC=CC=C3)C=C2)C2=CC=CC=C21
334,Z1333341538,O=C(COC1=CC=CC(OC2=CC=CC=N2)=C1)NCCC1=NC(C2=CC=NC=C2)=CS1
335,PV-006850918370,N#CC1=CC(C2=CC=CC=C2)=CC(NC(=O)C2=NNC3=CC=CC=C3C2=O)=C1
336,Z6477767645,CS(=O)(=O)C1=CC=C(C2=CC(=O)N3C=CC=C(OCC4=CC=CC=C4)C3=N2)C(F)=C1
337,PV-009819682906,O=C(CC(O)CC1=CC=CC=C1)NC1=CC=C2N=CN(C3=CC=CC=C3)C(=O)C2=C1
338,PV-006343967884,COC1=CC=CC(C2=CN=C(C(=O)NC3=CN(C4=CC=CC=C4F)N=C3)N=C2)=C1
339,PV-009111499280,N#CC1=CC=C(N2C=C(C#N)C(NC(=O)CC3=CC=C4C=CN=CC4=C3)=N2)C(F)=C1
340,Z2046454769,O=C(COC1=CC=CC(OC2=CC=CC=N2)=C1)OCC1=CC(C2=CC=NC=C2)=NN1
341,PV-009954369418,O=C(NC1=CC(F)=CC=C1C1=NNC(=O)N1)C1=CC=CC(OC2=CC=CC=C2)=N1
342,PV-005698632790,O=C(NC1=CC=C(OC2=CC(F)=CC=C2)N=C1)C1=CC=C2C=NNC(=O)C2=C1
343,PV-007224451300,COC1=CC=C2C(C(=O)NCC3=CC=CC=C3OC3=CC=CC=N3)=CC(=O)NC2=C1
344,Z7600343849,O=C(NC1=CN(CC2=CC=CC=C2)C(=O)C=C1)C1=CC=NC2=CC=C(F)C=C12
345,PV-010009652837,O=C(NC1=CC=C(C2=CNC(=O)N2)C=C1)NC1=NC=CC=C1OCC1=CC=CC=C1
346,PV-007268518883,O=C(NCC1=NOC(C2=CC=C(F)C=C2)=N1)C1=CNC2=C(C=C(F)C(F)=C2)C1=O
347,PV-008583114003,N#CC1=CN2C(C(=O)NC(COC3=CC=CC=C3)C3=CC=C(F)C=C3)=CN=C2C=C1
348,Z1233701632,O=C(NCC1=CC(OC2=CC(F)=CC=C2)=CC=N1)C1=CC=CC(N2C=CC=N2)=N1
349,PV-008444798350,COC1=CC=C(CN2C=CN=C2C(=O)NC2=CN(C3=CC=CC=C3)C(=O)C=C2)C=C1
350,Z1274527674,O=C(NCC1=CC=CC=C1COC1=CC=CC=C1Cl)C1=CN(CC2=CC=CN=C2)N=N1
351,PV-006309819974,COC1=CC=CC(OC2=CC=C(NC(=O)C3=CNC(=O)C4=CC=CN=C34)C=C2)=C1
352,Z1873335100,O=C(COC1=CC=CC(OC2=CC=CC=N2)=C1)OCC1=NN=CN1C1=CC=CC=C1
353,Z1549294862,CC1=CC=CC=C1C1=NC(CNC(=O)COC2=CC=CC(OC3=CC=CC=N3)=C2)=NO1
354,PV-005292632106,CN(C(=O)C1=CN(C2=CC=CC=N2)N=C1)C1=CC=CC(C(O)C2=CC=CC=C2)=C1
355,PV-009330503148,O=C(NC1=CC=C(C2=NN=CO2)C(F)=C1)NC1=CC(=O)N(C2=CC=CC=C2)C=C1
356,PV-005909809950,O=C(NCC(F)(F)C1=CC=CC2=CC=CN=C12)C1=NNC(C2=CC=CC=C2O)=C1
357,PV-007210900403,O=C(NC1=CC=C(C2=NOC(C(F)(F)F)=C2)C=C1)C1=CC=C2C(=O)NC=CC2=N1
358,PV-004843037672,COC1=CC=C(C2=CC=CC=N2)C=C1NC(=O)C1=CN=CN1C1=CC=C(O)C=C1
359,PV-009608967550,O=C(NC1=CC(C2=NNN=N2)=CC(C2=CC=NC=C2)=C1)C1=C(F)C=CC(F)=C1O
360,Z7697222459,O=C(NCC1=NOC(C2=CC=C(F)C=C2)=C1)C1=CN(C2=C(F)C=CC=C2F)N=N1
361,Z7658062467,O=C(NCC1=CC=C2C=COC2=C1)C1=CC(=O)C(OCC2=CC=C(F)C=C2)=CO1
362,PV-003294418105,O=C(CC1=NNC(=O)C=C1)C1=CC=C(C2=CN=C3C(F)=CC=CC3=C2)C=C1
363,Z3484588240,O=C1N=C(C2=CC=C(C3=CC(F)=CC=C3OCC3=CC=NC=C3)C=N2)C=CN1
364,Z1575997292,O=C(CC1=CC=CC(OCC2=CC=CN=C2)=C1)NCC1=C(C2=CC=CC=C2)OC=N1
365,Z1906927337,O=C(NCC1=CC=CC=C1OC1=CC=CC=N1)C(O)C1=CC=CC(OC(F)(F)F)=C1
366,PV-008420897385,O=C(CC1=COC(C2=CC=C(F)C=C2)=N1)NC1=NC=NN1C1=CC=C(F)C=C1F
367,Z7608870546,COC1=CC=CC(C2=CC=CC=C2NC(=O)C2=CC=C3C(=O)N(C)C(C)=CC3=N2)=C1
368,PV-007687325277,O=C(NC1=CN=C(C2=NC=CC=N2)N=C1)NC(C1=CC=NC=C1)C1=CC=C(F)C=C1
369,PV-009104740691,COC(=O)C1=NN(C2=CC=C(NC(=O)C3=C(F)C4=CC=CC=C4C=C3)C=C2)C=N1
370,PV-008222786165,O=C(O)C1=CC=CC(C2=CC=CC=C2CNC(=O)C2=CC(N3C=CC=N3)=CC=N2)=C1
371,PV-004823122487,N#CC(C1=CC=CC=C1)C1=CC=C(NC(=O)CC2=CC=C(C3=NN=NN3)C=C2)C=C1
372,PV-005265030415,CN1C(C(=O)NC2=CC=C(F)C(C3=CN(C4=CC=CC=C4)N=N3)=C2)=CC=CC1=O
373,PV-006960543004,NC(=O)C1=CC=CC(OC2=CC=C(NC(=O)CC3=CC=CC4=C3OC=C4)N=C2)=C1
374,PV-007170570561,O=C(NCCC1=CC=C2OC=CC2=C1)C1=CC=CN(CC2=CC(F)=CC=C2)C1=O
375,PV-006336672026,COC1=CC=CC=C1C1=CN=C(COC(=O)C2=CC3=CC=C(F)C=C3NC2=O)O1
376,Z1831839833,COC(=O)CN1C=NC2=CC=C(NC(=O)NC(C)CC3=CC=C4C=CC=CC4=C3)C=C2C1=O
377,PV-005808858776,O=C(NC1=CC=CC(OCC2=CC=CC=N2)=C1)C1=CN=CN1C1=CC=C(O)C=C1
378,PV-009354751891,CN1C=C(NC(=O)C2=CC(=O)N(C3=CC=CC=C3)N2)C(C2=CC=C(F)C=C2F)=N1
379,PV-007673270148,O=C(NC1=CC=C(N2C=CC(=O)N2)C=C1)C1=CC=NC=C1NCC1=CC=CC=C1
380,PV-007643762527,N#CC1=CC(OC2=CC=CC=C2NC(=O)CC2=CC=C(C3=NN=NN3)C=C2)=CC=C1
381,PV-009427505576,N#CC1=CC=C(N2C=NC(NC(=O)NCC3=CC=CC(C4=CC=CC=N4)=C3)=N2)C=C1
382,PV-004161121026,CC1=CC=C(C2=CC=CC(NC(=O)C3=CC(C4=CC=NC=C4)=NN=C3O)=N2)C=C1
383,Z1891369213,CN1C=CN=C1COC1=CC=C(C2=NC(CC(=O)NCC3=CC=C(F)C(F)=C3)=NO2)C=C1
384,PV-005885827755,O=C(NC1=CN(CC2=CC=CC=N2)N=C1)C1=CC=NC=C1OC1=CC=C(F)C=C1
385,Z1023069318,O=C(NCC1=CC=C(F)C=C1)C1=NC=CN=C1C(=O)N1CCC2=CC=C(OC(F)F)C=C2C1
386,Z7593852062,CN1C(C(=O)NC2=CC=C(C3=NN=CO3)C=C2)=CC=C1C(=O)C1=CC=CC=C1F
387,PV-009755562666,N#CC1=C(F)C(F)=CC(C(=O)NC2=CC=C(N3C=CC=CC3=O)C=C2F)=C1
388,Z3484598973,CN(CC1=CC=CC(C2=CC=C(C3=NC(=O)NC=C3)N=C2)=C1)C1=CC=CC=C1
389,PV-008595426544,CN(CC1=CN(C2=CC=CC=C2C2=CC=CC=C2)N=N1)C(=O)CC1=NC=CC=C1F
390,Z1724802624,O=C(NCC1=CC=CC(C2=CC=CN=C2)=C1)C1=NN(CC2=CC=CC=C2)C=C1
391,Z1728605218,O=C(NCC1=NOC(COC2=CC=CC=C2F)=C1)C1=CN(C2=CC(F)=CC=C2)C(=O)C=C1
392,Z647269330,N#CC1=CC(CC2=CN=C(NC(=O)C3=CC=C(NC(=O)C4=CNC(=O)C=C4)C=C3)S2)=CC=C1
393,Z806833474,CC1=C(C(=O)N(CC(N)=O)CC2=CC=C(C3=CC=CC=C3)C=C2)C=NN1C1=CC=C(F)C=C1
394,PV-008346773187,O=C(NC1=CC=C(OC2=CC=CC=N2)C=C1)C1=NN(C2=CC=CC=C2F)C=CC1=O
395,PV-010073044037,N#CC1=C(NC(=O)C2=CC(C3=CC=CC=C3F)=NO2)C=CN(C2=CC=CC=C2)C1=O
396,PV-009322202532,O=C(NC1=NC(O)=CC=C1C1=CC=CC=C1)C1=NN(C2=CC=C(F)C=C2)C=CC1=O
397,PV-007431212815,NC(=O)C(NC(=O)C1=NC(C2=CC=C(F)C=C2)=CC=C1)C1=CC=C2C=CC=CC2=C1
398,PV-009068879861,O=C(NC1=NN(C2=CC=C(F)C(F)=C2)C=N1)C1=NC(C2=CC=C(F)C=C2)=NC=C1
399,PV-008303402591,CN1C(CNC(=O)C2=CC(C3=CC=CC=N3)=CC(F)=C2)=CC(=O)N1C1=CC=CC=C1
400,PV-009432754195,CC1=NN(C2=CC=C(F)C=C2)C=C1C(=O)NC1=CC(=O)N(C2=CC=CC=C2)C=C1
401,PV-004551221005,O=C(NC1=CC(CC2=CC=CC=C2)=CC=N1)C1=NN(C2=CC=CC(F)=C2)C=C1O
402,Z1850770518,FC1=CC=C(N2C=CC(CNC(C3=CC=CC(C(F)(F)F)=C3)C3=NN=CN3)=N2)C(F)=C1
403,Z1929573649,O=C(NC1=C(C(F)F)N(C2=CC=NC=C2)N=C1)C1=NN(C2=CC=C(F)C=C2F)C=C1
404,PV-009111805588,N#CC1=C(NC(=O)C2=CC=C(C3=CC=CC=N3)O2)C=CN(C2=CC=CC=C2)C1=O
405,PV-008722872832,O=C(N[C@H](C1=CC=CC=C1)[C@@H](O)C1=CC=CC=C1)C1=NN(C2=CC=C(O)C=C2)C=C1
406,Z1585031917,CN1C=CC(C(NC(=O)C2=NN(C3=CC=CC=C3F)C(=O)C=C2)C2=CC=C(F)C=C2)=N1
407,PV-008304446239,O=C(NCCC1=C(F)C=NC=C1F)C1=CC=CC=C1C(=O)C1=CC=C(F)C(F)=C1
408,Z2221050506,COC1=CC=C(C(NC(=O)C2=CC=NC(C3=NNC=C3)=C2)C2=CC=C(OC)C=C2OC)C=C1
409,PV-006258464242,N#CC1=CC(COC2=CC(NC(=O)C3=NN(C4=CC=CN=C4)C=C3)=CC=C2)=CC=C1
410,PV-009151446981,O=C(NC1=NOC=C1C1=CC=CC=C1F)C1=NN(C2=CC=CC=C2F)C=CC1=O
411,PV-006184701912,COC1=CC=C(C2=CC=CN=C2)C=C1NC(=O)C1=CC2=C(NC(=O)C=C2)C(F)=C1
412,Z1334416095,O=C(NCC1=CC(OC2=CC=C(F)C(F)=C2)=CC=N1)C1=CN=C(C2=CN=CC=N2)S1
413,Z7794860624,O=C(NC1=CN(C2=CC=CC=C2F)N=C1)C1=NOC=C1C1=CC=C(F)C=C1F
414,PV-009872755455,O=C(NC1=CC(=O)N(C2=CC=CC=C2)N=C1)C1=CC2=CC=CC=C2N=C1C(F)F
415,PV-002392537418,O=C(NCC1=CC=CC=N1)C1=CC(NC(=O)C2=NOC=C2C2=CC=CC=C2)=CC=C1
416,PV-006995145897,O=C(NC1=CC(C2=CC=C(F)C=C2F)=CC=C1)C1=CN=C2N=CNC(=O)C2=C1
417,PV-009693519080,N#CC1=CC(C2=CC=CC(NC(=O)C3=CC=C4C=NNC(=O)C4=C3)=N2)=CC(F)=C1
418,Z7689842093,O=C(NC1=CC(C2=CC=NC=C2)=CNC1=O)C1=NC2=CC(F)=CC(F)=C2C=C1
419,PV-007865588304,O=C(OCC1=NC(CC2=CC(F)=CC=C2)=NO1)C1=CC=C2C=C(F)C(F)=CC2=N1
420,PV-009458065139,COC(=O)C1=CC=C(F)C(NC(=O)C2=CN(C3=CC=C(F)C=C3)C(=O)C=C2)=C1F
421,PV-006034264514,O=C(NC1=C(F)C=CC=C1OCC1=CC=CC=C1)C1=CNC(=O)C2=CC=CN=C12
422,PV-006964096499,CC1=CC=C(C(CO)NC(=O)C2=CC(F)=C(F)C=C2C(=O)C2=CC=CC=C2)C=C1
423,PV-004749336073,O=C(OCC1=CC(OCC2=CC=C(F)C=C2F)=CC=C1)C1=CC=CN2N=NC=C12
424,Z4984256705,O=C(NCCC1=NC(C(F)F)=NO1)C1=C(C2=CC=CC=C2)C(C2=CC=CC=C2)=NNC1=O
425,PV-008550150630,O=C(NC1=NN(C2=CC=NC=C2)C=C1)C1=CC=CN=C1NC1=C(F)C(F)=CC=C1
426,PV-004606621347,O=C(NC1=CC(F)=C(N2C=CN=C2)C(F)=C1)C1=CC2=C(NC(=O)C=C2)C(F)=C1
427,PV-007939262255,O=C(NCC(=O)C1=CC=C(F)C2=CC=CC=C12)C1=CC(C2=CC=CC=N2)=CN1
428,PV-008059999654,N#CC1=CC=C(CC(=O)NC2=NC(C3=CC=CC=N3)=NN2C2=CC=CC=C2)C(F)=C1
429,Z7580280178,O=C(NCC1=C(F)C2=CC=CC=C2C=C1)C1=CC=C(C2=NNC(=O)C=C2)C=C1
430,PV-008659864817,CN1C=C(OC2=CC=C(NC(=O)C3=C(O)C4=CC=C(F)C(F)=C4N=C3)C=C2)C=N1
431,PV-006839046113,O=C(NC1=CC=CN=C1)C1=CC=C(NC(=O)C2=CC=CC=C2C2=CC=NN2)C=C1
432,PV-008225481899,COC1=CC=C(OC)C(C2=CN=CC(NC(=O)C3=CC=C4C(=O)C=CNC4=C3)=C2)=C1
433,Z7663592232,CC1=NC2=CC=C(C(=O)NC3=CC=C(OC4=CC=CC=C4)C(C#N)=C3)N=C2C(=O)N1
434,PV-005985118194,O=C(NCC1=CNC2=CC=C(F)C=C12)C1=CC(=O)C(OCC2=CC=CC=C2)=CO1
435,PV-008817631568,CC1=NC2=CC=CC=C2C(=O)N1C1=CC=C(C2=CN=C(N)C(OC(F)F)=C2)C=C1
436,PV-006781589323,COC(=O)[C@@H](OC(=O)C1=CC=C2NC=CC(=O)C2=C1)C1=CC=C2C=CC=CC2=C1
437,PV-006328352791,N#CC1=CC=C(C2=CC=CC(COC(=O)C3=CC=CN4C(=O)NN=C34)=C2)C=C1F
438,PV-008140877266,O=C(NC1=CC=CC(C2=CNN=N2)=C1)C1=CC2=CC(C(F)(F)F)=CC=C2C(=O)O1
439,PV-004421282081,O=C(N=C1C=CC=CN1CC1=CC=CC=C1)C1=CC2=C(NC(=O)C=C2)C(F)=C1
440,Z7624339907,CN1C=C(C#N)C=C(NC(=O)C2=CC=C(N3C=NC4=CC=CC=C4C3=O)C=C2)C1=O
441,PV-005177215783,OC1=NC(O)=C2C=C(C3=CC=C(F)C(C(O)C4=CC=CC=C4)=C3)C=CC2=N1
442,PV-008095909524,O=C(NC1=NC2=CC=C(C(F)(F)F)C=C2C=C1)C1=NN(C2=NC=CC=C2F)C=N1
443,PV-007723634107,O=C(CNC(=O)C1=CC=CC2=C1C=CN2)NCC1=NC=CC=C1C1=CC=C(F)C=C1
444,PV-007459647490,O=C(NCC1=NOC(C2=CC=CC=N2)=C1)C1=CC(C2=CC=CC=C2F)=CN=C1O
445,PV-006308180659,O=C(NC1=CC=CC(C2=NNC(=O)N2)=C1)C1=CC=NC=C1OC1=CC=C(F)C=C1
446,PV-004468213166,O=C(NC1=CC=CC(NC(=O)C2=CC3=CN=CC=C3C=C2F)=C1)C1=CC(F)=NN1
447,PV-007812235064,CN(C(=O)C1=CC=CC(C(=O)NC2=NN(C3=CC=CN=C3)N=C2)=C1)C1=CC=CC=C1
448,PV-007485228184,O=C(CN(C(=O)C1=CC=NN1C1=CC=NC=C1)C1=CC=CC=C1)NC1=CC=CC=C1
449,PV-007611700262,NC1=NC(C(=O)NC(C(=O)CC2=CC=CC=C2)C2=CC=CC=C2)=C2C=CC=CC2=N1
450,PV-006639818444,C[C@@H](NC(=O)C1=CC=C2NC(=O)NC(=O)C2=C1)C1=CC=C(C2=CC=CC=C2)C=C1
451,PV-005200441710,O=C(NCC1=NOC(C2=CC=CC=N2)=C1)C1=CC=C(OC2=CC=CC=C2F)N=C1
452,PV-009304652171,CC1=CN=C(C(=O)NC2=CC=C(F)C(C(=O)C3=CC=CC=C3)=C2)C=C1C1=NNN=N1
453,PV-002151768591,COC(=O)C1=NC=CC2=CC(NC(=O)C3=CN(C4=CC=CC=C4F)N=C3)=CC=C12
454,Z7593892390,CN1C(C(=O)NC2=CC=C3OC(CO)=CC3=C2)=CC=C1C(=O)C1=CC=CC=C1F
455,Z2223416078,CC1=NN(C2=CC=C(OC(F)(F)F)C=C2)C(NC(=O)C2=CC=NC(C3=NNC=C3)=C2)=C1
456,PV-006763301310,O=C(NCC1=CC=C(C2=CC(F)=CC=C2)O1)C1=CC(=O)C2=C(C=CC=C2O)O1
457,PV-008522113477,CN1C=CC(C2=C(C(=O)NC3=CC=C(OC4=CC=CC=C4C#N)C(F)=C3)C=NN2)=N1
458,PV-004672623245,NC(=O)C1=CC=CC(C(=O)NC2=CN3C=C(C4=CC=CC=C4)N=C3C=C2)=C1F
459,Z2018400125,O=C(OCC1=COC(C2=CC=C(C(F)(F)F)C=C2)=N1)C1=CN=CC(N2C=CN=N2)=C1
460,PV-008481491302,CC1=NC2=CC(C(=O)N(C)C3=CC=CC(C(O)C4=CC=CC=C4)=C3)=CC=C2C(=O)N1
461,PV-004507154577,CN1C(C2=CC=C(C(=O)NC3=CC=C(F)C(C4=CC=NC=C4)=C3)C=C2)=NNC1=O
462,Z1489425170,O=C(NCC1=CC=CC(C2=CC=CC=N2)=C1)NCC1=CC=NN1CCC1=CC=CC=C1
463,PV-006900142040,COC(=O)C1=CC=C2N=CC=CC2=C1C1=CC=C(CN2C=CC=CC2=O)C=C1
464,PV-004888391802,O=C(COC(=O)C1=CC2=C(NC(=O)C=C2)C(F)=C1)NC1=CN=C2C=CC=CC2=C1
465,Z2214260522,NC(=O)C(NC(=O)NCC1=CC=C(C2=CC=CC=C2)C=C1F)C1=CC=C(F)C=C1
466,PV-004346239290,O=C(NC1=CC=C(F)C=C1)C1=CC=CC(NCC2=NN(C3=CC=CC=C3)C=N2)=N1
467,Z1585036641,CN1C=CC(C(NC(=O)C2=C3C=CC(OC(F)(F)F)=CC3=NN2)C2=CC=C(F)C=C2)=N1
468,PV-004510425927,O=C(NC1=CC=C2C(=O)NC=NC2=C1)C1=CN(C2=CC=C(F)C=C2)C(=O)C=C1
469,PV-009028332725,CN1C=CC2=CC(NC(=O)NC3=CC(C4=CC=C(O)N=C4)=CC=C3)=CC=C2C1=O
470,PV-006989798392,O=C(CC1=NNC(=O)C2=CC=CC=C12)NC1=NC(C2=CC(F)=CC(F)=C2)=CC=N1
471,PV-006069139400,O=C(NC1=CC=CC(COCC2=CC=CC=C2)=C1)C1=CC=CC2=C1C=NNC2=O
472,PV-004664590651,COC1=CC(N2C=CC(NC(=O)C3=CC(F)=CC=C3N3C=CN=C3)=N2)=CC=C1F
473,PV-007718979325,CC1=C(C(=O)NC2=CC=CN(C3=CC=CC=C3)C2=O)N=C(C2=CC=CC=C2)N1
474,PV-002243451549,CC1=NNC2=C(C(=O)NCC3=CC=C(NC(=O)C4=CC=CC=C4O)C=C3)C=CC=C12
475,PV-006724671464,O=C(NCC1=CC(O)=CN=C1)C1=CC=CC=C1C1=NN=C(C2=CC=C(F)C=C2)O1
476,PV-007475261849,NC(=O)C(NC(=O)C1=C(O)C=CC2=CC=CC=C12)C1=CC=C2C=CC=CC2=C1
477,PV-002124533253,CN1C=C(C(=O)C2=CC=CC3=CC=CC=C23)C=C1C(=O)NCC1=CC(O)=CN=C1
478,PV-004583743280,N#CC1=CN(C2=CC=C(NC(=O)C3=C(C(=O)C4=CC=CC=C4)N=CN3)C=C2)N=C1
479,Z7607822447,CNC(=O)C1=CC=C(C(=O)NC2=CC=C(C(C#N)C3=CC=CC=C3)C=C2)C=C1F
480,PV-004788811749,N#CC1=CC=NC=C1C(=O)OCC1=NC2=C(C(F)=CC=C2)N1C1=CC=CC=C1
481,PV-006666103458,CC1=CC(C(=O)OCC2=NC=C(C3=CC=CC(C4=CC=CC=C4)=C3)O2)=NNC1=O
482,PV-002391824887,O=C(NC1=CC=NC(COC2=CC=CC=C2)=N1)C1=CC=CN=C1C1=CC=NC=C1
483,Z2213403511,CC1=NC(CNC(=O)N(C)CC(=O)NC(C2=CC=CC=C2)C2=CC=CC=C2)=C2C=CC=CN12
484,Z1065710442,N#CC1=C(N)N(C2=CC=C(C(=O)N(CC(N)=O)CC3=CC=C(C4=CC=CC=C4)C=C3)C=C2)N=C1
485,Z1585036282,CN1C=CC(C(NC(=O)CC2=CC=C(OC3=CC=NC(C#N)=C3)C=C2)C2=CC=C(F)C=C2)=N1
486,Z1585060741,CN1C=CC(C(NC(=O)C2=CC=C(NC(=O)C3=CNC(=O)C=C3)C=C2)C2=CC=C(F)C=C2)=N1
487,PV-008732931267,O=C(CN1C=NC(C2=CC=CC=C2)=CC1=O)NC1=C(F)C(C2=CC=NC=C2)=CC=C1
488,Z1927310852,O=C(NCC1=CC(OC2=CC=C(F)C(F)=C2)=CC=N1)C1=CN=NN1C1=CC(F)=CC=C1
489,PV-009945877917,O=C(NC1=CC=CC(CC2=CC=CC=C2)=N1)C1=NN(C2=CC=CC=C2F)C=CC1=O
490,PV-007276260198,N#CC1=CC(OC2=CC=C(NC(=O)C3=CC4=C(NC(=O)C=C4)C(F)=C3)C=C2)=CC=N1
491,PV-009470604806,O=C(CN1C=NC(C2=CC=CC=C2)=CC1=O)NC1=CC(=O)N(C2=CC=CC=C2)C=C1
492,PV-008655727161,N#CC1=CC(C2=CC=NC=C2)=CC(NC(=O)C2=NN(C3=CC=C(F)C=C3)C(N)=C2)=C1
493,PV-006757493935,O=C(NC1=CC=C(OC2=CC=CN=C2)C=C1)C1=CN(C2=C(F)C=CC=C2F)N=N1
494,Z7600122491,O=C(NC1=C(F)C=C(F)C=C1C1=CC=CC=C1)C1=CC=C2C=CC(=O)NC2=N1
495,Z851240064,O=C(CN1C(=O)C=NC2=CC=CC=C21)OCC1=COC(C2=CC(C(F)(F)F)=CC=C2)=N1
496,Z7626052094,O=C(NC1=CC=CN=C1)C1=CC=C(CNC(=O)C2=CC(C3=CC=CC=N3)=CN2)C=C1
497,Z7629125207,O=C(NCC1=NC=CC=C1C1=CC=C(F)C=C1)C1=CC(=O)C2=CC=C(O)C=C2O1
498,Z7746847469,O=C(NCC1=CC=NC(C2=CC=CC=N2)=N1)C1=C(C2=CC=C(F)C(F)=C2)C=CO1
499,Z1314226103,CC1=NC=C(C(=O)NC2=CC=CC(NC(=O)NCC3=CC=NC=C3)=C2)N1C1=CC=CC=C1
500,PV-006783939585,CC1=CC(C(=O)NC2=CC=C(N3C=CC(=O)C=C3)N=C2)=CC=C1C1=CC=NC=C1
501,Z1161771178,CC(NC(=O)CCC(=O)NCC1=CC(OC2=CC=CC(F)=C2)=CC=N1)C(=O)C1=CC=CC=C1
502,Z4984262651,COCC1=NC=C(NC(=O)C2=C(C3=CC=CC=C3)C(C3=CC=CC=C3)=NNC2=O)C(C)=N1
503,PV-009366965633,O=C(C1=NC(C2=CC=C(F)C=C2)=NC=C1)N(CC1=CC=CC=C1)C1=NC=NC(O)=C1
504,PV-005474100299,O=C(NC1=CC=CC=C1C(O)C1=CC=CC=N1)C1=CC2=C(NC(=O)C=C2)C(F)=C1
505,Z1204255251,O=C(NC(C1=CC=CC=C1)C1=COC=C1)C1=NN(C2=CC(F)=CC=C2)C=CC1=O
506,PV-007158229887,N#CC1=CC(OC2=CC=CC=C2NC(=O)C2=CC=C3C=NNC(=O)C3=C2)=CC=C1
507,PV-007552455989,O=C(NCC1=CC=CC=N1)C1=CC=C(CNC(=O)C2=CNC3=C2C=CC=C3F)C=C1
508,PV-005477031800,O=C(NCC1=COC2=CC=C(F)C=C12)C1=CN(C2=CC=CC=C2F)C(=O)C=C1
509,PV-008811460825,CC1=CC=C(NC(=O)C2=CN(C3=CN(C)N=C3)C(=O)C=C2)C(C2=CC=CC=C2F)=C1
510,Z7692863834,O=C(NC1=CC=C2OC=CC(=O)C2=C1)C1=CC(C2=C(F)C=C(F)C=C2F)=NO1
511,Z7610342728,CC1=CC=C(C(=O)NC2=CC=CC=C2)C=C1NC(=O)C1=CN=C(O)C2=CC=NC=C12
512,PV-007526358081,CN1C=C(CC(=O)NCC2=NC=CC=C2C2=CC=C(F)C=C2)C2=CC=CC=C2C1=O
513,PV-008253880696,O=C(NC1=CC=CN(C2=CC=CC=C2)C1=O)C1=CC2=CC=CN=C2C(F)=C1
514,PV-006909824060,O=C(C1=CN(C2=CC(F)=CC=C2)C(=O)C=C1)N(CC1=CN=CN1)C1=CC=CC=C1
515,PV-005940778824,NC(=O)C1=CC=CC(COC2=CC=C(C3=CC=C4OC(=O)NC(=O)C4=C3)C=C2)=C1
516,PV-004664511704,N#CC1=C(C(=O)NC2=CC=C(N3C=CC(=O)C=C3)N=C2)NN=C1C1=CC=CC=C1
517,PV-008751229410,CN1C(C(=O)NC2=NC3=C(C=C(F)C(F)=C3)N2)=CC=C1C(=O)C1=CC=CC=C1F
518,PV-007283725610,O=C(NC1=CC=CN(C2=CC=CC=C2)C1=O)C1=C(C(F)(F)F)N=C2C=CC=CN12
519,PV-008050550836,O=C(NC1=CC(C2=CC=CC=C2)=CC(C(F)(F)F)=C1)C1=C2NC(=O)C=CN2N=C1
520,PV-009934402056,CN1C=CC(=O)C2=CC(NC(=O)NC(C3=CC=NC=C3)C3=CC=C(F)C=C3)=CC=C21
521,Z7593899199,CN1C(C(=O)NC2=CC=C3C=CNC(=O)C3=C2)=CC=C1C(=O)C1=CC=CC=C1F
522,Z1331843708,O=C(NCCC1=CC=C(N2C=CC=N2)C=C1)C1=NN(C2=CC=C(F)C=C2F)C=C1O
523,PV-007243203142,O=C(NC1=CC=CN(C2=CC=CC=C2)C1=O)C1=C(F)C2=CC=CN=C2C=C1
524,Z5017224812,O=C(CC1=CC=CC=C1OCC1=CC=NC=C1)NC(CC1=CN=C2C=CC=CC2=C1)C(=O)O
525,Z7740394034,CN1C(C(=O)NC2=CC(C#N)=CC(C3=CC=NC=C3)=C2)=CC2=CC=CC=C2C1=O
526,PV-007901872596,O=C(NC(C(=O)O)C1=CC=CC(C2=CC=NC=C2)=C1)C1=CC=C(C2=CC=CC=N2)O1
527,PV-004597061807,NC(=O)C1=CC=C(CN2N=C(C3=CC=CC4=CC=CC=C34)C=CC2=O)C(F)=C1
528,PV-008460222886,COC1=CC=CC(OCC2=CC=CC=C2)=C1C(=O)NC1=CN=C2C=CC=CN2C1=O
529,PV-007474851570,COC1=CC=C2C(C(=O)NC3=CC=C(NC(=O)C4=CC(O)=CC=C4)N=C3)=CNC2=C1
530,PV-009439475048,O=C(NC1=CN=C(C2=NC=CC=N2)N=C1)NC1=CC(C(O)C2=CC=CC=C2)=CC=C1
531,Z7587923121,O=C(NC1=CN(C2=CC=CC=C2)C(=O)C=C1)C1=C2C=CC=C(F)C2=CN=C1
532,PV-007789973578,O=C(O)C1=CC=CC(C2=CC=CC(CNC(=O)C3=NN(C4=CC=CC=C4)C=N3)=C2)=C1
533,PV-007855112698,O=C(NC(C(=O)O)C1=CC=CC(C2=CC=NC=C2)=C1)C1=CC=C(C2=CC=CO2)N=C1
534,PV-006496177220,NCC1=CC=CC2=CC=C(C(=O)NC3=CN(CC4=CC=CC=C4)C(=O)C=C3)C=C12
535,Z1314411128,CN(C(=O)C1=NN=C2C=CC=CC2=C1N)C(C1=CC=CN=C1)C1=CC=C(F)C(F)=C1
536,Z7668169252,O=C(NCC1=NN(CC2=CC=CC=C2)C=C1)C1=CC=CC(CC2=CC=CC=N2)=C1
537,PV-009896823861,O=C(NC1=CC=CN(C2=CC=CC=C2)C1=O)C(C1=CC=CC=C1)N1C=CC=C1
538,PV-005677315260,CC(NC(=O)C1=CC2=C(NC(=O)C=C2)C(F)=C1)C1=NC=C(C2=CC=C(F)C=C2)O1
539,Z2223225854,COC1=CC=CC(CC(NC(=O)C2=C(N)N(C3=CC=CC=N3)N=C2)C2=CC=CC=C2)=C1
540,Z1315403296,NS(=O)(=O)C1=CC=C(SC2=CC=CC=C2C(=O)NCC2=CC=C3C=COC3=C2)C=C1
541,PV-005389791961,O=C(NC(C1=CC=CN=C1)C1=CC=CC=N1)C1=CC=C2C=C(F)C(F)=CC2=N1
542,PV-007500462776,O=C(NC(CN1C=CC=CC1=O)C1=CC=CC=C1)C1=CN(C2=CC(O)=CC=C2)N=C1
543,PV-004232839922,COC1=CC=C(NC(=O)C2=C(F)C(C(N)=O)=CC=C2)C=C1C(=O)C1=CC=CC=C1
544,PV-007521481796,O=C(NC1=CC=CC(N2C=NNC2=O)=C1)C1=NOC(C2=C(F)C=C(F)C=C2F)=C1
545,PV-006893161166,CC1=CC(F)=CC(CO)=C1C1=CC(=O)N2C=CC=C(OCC3=CC=CC=C3)C2=N1
546,PV-009250738150,O=C(NC1=CC2=CC=CC=C2C(=O)N1)C1=CC=NC(N2C=CC(C(F)(F)F)=N2)=C1
547,PV-009573233131,O=C(NC1=CC=C(N2C=CC=CC2=O)C=C1)NC1=CN(CC2=CC=CC=C2)C=N1
548,PV-009354516820,O=C(NCC1=NOC(C2=CC=CC=C2)=N1)C1=CC=NC=C1OC1=CC=C(F)C=C1
549,PV-009358649762,CC1=CC=C(N2C=CC(CNC(=O)C3=CC=C(NC(=O)C4=CC=CO4)C=C3)=N2)C=C1
550,PV-008691571730,O=C1CC(C2=CC=C(C(=O)NC3=CC=C(F)C(C(=O)C4=CC=CC=C4)=C3)C=C2)CN1
551,PV-004478537997,N#CC1=CC=C(CC(=O)NC2=CC(NC(=O)C3=CC=NC4=C3NC=C4)=CC=C2)C=C1
552,PV-005521190207,CC1=CN(C2=CC=CC=C2)N=C1NC(=O)C1=NN(C2=CC=CC=C2F)C=CC1=O
553,PV-008760378894,COC1=CC(C(=O)NC2=CC=C(C)C(C(=O)C3=CC=CC=C3)=C2)=CC2=C1NC(=O)N2
554,PV-007043706504,O=C(NCC1=CN=C2C(F)=CC=CC2=C1)C1=CC=NC(COC2=CC=CC=C2)=N1
555,PV-007934071091,CN1C=C2N=CC(C(=O)NC3=CC=C(OCC4=CC=CC(C#N)=C4)C(F)=C3)=CC2=N1
556,PV-008179017293,COC1=CC=CC(OCC2=CC=CC=C2)=C1C(=O)NC1=CC=CC2=C1NC=NC2=O
557,PV-010080580617,O=C(NCCN1C=NC2=CC=CN=C21)C1=CC(F)=C(OC2=CC=CC=C2)C(F)=C1
558,PV-007581256900,CC(OC(=O)C1=CC(C2=CC=CC=N2)=CC(F)=C1)C(=O)NCC1=CC=CC=C1F
559,PV-007743381267,O=C(NC1=CC(C2=CC=CC=C2)=CC=C1C(=O)O)C1=CC=C2C=CN=C(O)C2=N1
560,PV-007268107868,O=C(NCC1=CC=C(C(=O)NC2=CC=CN=C2)C=C1)C1=CN=CC(C2=NNC=C2)=C1
561,PV-005234993124,O=C(NC1=CC=C(OC2=CC(F)=CC=C2)N=C1)C1=CC=CC=C1CC1=NC=NN1
562,PV-009507662013,O=C(NC1=NN(C2=CC=C(F)C(F)=C2)C=N1)NC1=CC(C2=CC(F)=CC=C2)=NN1
563,Z7610421737,O=C(NC1=CC=C(OC2=CC=CC=C2F)N=C1)C1=CN=C(O)C2=CC=NC=C12
564,PV-007559088330,O=C(NC1=CC=C(N2C=CC(C(F)(F)F)=N2)C=C1)C1=CN=C(O)C2=CC=NC=C12
565,Z1585036443,COC1=CC(C(=O)NC(C2=CC=C(F)C=C2)C2=NN(C)C=C2)=CC=C1OCC1=CN(C)N=C1
566,PV-006929118662,CC1=CN=NN1C1=CC=CC(NC(=O)C2=CN(C3=CC=CC=C3F)C(=O)C=C2)=C1
567,PV-006982308688,O=C(CC1=CC2=CC=CC=C2C(=O)O1)NCC1=CC=CC=C1OC1=CC=CC=N1
568,Z1348742071,CNC(=O)C1=CC(OC2=CC(C)=CC=C2NC(=O)C2=NN=C3C=CC=CC3=C2N)=CC=N1
569,PV-007775411163,N#CC1=CC=C2N=C(CNC(=O)C3=CC=CN=C3OCC3=CC=CC=C3F)NC2=C1
570,PV-002086960004,COC(=O)C1=NC=CC2=CC(NC(=O)C3=NN(C4=CC(F)=CC=C4)C=C3)=CC=C12
571,PV-009010574242,O=C(CC1=CC=CN=C1)NC1=CC=CC(NC(=O)C2=CC=C3C=CC(=O)NC3=N2)=C1
572,Z7600020779,O=C(CC1=CC=CC=C1OC1=CC=NC=C1)NC1=CC=C(C2=CNC(=O)N2)C=C1
573,PV-007211573495,O=C(NC1=CC=C2C=CN(CC3=CC=CC=C3F)C2=C1)C1=C(F)C(=O)NC(=O)N1
574,PV-008005047001,CC1=CC(NC(CN2C=CC=CC2=O)C2=CC=CC=C2)=NC(=O)N1C1=CC=CC=C1
575,PV-008543662428,O=C(NC1=CC(N2N=CC=C2C(F)(F)F)=CC=C1)C1=NN=C(C2=CC=CC=C2)N1
576,PV-009812374641,O=C(NC1=CC=C(C2=CC(=O)NN2)C=C1)NC1=NOC=C1C1=CC=C(F)C=C1F
577,Z1514675813,CC(OC(=O)COC1=CC=CC(OC2=CC=CC=N2)=C1)C(=O)C1=CC=C2C(=C1)CC(=O)N2C
578,PV-008024182388,O=C(NC1=C(F)C(C2=CC=NC=C2)=CC=C1)C1=NN2C=CC(C(F)(F)F)=NC2=N1
579,PV-009761495483,O=C(CC1=CN=CO1)NC1=CC(NC(=O)C2=CN=CC(C3=CC=CC=N3)=C2)=CC=C1
580,Z7675622692,CN1C=C(C2=CC=CC(NC(=O)C3=CC(C4=C(F)C=C(F)C=C4F)=NO3)=C2)N=N1
581,PV-006377707802,CN1N=C(CC2=CC=CC=C2)C=C1NC(=O)C1=CC=C(C(=O)C2=CNC=C2)C=C1
582,PV-007756418059,CCOC1=CC=C(C(NC(=O)C2=CNC(=O)C3=CC=CN=C23)C2=CC=CC=C2)C=C1
583,PV-008344536911,O=C(C1=CC=NC=C1OC1=CC=C(F)C=C1)N1CC(O)(C2=CC=C(F)C(F)=C2)C1
584,Z1222679287,CC1=CC=C(F)C(N2CCCC(NC(=O)COC3=CC=CC(OC4=CC=CC=N4)=C3)C2=O)=C1
585,PV-008858180139,CC1=C(C(=O)NC2=CC=C(F)C(C3=CN(C4=CC(F)=CC=C4F)N=N3)=C2)ON=C1
586,PV-006952764775,O=C(NC1=CC=CC=C1C1=CC=C2C=CC=CC2=C1)C1=CN(C(F)(F)CO)N=N1
587,Z1987105697,N#CC1=CC(N2C=CC(C(=O)NCC3=CC(OC4=CC=C(F)C(F)=C4)=CC=N3)=N2)=CC=C1
588,Z4984250414,COC1=CC(CCN(C)C(=O)C2=C(C3=CC=CC=C3)C(C3=CC=CC=C3)=NNC2=O)=CC=C1O
589,Z4984217683,O=C(NC1=CNN=C1OCC(F)(F)F)C1=C(C2=CC=CC=C2)C(C2=CC=CC=C2)=NNC1=O
590,Z1603659395,O=C(NC(C(=O)O)C1=CC=C(F)C=C1F)C1=CC=C(N2C=NC3=CC=CC=C3C2=O)C=C1
591,Z1552673449,CC(NC(=O)C1=NN(C2=CC=CC=C2F)C(=O)C=C1)C1=CC=C(C2=CC=CN=C2)C=C1
592,Z1766524533,COC(=O)C(NC(=O)C1=CC=C(C(=O)C2=CC=CC(OC)=C2)C=C1)C1=CC=C(F)C=C1F
593,PV-007907619988,NCC1=CC=C(C2=CC=CC=C2C(=O)NC2=CC(C3=CC=NC=C3)=CNC2=O)C=C1
594,Z7655795545,O=C(NC1=CC=CC(CN2C=CC=CC2=O)=C1)C1=CC=C2C=C(F)C(F)=CC2=N1
595,Z1335425444,O=C(NCC1=CC(OC2=CC=C(F)C(F)=C2)=CC=N1)C1=CC(C2=CC=CC=N2)=NO1
596,Z1161337194,O=C(CN1C=NC2=CC=C(F)C=C2C1=O)NCC1=CC(OC2=CC(F)=CC=C2)=CC=N1
597,Z1585034102,CN1C=CC(C(NC(=O)C2=CC=C(COC3=CC=CC=C3C#N)O2)C2=CC=C(F)C=C2)=N1
598,Z5278775756,CN1C(=O)NC2=CC(C(=O)NC3=CC=CC(COC4=CC=C(CC#N)C=C4)=C3)=CC=C2C1=O
599,Z7147354233,CC(NC(=O)C1=CC=CC2=C1C(=O)NN2)C(NC(=O)C1=CC=C(C#N)C=C1F)C1=CC=CC=C1
600,PV-009660431252,O=C(NC1=CC=CC(CC2=CC=CC=C2)=N1)C1=CC(=O)N(C2=CC=CC=C2)N=C1
601,Z2218886758,N#CC1=CC(C(=O)N(CC(N)=O)CC2=CC=C(C3=CC=CC=C3)C=C2)=CN=C1C(F)(F)F
602,PV-005209488830,O=C(NC1=CC=C(OC2=C(F)C(F)=CC=C2)N=C1)C1=CC=CC2=C1C=NNC2=O
603,PV-010066687009,O=C(CCC1=CC2=CC=CC=C2NC1=O)NCC1=CC=C(C2=CC=CC=N2)C(F)=C1
604,Z1534153795,COC(=O)C(NC(=O)C1=CN=C2C(=C1)C(C)=NN2C1=CC=CC=C1)C1=CC=C(F)C=C1F
605,PV-005308121562,O=C1C=CN(C2=CC=NC=C2)N1CC1=CC(OCC2=CC=C(F)C=C2F)=CC=C1
606,PV-005758684834,O=C(NC1=CC=CC=C1OC1=CC(F)=CC(F)=C1)C1=CN=C2N=CNC(=O)C2=C1
607,Z4493370823,N#CC1=CC=CC=C1C1=CC=C(C(=O)NC2=CC=C(OCC3=NNC=N3)C=C2)C=C1
608,PV-009217528487,CC(NC(=O)C1=CC(=O)N2C=CC=CC2=N1)C1=CC=C(C2=CC=CC=C2)C(F)=C1
609,Z1324760536,CC(NC(=O)C1=NN(C2=CC=CC=C2)C(C(N)=O)=C1)C1=CC=C(C2=CC=CN=C2)C=C1
610,Z1011387050,O=C(NCCN1C(=O)CC2=CC=CC=C21)NC1=CC(C(=O)NCC2=CC=CC=C2F)=CC=C1
611,PV-009439018556,N#CC1=C(NC(=O)NC2=CC=CC(C3=NC=CN3)=C2)C=CN(C2=CC=CC=C2)C1=O
612,PV-005999451663,O=C(NCC1=CC=C(OC2=CC=CC=C2)C=C1F)C1=CC=CC2=C1C(=O)NN=C2
613,Z1161337033,O=C(NCC1=CC(OC2=CC(F)=CC=C2)=CC=N1)C1=CN(C2=CC=CC=C2Cl)N=N1
614,PV-004445252383,O=C(NCC1=CC=C(C2=CNC(=O)C=C2)C=C1)C1=C(O)C=CC2=CC=CC=C12
615,Z1867688214,COC1=CC=CC(CN(C)C(=O)C2=CNC3=CC=C(OC4=CC=CC=C4)C=C3C2=O)=N1
616,PV-009429907895,O=C(NC1=NN(C2=CC(F)=CC(F)=C2)C=N1)C1=CN=C2C(F)=CC=C(F)C2=C1
617,PV-008036081420,NCC(NC(=O)C1=CC=C(N2C=NC3=CC=CC=C3C2=O)C=C1)C1=CC=CC=C1F
618,PV-006497134083,O=C(NC1=CC=C(OC2=C(F)C(F)=CC=C2)N=C1)C1=NN=C(C2=CC=CC=N2)N1
619,PV-005853772458,O=C(NC1=CC=CC=C1CC1=CC=CN=C1)C1=CC=CC(C2=NNC(=O)C=C2)=C1
620,Z3824423114,N[C@@H](CC1=CC=CC(NC(=O)CC2=CNC3=CC(OCC4=CC=CC=C4)=CC=C23)=C1)C(=O)O
621,PV-004234181992,O=C(NC1=C(CC2=CC=CC=C2)ON=C1)C1=CN(C2=CC=CC=C2F)C(=O)C=C1
622,PV-009503813720,O=C(CC1=CC=C2C=CN=CC2=C1)NC1=CC(NC(=O)C2=NC=NC=C2F)=CC=C1
623,Z7587910476,O=C(NCC1=CC=C(C2=CNC(=O)C=C2)C=C1)C1=C2C=CC=C(F)C2=CN=C1
624,Z5278871460,CN1C(=O)NC2=CC(C(=O)NC3=CC=C(C4=CSC(C(F)(F)F)=N4)C=C3)=CC=C2C1=O
625,PV-009615838287,N#CC(C1=CC=CC=C1)C1=CC=C(NC(=O)NC2=NN(C3=CC=CN=C3)N=C2)C=C1
626,PV-005036893454,CC1=CC=C(NC(=O)C2=CC=C3NC(=O)NC(=O)C3=C2)C(C2=CC=CC=C2F)=C1
627,PV-006080391894,NC1=CC(C(=O)NC2=CC3=CC=C(F)C(F)=C3N=C2)=NN1C1=CC=C(F)C=C1
628,PV-005709309673,NC(=O)C1=C(F)C=CC=C1OCC1=NC2=CC=C(F)C=C2N1C1=CC=CC=C1
629,PV-005011432108,O=C(CC1=NN=C(C2=CC=CC=C2)O1)NCC1=CC=C(C2=CC=CN=C2)C(F)=C1
630,PV-007190616938,CNC(=O)C1=CC=C(CC(=O)NC2=NC3=CC=CC=C3N2C2=CC=C(F)C=C2)C=C1
631,PV-007572410560,CC1=CN=C2C(C(=O)NC3=CC(NC(=O)C4=NC=CC=C4F)=CC=C3)=CC=CC2=N1
632,PV-007621220808,COC1=CC2=CC=C(C(=O)NC3=CN(C4=CC=CC=C4)C(=O)C=C3)N=C2C=C1OC
633,Z7598215300,CC1=NN(C2=CC=NC=C2)C=C1C(=O)NC1=CC=C(OC2=NC=CC=C2C#N)C=C1
634,PV-006140284283,N#CC(C1=CC=CC=C1)C1=CC=C(NC(=O)C2=CNC(=O)C3=CC=CN=C23)C=C1
635,PV-008338295188,CC1=CN=C2N=CC=C(C(=O)NC3=CC(F)=CC=C3NC(=O)C3=CC=CC=N3)C2=C1
636,PV-002524886946,O=C(NC1=CC=CN=C1)C1=CC=C(CNC(=O)C2=NOC=C2C2=CC=CC=C2)C=C1
637,Z2000361869,COC1=CC=C(CCNC(=O)C2=C(C)N(CCOC3=CC=C(F)C=C3)N=N2)C2=CC=CC=C12
638,PV-008991114621,N#CC1=CC(C2=CC=CC(NC(=O)C3=CC=NN3C3=CC=CN=C3)=N2)=CC(F)=C1
639,Z7607818007,CNC(=O)C1=CC=C(C(=O)NC2=CC=C(C3=CN4C=CC=CC4=N3)C=C2)C=C1F
640,PV-002600913436,CC1=CC(OC2=CC=NC=C2)=CC=C1NC(=O)C1=CC=C(N2C=CNC2=O)C=C1
641,PV-008564237518,O=C(NC1=CC=CC=C1C(O)C1=CC=CC=N1)C1=NOC(C2=CC=C(F)C=N2)=C1
642,Z1240166680,CC1=CC(C(=O)NCC2=CC(OC3=CC=CC(F)=C3)=CC=N2)=NC2=C1C(=O)N(C)C(=O)N2C
643,Z1747759225,CC1=NC2=CC=CC=C2N(CCNC(=O)C2=CC=C(SCC3=CC=CN=C3)C=C2)C1=O
644,Z1128378290,NC(=O)CN(CC1=CC=C(C2=CC=CC=C2)C=C1)C(=O)C1=CC=C(N2C=NN=N2)C=C1Cl
645,PV-007869805042,CN1C(C(=O)NC2=CC=C(OC3=CC(C(N)=O)=CC=C3)C=N2)=CC2=C(O)C=CC=C21
646,Z7706043165,NC1=NNC(C(=O)NCC2=CC=C(C3=CC=CC=N3)C(F)=C2)=C1C1=CC=CC=C1
647,Z2214260408,COC1=CC(NC(=O)CNC(=O)NCC2=CC=C(C3=CC=CC=C3)C=C2F)=CC(OC)=C1
648,PV-009803101055,N#CC1=C(NC(=O)C2=C(C(F)(F)F)C(F)=CN=C2)C=CN(C2=CC=CC=C2)C1=O
649,PV-009418753269,CC1=CC2=CC(CNC(=O)C3=CC=C(NC(=O)C4=CC=CO4)C=C3)=CC=C2NC1=O
650,PV-009810117231,O=C(NCC1=CC=CC=C1CNC(=O)C1=CC=C(F)C2=NC=CC=C12)C1=CNC=C1
651,PV-007113266026,COC1=CC(C2=CC=CC=N2)=CC=C1NC(=O)C1=CC(N2C=CN=C2)=CC=C1O
652,Z512567394,CC1=CC=CC(CC(CO)CNC(=O)NC2=CC=C(C(=O)NCC3=CC=CC=C3F)C=C2)=C1
653,PV-004684200318,O=C(NC1=CC=CC=C1OC1=CC(F)=CC(F)=C1)C1=CC(C2=NNN=N2)=CC=N1
654,PV-004038546595,O=C(C1=CC=CC=C1)C1=CC=C(C2=NC(C3=NC(O)=CC=C3F)=NO2)C=C1
655,PV-008589398446,O=C(NCC1=CC=C2C=CC(=O)NC2=N1)C1=CC(CCC2=CC=CC=C2)=CC=C1O
656,PV-007938686385,O=C(NC1=CC=C2OC(C(F)F)=NC2=C1)C1=NN(C2=CC=C(F)C=C2)C=CC1=O
657,PV-007486442835,CC1=NC(CN)=NC=C1NC(=O)C1=CC=C(N2N=CC=C2C2=CC=C(F)C=C2)C=C1
658,PV-008575411333,O=C(CC1=CN=C2C=CC=CC2=C1)NC(C(=O)O)C1=CC=CC(C2=CC=NC=C2)=C1
659,PV-007603877093,COC(=O)C1=CC(NC(=O)C2=C(C3=CC=CC=C3)N(C)C3=CC=CC=C23)=CN=C1O
660,Z1647480675,CC1=NN(C2=CC=CC=C2)C2=NC(C(=O)OCC3=CC=C(C(N)=O)C=C3F)=CC=C12
661,PV-007163701606,COC1=CC=NC2=CC=C(NC(=O)C3=CNC4=C(C=C(F)C(F)=C4)C3=O)C=C12
662,PV-008057443517,O=C(NC1=CN(C2=CC=CC=C2)C(=O)C=C1)C1=C(O)C2=CC=CC(Cl)=C2N=C1
663,PV-007465933780,O=C(NCC1=CN(C2=CC=C(C(F)(F)F)C=C2)N=C1)C1=CC=C2C=CN=CC2=N1
664,PV-009936301700,O=C(N[C@@H](CNC(=O)C1=CC=NC2=CC=C(F)C=C12)C1=CC=CC=C1)C1=CNC=C1
665,PV-008387168272,CC1=CC=C(CC2=CC=CC=N2)C=C1NC(=O)C1=CC(C2=CC=NC=C2)=NN=C1O
666,Z1618996303,O=C(NCC1=CC(OC2=CC(F)=CC=C2)=CC=N1)C1=CC(N2C=CN=C2)=CC=N1
667,PV-005168819132,CC1=C(C(=O)NCC2=CC=C(C3=CNC(=O)C=C3)C=C2)OC(=O)C2=CC=CC=C12
668,PV-008402261294,O=C(NC1=CN=C2C=CC=CN2C1=O)C1=CC(C2=CC=CC=C2C(F)(F)F)=NO1
669,PV-007745479449,CC1=CN(C2=CC=C(C(=O)NC3=CC(NC(=O)C4=COC(=O)N4)=CC=C3)C=C2)C=C1
670,PV-007138780211,CN1C=CC2=CC(NC(=O)C3=NOC(COC4=CC=C(F)C=C4)=C3)=CC=C2C1=O
671,PV-006583193421,CC1=CC(NC(=O)C2=NN(C3=CC=CC=C3F)C=CC2=O)=NN1C1=CC=CC=C1
672,PV-006895236509,CN1C=CC2=CC(NC(=O)C3=CC=C(OC4=CC=CC=N4)C=C3)=CC=C2C1=O
673,Z2045143025,COC1=CC2=C(C=C1OC)NC(COC(=O)COC1=CC=CC(OC3=CC=CC=N3)=C1)=N2
674,Z1534164007,COC(=O)C(NC(=O)C1=CC=C(OCC2=CC=CN=C2)C=C1)C1=CC=C(F)C=C1F
675,PV-006876503225,O=C(NC1=NN(C2=CC=NC(C(F)F)=C2)C=C1)C1=CN=NC(C2=CC=CC=C2)=C1
676,Z2195171589,CN(C(=O)CC1=CC=C(NC(=O)C2=C(N)N=CC=C2C(F)(F)F)C=C1)C1=CC=CC=C1
677,PV-008333038518,COC1=CC=CC(C2=CN=C(C(=O)OCC3=NC4=C(C=C(F)C(F)=C4)N3)N=C2)=C1
678,PV-008127594490,N#CC1=CC=CC=C1C1=CC=C(CNC(=O)C2=CC=CC(N3N=NNC3=O)=C2)C=C1
679,PV-007381499854,NC(=O)C1=CC=C(CC2=NOC(C3=CC(C4=C(F)C=C(F)C=C4F)=NO3)=N2)C=C1
680,PV-008997220385,O=C(C1=CN=NC(C2=CC=CC=C2)=C1)N(CC1=CC=CC=C1)C1=NC=NC(O)=C1
681,PV-010036408714,N#CC1=CN(C2=CC=C(NC(=O)NC3=CC=CC(C4=CN=CN=C4)=C3)C=C2)N=C1
682,Z1206298100,CC1=CC=CC2=NC(CN(CC(N)=O)CC3=CC=C(C4=CC=CC=C4)C=C3)=CC(=O)N12
683,PV-009224744661,O=C(NC1=CC=NC(COC2=CC=CC=C2)=N1)C1=CC=NC2=CC=C(F)C=C12
684,PV-007853619776,CC1=NC(CO)=NC=C1NC(=O)C1=CC(C2=CC=CC=C2)=NC2=CC(F)=CC=C12
685,Z1556510384,N#CC1=CC=C(F)C(CS(=O)(=O)NCC2=CC(OC3=CC=C(F)C(F)=C3)=CC=N2)=C1
686,Z3824419586,N[C@@H](CC1=CC=C(NC(=O)C2=CC=C(N3C=CC4=CC=CC=C43)C=C2)C=C1)C(=O)O
687,PV-007240751886,COC1=CC=C2C=C(C(=O)NC3=CN(C4=CC=CC=C4)C(=O)C=C3)C=CC2=N1
688,PV-008906146862,N#CC1=CC=C(C(=O)NCC(=O)OCC2C3=CC=CC=C3C3=CC=CC=C32)C(O)=C1
689,PV-009590656725,O=C(NC1=CN=CC(C2=CC=CC=C2)=N1)C1=CN(C2=C(F)C=CC=C2F)N=N1
690,PV-005904836303,O=C(NCC1=NN=C(C2=CC=CC=C2)O1)C1=CC=NC=C1NC1=CC(F)=CC=C1
691,PV-007924511832,O=C(O)C1=CC=CC(C2=CC=CC=C2CNC(=O)C2=CC=CC=C2N2C=CN=N2)=C1
692,Z1148520969,COCC1=CC=C(CNC(=O)C2=CNC=C2C2=CN(C3=CC=CC=C3)N=C2)C=C1F
693,PV-006286004306,O=C(NCC1=CC2=CC=CC=C2NC1=O)NC1=CC(CC2=CC=CC=C2)=CC=N1
694,PV-008069105072,O=C(NC1=CC=C(N2C=CNC2=O)C=C1)C1=CC=C(C2=CC=CC=C2F)N1
695,PV-006807140057,NC1=NN=NN1C1=CC=CC(C2=C(F)C=C(OCC3=CC=CC=C3)C=C2F)=C1
696,PV-006980226888,O=C(NCC1=CC=C(C2=CC(F)=CC=C2)O1)C1=CC=C(N2C=CNC2=O)C=C1
697,PV-006060277337,O=C(NC1=CC=C(N2C=NN=N2)C(F)=C1)C1=CC(C2=CC(F)=CC=C2)=CN=C1
698,PV-007585394567,O=C(O)C1=CC=CC(C2=CC=CC(CNC(=O)C3=CC=CC=C3N3N=CC=N3)=C2)=C1
699,Z4984243181,CC(NC(=O)CNC(=O)C1=C(C2=CC=CC=C2)C(C2=CC=CC=C2)=NNC1=O)C1=CC=CC=N1
700,Z6477767448,O=C(NC1=CC=C(C2=CC(=O)N3C=CC=C(OCC4=CC=CC=C4)C3=N2)C=N1)C(F)(F)F
701,Z851246464,O=C(CN1C=NC2=CC=C(F)C=C2C1=O)OCC1=COC(C2=CC=CC(C(F)(F)F)=C2)=N1
702,Z1725790371,CN1C=CC(C(NS(=O)(=O)C2=CC=CC=C2C(=O)C2=CC=CC=C2)C2=CC=C(F)C=C2)=N1
703,Z5278890252,CN1C(=O)NC2=CC(C(=O)NCC3=CC=CC(C(=O)OCC4=CC=CC=C4)=C3)=CC=C2C1=O
704,Z1389764083,NC(=O)CN(CC1=CC=C(C2=CC=CC=C2)C=C1)C(=O)CCC(=O)C1=CC=C(F)C(F)=C1
705,PV-006720561532,O=C(NC1=NC(C2=CC(F)=CC(F)=C2)=CC=N1)C1=CN=CN1C1=CC(F)=CC=C1
706,PV-005731835024,NC(=O)C1=CC=C(CC(=O)NCC2=CC=C(C3=CC=C4C=CC=CC4=C3)C=C2)C=N1
707,PV-009726736562,O=C(NC1=NN(C2=CC=C(F)C=C2)N=C1)C1=CC(C2=CC=CC=C2F)=CN=C1O
708,Z1173341679,CN(CCOC1=CC=CC(C#N)=C1)C(=O)C1=CN(C2=CC=CC=C2)N=C1C1=CC=NC=C1
709,PV-008101604010,COC(=O)C1=CC=C2N=C(C(=O)NC3=CC=C(N4C=CC=CC4=O)C=C3)C=CC2=C1
710,PV-006648809719,O=C(NC1=CC=C(OCC2=CC=CC=C2F)C=C1)C1=CC=C2C(=O)NN=CC2=C1
711,Z7580288270,O=C(NCC1=CC=C(C2=CC(F)=CC=C2)O1)C1=CC=C(C2=NNC(=O)C=C2)C=C1
712,PV-009887525193,CN1N=C(CC2=CC=CC=C2)C=C1NC(=O)C1=CN(C2=CC=C(F)C=C2)C(=O)C=C1
713,Z811251216,N#CCN1C=C(C(=O)N(CC(N)=O)CC2=CC=C(C3=CC=CC=C3)C=C2)C2=CC=CC=C21
714,PV-010034278159,O=C(NCC(O)C1=CC=C2C=CC=CC2=C1)NC1=CC=CN(C2=CC=CC=C2)C1=O
715,Z1442203410,CC1=CN2C=C(COC3=CC=CC=C3C(=O)OCC3=CC=C(C(N)=O)C=C3F)N=C2C=C1
716,Z7740397173,N#CC1=CC(C2=CC=NC=C2)=CC(NC(=O)C2=CC(=O)NC3=CC=C(F)C=C23)=C1
717,PV-009353822983,O=C(NC1=NN(C2=CC(F)=CC(F)=C2)C=N1)C1=CC=CC=C1OC1=CC=NC=C1
718,Z2184203798,O=C(NCC1=CC=C2C=CNC2=N1)C1=C(C(=O)C2=CC=CC=C2)C=C(F)C(F)=C1
719,PV-007474702138,NC1=CC(F)=CN=C1C(=O)NC1=CC(NC(=O)C2=CC=CC3=NC=CC=C23)=CC=C1
720,PV-006663000828,N#CC1=CN(C2=CC=C(NC(=O)C3=NOC(C4=CC=C(F)C(F)=C4)=C3)C=C2)N=C1
721,PV-009436175127,CC1=CN(C2=CC=C(C(=O)NC3=C(C#N)C(=O)N(C4=CC=CC=C4)C=C3)C=C2)N=C1
722,PV-008815540729,O=C(NC1=CC=CN(C2=CC=CC=C2)C1=O)C1=CC2=NC(C(F)(F)F)=CN2C=C1
723,Z7739655914,O=C(NCC1=CC=C(OC2=CC(F)=CC=C2)C=C1)C1=CC=C2C=NNC(=O)C2=C1
724,PV-009850185103,N#CC1=C(NC(=O)C(F)(F)C2=CC(F)=CC=C2F)C=CN(C2=CC=CC=C2)C1=O
725,PV-004529752237,O=C(NC1=CC=C(F)C=C1)C1=CC=CC(NCC2=CC=C3C(=O)C=CNC3=C2)=N1
726,Z1256773822,COC1=CC=CC(OC2=NC=CC=C2CNC(=O)NCCC2=CC=C(N3C=CC=N3)C=C2)=C1
727,PV-008425259692,CN1C(C(=O)NCC2=CC=CC(N3C=CC=N3)=C2)=CC=C1C(=O)C1=CC=CC=C1F
728,PV-008674846147,O=C(NC1=CC=CC=C1)C1=CC=C(COC(=O)C2=CC=NN2C2=CC=CN=C2)C=C1
729,PV-008874947544,O=C(NC1=CC=CN(C2=CC=CC=C2)C1=O)C1=CC=C(NC2=NC=CC=N2)C=C1
730,Z7607321046,O=C(NC1=CC=C(F)C(C(=O)C2=CNC3=CC=CC=C23)=C1)C1=CC(CO)=CN=C1
731,Z1510877048,CC1=CC=C(CN2C=CC=C(NC(=O)C3=CC=C(OCC4=NC=CN4C)C=C3)C2=O)C=C1
732,Z1929571355,O=C(NC1=C(C(F)F)N(C2=CC=NC=C2)N=C1)C1=CC=C(C2=CN=CN=C2)C=C1F
733,PV-008358882009,CC1=CC=CC=C1OCC(=O)NC1=CC=C2N=CN(C3=CC(O)=CC=C3)C(=O)C2=C1
734,PV-007828159608,O=C(C1=CC=CC=C1)C1=CC(C2=CC=C3OC(=O)NC(=O)C3=C2)=CC=C1F
735,PV-008623299078,CN1C(=O)C(CNC2=NC(C(=O)NC3=CC=C(F)C=C3)=CC=C2)=CC2=CC=CC=C21
736,Z872156390,O=C(COC1=CC=CC(OC2=CC=CC=N2)=C1)N1CCN(C(=O)C2=CC(F)=CC=C2F)CC1
737,PV-008599700102,NC(=O)C1=CC=CC=C1OC1=CC=C(NC(=O)C2=CC=NN2C2=CC=NC=C2)C=C1
738,PV-009985551641,CN(C(=O)C1=CC=CN(CC2=CC(F)=CC=C2)C1=O)C1=CN=CC2=CC=CC=C12
739,PV-007048636681,O=C(NC1=NC(C2=CC(F)=CC(F)=C2)=CC=N1)C1=CC=CC2=CC=C(O)N=C12
740,PV-005827835409,O=C(NC1=CC=C(F)C=C1)C1=CC=CC(NCC2=CNC(=O)C3=CC=CC=C23)=N1
741,Z7593917899,CN1C(C(=O)NC2=CC=C3OC=CC(=O)C3=C2)=CC=C1C(=O)C1=CC=CC=C1F
742,Z1900947563,O=C(NCC1=CC=CC(C2=CC=CN=C2)=C1)C1=C(C(F)F)N(C2=CC=NC=C2)N=C1
743,Z7599897684,CC(NC(=O)C1=CC=C2C=CC(=O)NC2=N1)C1=CC=C(C2=CC=CC(C#N)=C2)C=C1
744,PV-008441167865,O=C(NC(C(=O)CC1=CC=CC=C1)C1=CC=CC=C1)C1=CC2=NC=C(O)N=C2C=C1
745,PV-006901658890,CN1C=CC2=CC(NC(=O)C3=CC=C(C4=CC=NC=C4)C(F)=C3)=CC=C2C1=O
746,PV-004658419166,O=C(NC(CC1=CC=C(F)C=C1)C1=CC=C(F)C=C1)C1=CC=CC2=C1NC(=O)N2
747,PV-009876338392,O=C(CN1C=CC=C1)NC1=CC(CNC(=O)C2=CC=C(F)C3=NC=CC=C23)=CC=C1
748,PV-006620880160,N#CC1=CN(C2=CC=C(NC(=O)C3=NC4=CC(F)=CC(F)=C4C=C3)C=C2)N=C1
749,PV-002585015780,CC1=CN2C(C(=O)NCC3=CC=C(C(=O)NC4=CC=C(F)C=C4)C=C3)=CN=C2C=C1
750,Z1539784843,COC(=O)C(NC(=O)C1=CC(=O)C(OCC2=CC=CC=C2)=CO1)C1=CC=C(F)C=C1F
751,Z1537473071,COC1=CC=CC=C1OCC(=O)NC1=CC=CC(NC(=O)C2=CN=C3C=CC(C)=CN23)=C1
752,PV-007818189334,O=C(NC1=CC(NC(=O)C2=CN=CN2)=CC=C1)C1=CC=CC(CC2=CC=CC=N2)=C1
753,PV-005929365267,O=C(OCC1=CC=C(N2C=CC=N2)C(F)=C1)C1=NN(C2=CC(F)=CC=C2)C=C1
754,PV-007818826247,O=C(O)C1=CN=C2N=C(NC(=O)C3=CC(CC4=CC=CC=C4)=CC=C3O)C=CC2=C1
755,PV-009947666473,CNC(=O)C1=CC=C(C(=O)NC2=CC=CC(CC3=NC4=CC=CC=C4N3)=C2)C=C1F
756,PV-006989270588,O=C(NCC1=CC=C(C2=CC=NC=C2)N=C1)C1=CC=C2C=C(F)C(F)=CC2=N1
757,PV-009564388475,O=C(NC1=CC(O)=NN1C1=CC=C(F)C=C1F)C1=C(F)C2=CC=CN=C2C=C1
758,PV-006756929519,O=C(NCCC1=CC=CN2C=CN=C12)C1=CC=CC=C1C(=O)C1=CC=C(F)C=C1
759,Z4493385609,N#CC1=CC=CC=C1C1=CC=C(C(=O)NCC2=CC=NC=C2C2=NNC=C2)C=C1
760,PV-005478480836,O=C(NC1=CC=CC(NC(=O)C2=C(F)NN=C2)=C1)C1=CC2=CC=C(F)C=C2C=N1
761,PV-009175677176,N#CC1=CC(F)=CC=C1C(=O)NC1=CC(NC(=O)C2=CC3=CC=NN3C=N2)=CC=C1
762,Z1161341127,CC1=CC=CC(N2N=CC(C(=O)NCC3=CC(OC4=CC=CC(F)=C4)=CC=N3)=N2)=C1
763,PV-007280319063,NC1=NNC(C(=O)NCC2=NC=CC=C2C2=CC=C(F)C=C2)=C1C1=CC=CC=C1
764,PV-006122305905,N#CC1=C(F)C(F)=CC(C(=O)NC2=CC(NC(=O)C3=CC=CC(=O)N3)=CC=C2)=C1
765,PV-005377449030,NC(=O)C1=CC(NC(=O)C2=CC=CC(CC3=CC=CC=N3)=C2)=NC2=CC=CC=C12
766,Z7722605763,CC(OC1=CC=C(C(=O)NCC2=CC=C3C=CC(=O)NC3=N2)C=C1)C1=CC=CC=C1
767,PV-009655538561,COC(=O)C1=CC=C2C=C(N(C)C(=O)C3=CC(=O)N(C4=CC=CC=C4)N3)C=CC2=C1
768,PV-007546545731,O=C(NC1=CC=CN=C1)C1=CC=C(CNC(=O)C2=CC=C3C=CN=C(O)C3=N2)C=C1
769,Z1450596739,O=C(OCC1=COC(C2=CC(C(F)(F)F)=CC=C2)=N1)C1=CN=C(N2C=CC=N2)C=N1
770,PV-009057533592,O=C(NCCN1C=CC(=O)C=C1)NC1=NC(C2=CC=CC=C2)=C(C2=CC=CC=C2)O1
771,PV-010059888152,CC1=C(C(=O)NC2=NN(C3=CC=C(F)C(F)=C3)C=N2)C(C2=CC=C(F)C=C2)=NO1
772,Z1734761679,O=C(NCC1=NOC(COC2=CC=CC=C2F)=C1)NCC1=NC=CN1CCC1=CC=CC=C1
773,PV-007837175942,O=C(NC1=CN(C2=CC=CC=C2)C(=O)C=C1)C1=NN2C(C(F)(F)F)=CC=NC2=C1
774,PV-009280084262,CCC1=C(C(=O)NC2=CC(=O)N(C3=CC=CC=C3)N=C2)C=C(CC2=CC=CC=C2)N1
775,Z2222837273,CN(C)C(=O)C1=CC(OC2=CC=C(NC(=O)C3=CC=NC(C4=NNC=C4)=C3)C=C2)=CC=N1
776,PV-007625643231,CC1=CC=CN(CC2=C(F)C=CC=C2NC(=O)C2=NC(N)=CC3=CC=CC=C23)C1=O
777,PV-004352582939,O=C(NC1=CC=C(F)C(C2=NNC=N2)=C1)C1=NN(C2=CC=CC=C2F)C=CC1=O
778,PV-008062214961,N#CCC1=CC=C(OCC2=CC(NC(=O)C3=CC4=CC=CN4C(=O)N3)=CC=C2)C=C1
779,PV-009672387106,CN1C=C(NC(=O)NCC2=CC=C(C3=CC=C4C=CC=CC4=C3)C=C2)C(=O)NC1=O
780,PV-003986318013,O=C1NC=CN1C1=CC=C(C2=CC(OCC3=CC=CC=C3)=CC=C2F)C=N1
781,Z4324243545,CN(CC1=NNC(C2=CC=CC=C2)=N1)C(=O)C1=CC=NC=C1OC1=CC=C(F)C=C1
782,PV-008959089081,O=C(O)C1=CC=CC(C2=CC=CC=C2CNC(=O)C2=CNC(C3=CC=NC=C3)=N2)=C1
783,PV-007511957854,O=C(NCC1=CNN=C1C(=O)O)C1=CC=C(C=CC2=CC=C3C=CC=CC3=N2)C=C1
784,PV-002398776408,COC1=CC=C2C(O)=C(C(=O)NCC3=CC=CC(C4=CC=CC=N4)=C3)C=NC2=C1
785,PV-006164965602,N#CC1=NC=C(C2=CC(C3=NN(C4=CC=NC=C4)C=C3C(=O)O)=CC=C2)C=C1F
786,PV-007317166700,O=S(=O)(NC1=CC=C(C2=CC=C(F)C=C2)N=N1)C1=CC=C(F)C2=CN=CC=C12
787,PV-008485731979,COC1=CC=CC2=C1NC(C(=O)NCC1=NC=CC=C1C1=CC=CC=C1)=C(C)C2=O
788,PV-006871833470,COC(=O)C1=CNN=C1C(=O)NCC1=CC=C(C2=CC=C3C=CC=CC3=C2)C=C1
789,PV-009706741671,O=C(NC1=CN(C2=C(F)C=CC=C2F)N=C1)NC1=NC=CC(C2=CC=NC=C2)=N1
790,PV-005635526685,COC1=CC=C(C2=CNC(CNC(=O)C3=CC=C4C=C(F)C(F)=CC4=N3)=N2)C=C1
791,PV-008576028030,CN1N=CN=C1C1=CC=CC(NC(=O)C2=NOC(C3=C(F)C=C(F)C=C3F)=C2)=C1
792,Z7722610154,CC1=CC=CC(COC2=CC=CC=C2C(=O)NCC2=CC=C3C=CC(=O)NC3=N2)=C1
793,PV-005053744077,CN1C=NC2=CC=CC(CNC(=O)C3=CC=NC(OC4=CC=C(F)C=C4F)=C3)=C21
794,PV-005643330418,O=C(COC1=CC(F)=CC=C1)NC1=NC(C2=CC=CC=N2)=NN1C1=CC=CC=C1
795,PV-006930642512,CC1=C(F)C=CC2=C1NC=C(C(=O)NCC1=CN=CC(C3=CC=CN=C3)=C1)C2=O
796,PV-009481579148,O=C(NC1=CC2=CC(F)=CC=C2C=N1)C(F)(F)N1C=C(C2=CC=CC=C2)N=N1
797,Z1222694760,N#CC1=CN(CCNC(=O)CSC2=NN=C(C3=CC=C(F)C=C3)N2C2=CC=CC=C2)N=C1
798,PV-008829434637,O=C(NC1=CC(C(F)(F)F)=CNC1=O)C1=C(C2=CC=C3C=CC=CC3=N2)OC=N1
799,PV-008116213159,CC1=NN(C2=CC=CC=C2)N=C1CNC(=O)C1=CC(C2=CC(CN)=CC=C2)=CC=C1
800,PV-006844879932,O=C(NC(CO)C1=CC=CC(F)=C1F)C1=CC(OC2=CC=CC=C2)=CC=C1O
801,Z7731319311,O=C(NC(CC1=CC=CC=N1)C1=CC=CC=N1)C1=CC=CC(OC2=CN=CC=N2)=C1
802,Z1520135638,NC1=NC=NC=C1CNC(=O)C1=CC=CC=C1NC(=O)C1=CC=C(OC2=CC=CC=C2)C=C1
803,PV-008892037139,N#CC1=CC(C2=CC=NC=C2)=CC(NC(=O)C2=CNC3=CC(F)=CC(F)=C3C2=O)=C1
804,PV-007974767576,O=C(OC(C1=CC(F)=CC=C1)C1=CC=CC=N1)C1=CC(=O)N(C2=CC=CC=C2)N=C1
805,Z1410465449,NC(=O)C1=CC=CC=C1OCC1=CC=CC(C(=O)NCC2=C(C3=CC=CC=C3)OC=N2)=C1
806,Z1173342875,CN(CCOC1=CC=CC(C#N)=C1)C(=O)C1=CC=C2C(=O)N(C3=CC=CC=C3)C(=O)NC2=C1
807,PV-009281888883,N#CC1=CC2=CC=CC=C2C(C(=O)NC2=C(C#N)C(=O)N(C3=CC=CC=C3)C=C2)=C1
808,PV-008929938971,O=C(OC(C1=CC(F)=CC=C1)C1=CC=CC=N1)C1=CC=CC(C2=NNC(=O)C=C2)=C1
809,PV-007602155397,O=C(O)C1=CN(C2=CC=C(C3=CC=C(CN4C=CC=CC4=O)C=C3)C=C2)C(=O)C=C1
810,Z805526924,NC(=O)CN(CC(=O)NCC1=CC=CC=C1C(F)(F)F)CC1=CC=C(C2=CC=CC=C2)C=C1
811,Z7670195084,N#CC1=CC=CC=C1SC1=CC=C(NC(=O)C2=CC=C3C=NNC(=O)C3=C2)C=C1
812,Z5278959677,CC1=CC(NC(=O)C2=CC=C(NC(=O)C3=CC=C4C(=O)N(C)C(=O)NC4=C3)C=C2F)=CC=N1
813,Z1335922755,O=S(=O)(NCC1=CC(OC2=CC=C(F)C(F)=C2)=CC=N1)C1=CC=CC2=CN=CC=C12
814,PV-009588424088,O=C(NC1=NN(C2=CC=C(F)C(F)=C2)C=N1)C1=NN(C2=CC=C(F)C=C2F)C=C1
815,PV-008668138689,NC(=O)C(NC(=O)C1=CC=C(C2=CC=CC=C2F)N1)C1=CC=C2C=CC=CC2=C1
816,PV-008727245819,N#CC1=CC=CC=C1OCC1=CC(C(=O)NC2=CC=C3C(=O)NC=NC3=C2)=CC=C1
817,PV-006873450618,N#CC1=CC(C(=O)NC2=CC=CC=C2C2=CC=C3C=CC=CC3=C2)=C(N)NC1=O
818,PV-009841716007,O=C(NCC1=CC=C(C2=CNC(=O)C=C2)C=C1)NC1=CC(C2=CC=CN=C2)=CC=N1
819,PV-005669452430,N#CC1=CC=C(COC(=O)C2=CC(=O)N(C3=CC=CC=C3)N=C2)C2=CC=CC=C12
820,PV-006331643254,N#CC1=CN(C2=CC=C(NC(=O)C3=CC(C4=CC=C(F)C=C4F)=NO3)C=C2)N=C1
821,PV-010003508160,O=C(NC1=CC(=O)N(C2=CC=CC=C2)C=C1)C1=CN2C=CC=C(C(F)(F)F)C2=N1
822,Z2175038215,O=C(OCC1=CC=CC=C1)C1=CC=C(CNC(=O)C2=CN(CC3=CC=CN=C3)N=N2)C=C1
823,PV-005693174925,O=C(NC1=CC=C(C2=CC(=O)NN2)C=C1)C1=CC=NC=C1OC1=CC=C(F)C=C1
824,PV-008881303494,NC(=O)C1=CC=C(COC2=CC=C(C3=CC=CC(N4C=NC=N4)=C3)C=C2)C(F)=C1
825,PV-008473103738,NC1=NN(CC2=CC=CC=C2)C=C1C(=O)NCC1=CC(C2=CC(O)=CC=C2)=CC=C1
826,PV-008768944068,COC(=O)C1=CN2C=C(C(=O)NC3=CC(C#N)=CC(C4=CC=CC=C4)=C3)N=C2C=C1
827,Z1318841820,COC1=CC=CC(C(NC(=O)C2=CN(CC3=CC=CN=C3)N=N2)C2=CC(F)=CC=C2OC)=C1
828,PV-005917241839,O=C1C=CC=CN1C1=CC=C(NCC2=CN(CC3=CC=CC=C3F)N=C2)C(F)=C1
829,Z7693898000,O=C(NCC1=CC2=CC=CC=C2NC1=O)C1=CC(C2=C(F)C=C(F)C=C2F)=NO1
830,PV-006737073700,O=C(NCC1=CN=CC(C2=CC=CN=C2)=C1)C1=NC2=CC(F)=CC(F)=C2C=C1
831,PV-009827326189,CN(C(=O)C1=CC=CN(CC2=CC(F)=CC=C2)C1=O)C1=CC=NN1C1=CC=CC=C1
832,Z1333105152,FC1=CC=C(OC2=CC=NC(CNCC3=NN(C4=CC=CC=C4)N=C3)=C2)C=C1F
833,Z1556505012,COC(=O)C1=NC=CC2=C(S(=O)(=O)NC(C)C3=CC=C(C4=CC=CN=C4)C=C3)C=CC=C12
834,Z1488949764,O=C(NCC1=CC=CC(C2=CC=CC=N2)=C1)C1=CC(=O)C2=CC(F)=CC=C2O1
835,PV-007551867776,NCC1=CC=CC2=CC=C(C(=O)NCC3=CC=C(C4=CNC(=O)C=C4)C=C3)C=C12
836,PV-008768765475,COC(=O)C1=CC(F)=C(C2=NOC(C3=CC(=O)NC4=CC(F)=CC=C34)=N2)C(F)=C1
837,PV-009846291234,C=CC1=C(CNC(=O)C2=CC=C(N3N=CC=C3C3=CC=C(F)C=C3)C=C2)N(C)N=C1
838,PV-009712058127,O=C(NC1=CN=C2C(F)=CC=CC2=N1)C1=CC(=O)C(OCC2=CC=CC=C2)=CO1
839,PV-005758760011,O=C(O)C1=CN(C2=CC=C(C3=C(F)N(C4=CC=CC=C4)N=C3)C=C2)C(=O)C=C1
840,PV-009487673371,O=C(CC1=CC=C(OCC2=CC=CC=N2)C=C1)NC1=CN=C2C(F)=CC=CC2=N1
841,PV-010087554641,CN1C(C(=O)C2=CC=CC=C2F)=CC=C1C(=O)N(CC1=CN=CN1)C1=CC=CC=C1
842,Z1671207065,O=C(NCC1=CC=CC=C1OC1=CC=CC=N1)C1=NOC(C2=CC(F)=CC=C2)=N1
843,Z7694242313,CC1=CC(OCC2=CC=CN=C2)=CC=C1NC(=O)CN1C=CC2=CC=CC=C2C1=O
844,PV-009854228741,O=C(NC1=NN(C2=CC(F)=CC(F)=C2)C=N1)C1=CC=C(COC2=CC=CC=C2)O1
845,PV-008244233580,COC1=CC=CC(CC(NC(=O)C2=NC3=CC=CC=C3NC2=O)C2=CC=CC=C2)=C1
846,PV-009127124192,N#CC1=CC=NC=C1N(CC1=CC=CC=C1)C(=O)CC1=NN(C2=CC=CC=C2)C=C1
847,PV-008933917045,O=C(N=S(=O)(C1=CC=CC=C1)C1=CC=NC=C1)C1=COC(=O)C2=CC=CC=C12
848,PV-005111019138,O=C(NC(CC1=CC=CC=C1)C1=CC=NC=C1)C1=CNC2=CC=C(F)C=C2C1=O
849,PV-008269477099,O=C(NCC1=NC=CC=C1C1=CC=CC=C1)C1=NN(C2=CC=CC=C2)C(=O)NC1=O
850,Z1534165388,COC(=O)C(NC(=O)C1=CN(C2=CC(C)=CC=C2OC)C(=O)C=C1)C1=CC=C(F)C=C1F
851,PV-002381553782,COC(=O)C1=NC=CC2=CC(NC(=O)C3=C(C(=O)C4=CC=CC=C4)N=CN3)=CC=C12
852,PV-008403540232,O=C(NCC1=NOC(C2=CC=C(F)C=C2)=N1)C1=CC(=O)C2=CC(F)=CC(F)=C2N1
853,PV-004320569821,O=C(OCC1=CC=C(C2=CC=CC=N2)N=C1)C1=CC2=C(NC(=O)C=C2)C(F)=C1
854,PV-008967204994,O=C(NC1=CC(=O)N(C2=CC=CC=C2)C=C1)C1=CC=C(F)C2=CN=CC=C12
855,Z7696545710,O=C(CC1=CC=C2OC=NC2=C1)NCC1=CC(OC2=CC=C(F)C(F)=C2)=CC=N1
856,PV-008903154669,CN1N=C(C2=CC=CC=C2)C(C#N)=C1C(=O)NCC(O)C1=CC=C2C=CC=CC2=C1
857,PV-007325517870,COC1=CC=CC=C1NC1=CC=C(C(=O)NCC2=CC=C3C=CC(=O)NC3=N2)C=C1
858,Z7610864640,N#CC1=CC=CN=C1OC1=CC=C(NC(=O)C2=C3C=CN=CC3=NC(O)=C2)C=C1
859,PV-008504427587,O=C(NC1=CC=C(CCC(O)C2=CC=CC=C2)C=C1)C1=CC=CC2=C1C=NNC2=O
860,Z2104971498,O=C(COC1=CC=CC(OC2=CC=CC=N2)=C1)OCC1=CN=NN1C1=CC=CC=C1
861,PV-007498300217,CC1=C(C(=O)NC(C(N)=O)C2=CC=C3C=CC=CC3=C2)C=CN1CC1=CC=CC=C1
862,PV-006161538711,CC1=NC(NC(=O)C2=NN(C3=CC=CC=C3F)C=CC2=O)=NC2=CC=CC(F)=C12
863,PV-005609263548,O=C(NC1=CC=C(OC2=CC=C(CO)C=C2)C=C1)C1=CC=NN1C1=CC=CN=C1
864,PV-006679620499,O=C(NCC1=CC=C(OC2=CC=C(F)C=C2)N=C1)C1=CC=NN1C1=CC=CN=C1
865,Z7583970096,N#CC1=CN2C(C(=O)NCC3=CC(OC4=CC(F)=CC=C4)=CC=N3)=CN=C2C=C1
866,PV-004350454413,CC1=CC(C(=O)NC2=CC=C(C3=CC=NC=C3)N=C2)=NN1C1=CC=CC(C#N)=C1
867,Z7578874855,O=C(NC1=CC=CC=C1COCC1=CC=CC=C1)C1=CC(=O)N2C=CC=CC2=N1
868,PV-008373042889,"O=C(N[C@H]1C2=CC=CC=C2OC[C@H]1O)C1=CC(F)=C(OC2=CC=CC=C2)C(F)=C1 |&1:3,12|"
869,PV-008307480116,CC1=CN(C2=CC=C(F)C=C2)N=C1NC(=O)C1=CN(C2=C(F)C=CC=C2F)N=N1
870,PV-009966631184,O=C(NC1=CC(=O)NC2=CC=NC=C12)C1=CC=C(OC2=CC=C(F)C=C2)N=C1
871,PV-008533858749,CC(NC(=O)C1=CC=CC(CC2=CC=CC=N2)=C1)C1=CN(C2=CC=C(F)C=C2)N=N1
872,PV-005645128837,COC1=CC2=CC=C(C(=O)NCC3=CN=C(C4=CC=CC=C4)C=N3)N=C2C=C1F
873,PV-006993627879,N#CC1=NC(CCNC(=O)C2=CC(F)=C(F)C=C2C(=O)C2=CC=CC=C2)=CC=C1
874,PV-008358073553,CN1C=C(CNC2=CC=C(C(=O)NC3=CC=CN(C4=CC=CC=C4)C3=O)C=C2)C=N1
875,Z1653014001,COC1=CC=C(C2=CC=C(C(=O)NC3CCCN(C4=CC=CN=C4)C3=O)C(F)=C2)C(F)=C1
876,Z7610342754,N#CC1=CC=C(OC2=CC=C(NC(=O)C3=CN=C(O)C4=CC=NC=C34)C=N2)C=C1
877,PV-004796234673,O=C(NCC1=CC=CN=C1OC(F)F)C1=CC=C(N2C=NC3=CC=CC=C32)C=C1
878,Z5016147114,CNC(=O)COC1=CC=CC(CNC(=O)C2=CN(C)C3=CC=C(C4=CC=CC=C4)N=C23)=C1
879,PV-004238525883,CC1=CC=C(N2C=CC(CNC(=O)C3=NN(C4=CC(F)=CC=C4F)C=C3)=N2)C=C1
880,PV-005061053306,NCC1=CC=CC(C2=CC=C(C(=O)NC3=CC=C(N4C=NN=N4)C(F)=C3)C=C2)=C1
881,Z1540483682,COC1=CC=CC=C1C(=O)CNC(=O)CSC1=NC=CN1C1=CC=C(C(F)(F)F)C=C1
882,Z7772752996,C1=CC=C(COC2=CC=C(COC3=CC=CC(C4=NC=CC=N4)=N3)C=C2)N=C1
883,PV-009456894504,CC1=NC=CC(C(=O)NC2=CC(NC(=O)C3=CN=CC4=CC=CN=C34)=CC=C2)=C1O
884,Z1554927116,COC1=CC=CC(CC(NC(=O)C2=CC=C(CC3=NN=CN3)C=C2)C2=CC=CC=C2)=C1
885,PV-007162270507,O=C1C=NC2=CC(S(=O)(=O)NC3=CC=C(F)C(C4=CC=CC=C4)=C3)=CC=C2N1
886,PV-006803768262,CC1=CC(C(=O)NC2=CC=C(N3C=CC(=O)N3)C=C2)=CC=C1C1=CC=NC=C1
887,Z1510332556,COC1=CC=C(C)C=C1N1C=C(C(=O)NCC2=CC=CC(C3=CC=CC=N3)=C2)C=CC1=O
888,PV-009100639214,O=C(NC1=CC(=O)N(C2=CC=CC=C2)N=C1)C1=CC(C2=CC=CC=N2)=CC(F)=C1
889,PV-009333100714,O=C(NC1=CN(C2=CC=CC=C2)C(=O)C=C1)C1=NOC(C2=CC(F)=CC(F)=C2)=N1
890,Z1334417483,O=C(CN1C=CC=C(C(F)(F)F)C1=O)NCC1=CC(OC2=CC=C(F)C(F)=C2)=CC=N1
891,Z1180219650,CN(CCOC1=CC=CC(C#N)=C1)C(=O)NC1=CC=C(C(=O)NCC2=CC=CC=C2F)C=C1
892,Z2074003164,O=C(NCC1=CC=CC(C2=CC=CN=C2)=C1)C1=NN(C2=CC=CC(F)=C2)C=C1O
893,Z2000172560,CC1=C(C(=O)NCC2=CC=CC(C3=CC=CC=N3)=C2)N=NN1CCOC1=CC=C(F)C=C1
894,PV-010062107939,O=C(NC1=CC=C(N2C=CC=N2)C(F)=C1)NC1=CC=CN(C2=CC=CC=C2)C1=O
895,PV-009489421972,O=C(CC1=CC=C2C=CN=CC2=C1)NC1=CC(NC(=O)C2=CC=CC(=O)N2)=CC=C1
896,Z1585036916,CC1=CC=CC(CN2C=CC=C(C(=O)NC(C3=CC=C(F)C=C3)C3=NN(C)C=C3)C2=O)=C1
897,Z1239192862,O=C(NC1=CC=C(OC2=CC=CC=C2)N=C1)C1=CC(=O)NC2=CC=C(F)C=C12
898,Z5278775666,CN1C(=O)NC2=CC(C(=O)NC3=CC(F)=CC=C3NC(=O)C3=CC=CC=N3)=CC=C2C1=O
899,PV-006600424628,O=C(NC1=CC=NC(OC2=CC=C(F)C=C2F)=C1)C1=CC=NN1C1=CC=NC=C1
900,PV-009631331343,N#CC1=C(NC(=O)NC2=CC=C(C3=CNC=N3)C=C2)C=CN(C2=CC=CC=C2)C1=O
901,PV-008729665545,COC1=CC=CC=C1C1=CNC=C1C(=O)NCC1=CC=C(C2=CNC(=O)C=C2)C=C1
902,PV-008412491864,O=C(NC1=CN(C2=CC=CC=C2)C(=O)C=C1)C1=CNC2=CC=C(F)C=C2C1=O
903,Z7611368013,O=C(NC1=CC=C(F)C(C(=O)C2=CNC3=CC=CC=C23)=C1)C1=C(F)C(O)=NC=N1
904,PV-008345023123,O=C(NCC1=CC=CC(N2C=CN=C2)=C1)C1=NOC(C2=C(F)C=C(F)C=C2F)=C1
905,PV-009345052696,COC1=CN=C2C=CC(C(=O)NC3=NC(C4=CC(F)=CC(C#N)=C4)=CC=C3)=CC2=N1
906,PV-009411075668,O=C(NC1=CC=C(N2C=CN=C2)C(F)=C1)NC1=CN(C2=CC=CC=C2)C(=O)C=C1
907,Z2198106331,O=C(NC(C1=CC(C(F)(F)F)=CC=C1)C1=NN=CN1)C1=CC(NC2=CC=CC=C2)=NC=N1
908,PV-006670792575,O=C(NC1=CON=C1C1=CC=CC=C1)C1=CN(C2=CC(F)=CC=C2)C(=O)C=C1
909,Z2203010816,COC(=O)C1=CC(NC(=O)COC2=CC=CC(OC3=CC=CC=N3)=C2)=CC2=C1C=CN2
910,Z1442212459,COC1=CC(C(=O)OCC2=CC=C(C(N)=O)C=C2F)=CC(OC)=C1OCC1=CC=CC=C1
911,PV-008723300820,CN1C=C(C(=O)NCC2=CC=C(C3=CC=C(C4=CC=CC=C4)C=C3)C=C2)N(C)C1=O
912,PV-007281806674,N#CC1=CC(C(=O)NCC2=CC=C(C3=CC=CC=C3C3=NN=NN3)C=C2)=CC=C1F
913,PV-007365339348,CN(C(=O)C1=CC=C(C2=CC=CN=C2)C=N1)C1=NC=C(OCC2=CC=CC=C2)C=N1
914,PV-005411701159,O=C(NC1=CN=C2C=CC=NC2=C1)C1=CC=C(C(=O)C2=CC(O)=CC=C2)C=C1
915,Z295598502,O=C(COC1=CC=CC(OC2=CC=CC=N2)=C1)OCC1=CC(=O)N2C=C(Cl)C=CC2=N1
916,Z1874312383,COC1=CC=CC(C(=O)C2=CC=C(C(=O)OCC3=CC=C4C(=C3)OC(=O)N4C)C=C2)=C1
917,Z816874910,NC(=O)CN(CC1=CC=C(C2=CC=CC=C2)C=C1)C(=O)CC1=CC2=CC=CC=C2O1
918,Z2224386775,CN1C=CC(CNC2=CC=C(C(=O)NCC3=CC=CC=C3OC3=CC=CC=N3)C(O)=C2)=N1
919,PV-005129798823,CC1=CC(C2=NC=CN2)=CC=C1NC(=O)C1=CN(C2=CC=CC=C2F)C(=O)C=C1
920,Z1550169158,COC1=CC=C(C(=O)NC2=CC(F)=CC=C2C(=O)NCC2=C3C=CC=CN3C(C)=N2)C=C1
921,PV-007919830255,NCC(NC(=O)C1=CC(F)=C(F)C=C1C(=O)C1=CC=CC=C1)C1=CC=CC=C1F
922,PV-007924084670,O=C(NC1=CC(C2=CC=CC=C2)=CC(C(F)(F)F)=C1)C1=CNC(=O)C2=CC=NN12
923,PV-008659830177,COC1=CC=C2NC(=O)C(COC(=O)C3=CC=CC(CC4=CC=CC=N4)=C3)=CC2=C1
924,Z1903459236,CC(NC(=O)NC1=CC=C(OC2=CC=CC(F)=C2F)N=C1)C1=NN=NN1C1=CC=CC=C1
925,Z1981785020,O=C(CNC(=O)C1=C(O)C2=CC=CC=C2N=C1)NC1=CC=CC(C2=NOC(C(F)F)=N2)=C1
926,PV-006450430104,N#CC1=CC(N2C=CC(C(=O)NC(C(N)=O)C3=CC=C4C=CC=CC4=C3)=N2)=CC=C1
927,PV-008324357237,O=C(NCC1=C(C2=CC=C(F)C=C2F)OC=N1)C1=CN=CN1C1=CC(F)=CC=C1
928,Z954167498,CC1=CC=CC(CC(CO)CNC(=O)NCC2=CN(C3=CC=CC=C3)N=C2C2=CC=NC=C2)=C1
929,PV-009649008430,O=C(NC1=NN(C2=CC=C(F)C(F)=C2)C=N1)C1=C(F)N(C2=CC=CC=C2)N=C1
930,PV-005506833940,O=C(NC1=CC=C(OCC2=CC=CC=C2F)C=C1)C1=CC=C(C2=NNC=N2)N=C1
931,Z4053439887,O=C(NCC1=CC=C(NC(=O)C2=CC=CC=C2O)C=C1)C1=CN(C2=CC=CN=C2)N=N1
932,Z1727901976,O=C(NCC1=CN(C2=CC=C(Cl)C=C2)N=C1)C1=CC=C(C2=CN=CN=C2)C=C1F
933,PV-008830574784,O=C(NC1=CN(C2=CC=CC=C2)C(=O)C=C1)C1=CN=C2C(F)=CC=CC2=C1
934,PV-009510733676,O=C(NC1=CC=C(C2=CC=CC=C2F)N=N1)NC1=NN(C2=CC=C(F)C=C2)N=C1
935,PV-007177425350,NCC1=CN2C=C(C(=O)NC3=CC=C(OC4=C(F)C(F)=CC=C4)N=C3)C=CC2=N1
936,PV-004971131028,O=C(NC1=CN(C2=C(F)C=CC=C2F)N=C1)C1=NOC(C2=CC=CC=C2O)=C1
937,PV-008874492052,CCC1=CC=CC(OC2=CC=C(C(=O)NCC3=CC(=O)N4C=CC=CC4=N3)C=C2)=C1
938,PV-005366882641,O=C(CN1C=C(F)C=CC1=O)OCC1=NC2=CC(F)=CC=C2N1C1=CC=CC=C1
939,PV-006908037071,COC1=CC=C2NC(C(=O)NC3=CC(CC4=CC=CC=C4)=CC=N3)=CC(=O)C2=C1
940,PV-009190733103,O=C(NCC1=CN=C(C2=CC=CC=C2)C=N1)NC1=NC=C(C2=CC(F)=CN=C2)C=N1
941,PV-004298442755,O=C(NCCC1=CC=C(O)C(CO)=C1)C1=CC=C(N2C=CC3=CC=CC=C32)C=C1
942,PV-004983465708,NC(=O)C(NC(=O)NC1=CN=C2C(F)=CC=CC2=C1)C1=CC=C2C=CC=CC2=C1
943,PV-007593357349,CC(C(=O)NC1=NN(C2=CC=CN=C2)N=C1)C1=CC=CC(C(=O)C2=CC=CC=C2)=C1
944,PV-008465480686,N#CC1=CC=CC=C1OC1=CC=C(NC(=O)CC2=CC=C(C3=NN=CN3)C=C2)C=N1
945,PV-005099108279,O=C(NCC1=CC=C(N2C=CN=C2)C=N1)C1=CN(C2=CC(F)=CC=C2)C(=O)C=C1
946,PV-008562448349,COC(=O)C1=CC=C2C=CC=C(CNC(=O)CC3=NN(C4=CC=CC=C4)C=C3)C2=C1
947,PV-009182648783,N#CC1=CC=CC=C1SC1=CC=CC=C1C(=O)NC1=CC2=C(C=N1)NC=NC2=O
948,PV-007845975255,C=CC1=CC=C(C(=O)NCC2=CC=CC=C2N2C=C(C3=CC=NC(N)=C3)N=N2)C=C1
949,PV-005420459115,N#CC1=CC(C2=CC=NC=C2)=CC(NC(=O)NC2=CN(C3=CC=CC=C3)N=N2)=C1
950,Z647269314,N#CC1=CC(CC2=CN=C(NC(=O)CNC(=O)C3=C(O)C4=CC=CC=C4N=C3)S2)=CC=C1
951,PV-008137990785,O=C(NCC1=CC=NC=C1)C1=CC=C(NC(=O)C2=CC=CC3=C2C=NNC3=O)C=C1
952,Z7628509090,N#CC1=CC=C([C@@H](O)C(=O)NC2=CC=C(OC3=NC4=CC=CC=C4O3)C=C2)C=C1
953,PV-007197110192,COC(=O)C1=CC=CC(C2=CC=CC=C2CNC(=O)C2=CC=C3NN=C(O)C3=C2)=C1
954,PV-005037916457,COC1=CC=CC=C1N1C=C(C2=CC(NC(=O)C3=CC=CN=C3)=CC=C2F)N=N1
955,Z1784219165,O=C(CN1C=NC2=CC=C(F)C=C2C1=O)NC(C1=CC=CC(C(F)(F)F)=C1)C1=NN=CN1
956,PV-009497801672,O=C(NC1=CC=CC(C2=CN=CN=C2)=C1)NC1=NN(C2=CC(F)=CC(F)=C2)C=N1
957,PV-005254457251,O=C(NCC1=CN(C2=CC=CC=C2C2=CC=CC=C2)N=N1)C1=CC(F)=CN=C1O
958,PV-009381123355,CN1C=C(CCC(=O)NC2=C(C#N)C(=O)N(C3=CC=CC=C3)C=C2)C2=CC=CC=C21
959,PV-007846702831,CN1C(C2=CC=C(C(=O)NC3=CC=C(OCC4=CC=CC=C4)N=C3)C=C2)=NNC1=O
960,Z1539795919,COC(=O)C(NC(=O)C1=CC=NC(OCC2=CC=CC=C2)=C1)C1=CC=C(F)C=C1F
961,PV-005674539538,O=C(NC1=CNN=C1C1=CN=CC=N1)C1=CC(COC2=CC(F)=CC=C2)=CC=C1
962,Z6477817564,N#CC1=CC=C(O)C(C2=CC(=O)N3C=CC=C(OCC4=CC=CC=C4)C3=N2)=C1
963,PV-007312614305,O=C(NCC(NC(=O)C1=CC=C2C=NC=CC2=C1)C1=CC=CC=C1F)C1=CNC=C1
964,Z136290926,CCN(CC)CC(NC(=O)C1=CC=C(N2C=NC3=CC=CC=C3C2=O)C=C1)C1=CC=CC=C1
965,PV-004250431141,O=C(NC1=CC(F)=C(N2C=CN=C2)C(F)=C1)C1=CN(C2=CC(O)=CC=C2)N=C1
966,Z1314239370,COC1=CC=C(CC(NC(=O)C2=NN=C3C=CC=CC3=C2N)C2=CC=CC=C2)C=C1OC
967,PV-005297218496,O=C(CC1=NOC(C2=CC=CC(C3=NNC(=O)C=C3)=C2)=N1)NC1=CC=CC=C1F
968,PV-008172891455,NCC1=CC=C(C2=CC=CC=C2C(=O)NC2=CC=C3C=CNC(=O)C3=C2)C=C1
969,Z1534158984,COC(=O)C(NC(=O)C1=CN(C2=CC=CC(C(F)(F)F)=C2)N=N1)C1=CC=C(F)C=C1F
970,Z2093121597,COC1=CC=CC(C(F)(F)CNC(=O)CC(O)C2=CC=C(OCC3=CC=CC=C3)C=C2)=N1
971,PV-008275670756,CN(CC1=CC=C(C(=O)NC2=CC=C(N3C=NN=N3)C(F)=C2)C=C1)C1=CC=CC=C1
972,Z2207744445,N#CC1=CC=C(C(=O)NCC(=O)NCC2=CC=C(C3=CC=CC=C3)C=C2F)C=C1
973,Z1926621185,O=C(NC1=CC=C(OC2=CC=CC=C2)N=C1)C1=CN=NN1C1=CC(F)=CC=C1
974,PV-006739802289,N#CC1=CC(F)=CC(CN2C(=O)N(C3=CC=C(C(=O)O)C=C3)C3=CC=CC=C32)=C1
975,Z1952505051,COC1=CC=CC(CC(NC(=O)C2=CC=C(N3C=CN=C3)C=N2)C2=CC=CC=C2)=C1
976,PV-006184200383,O=C(NC1=CC=C(CO)C=C1CO)C1=CC=C(N2C=CC3=CC=CC=C32)C=C1
977,PV-007468918682,COC(=O)C1=CC(C)=C2C=C(C(=O)NC3=CN=C(C4=CC(O)=CC=C4)N=C3)NC2=C1
978,PV-004914047797,O=C(NC1=CC=C(N2C=CC(=O)N2)C(F)=C1)C1=CC2=C(NC(=O)C=C2)C(F)=C1
979,Z1334416457,O=C(NCC1=CC(OC2=CC=C(F)C(F)=C2)=CC=N1)C1=CC(=O)NC2=CC=C(F)C=C12
980,Z2032639533,NC(=O)CN(CC1=CC=C(C2=CC=CC=C2)C=C1)C(=O)C1=NN(C2=CC=CC(F)=C2)C=C1O
981,PV-007460487165,O=C(NC1=CC=C(F)C(C2=CC=CC=C2)=C1)C1=NN(C2=CC=CC=C2)C(=O)C=C1O
982,PV-007990109447,O=C(NC1=CC=CN=C1)C1=CC=C(NC(=O)C2=CC3=C(NC(=O)C=C3)C(F)=C2)C=C1
983,PV-008005805600,O=C(NC1=CC=C(NC(=O)C2=CC(O)=CC=C2)N=C1)C1=CN=C2C(F)=CC=CC2=C1
984,PV-009899563110,O=C(NCC1=CC=C(C2=CN=CN=C2)C=C1)C1=CN(C2=CC(F)=CC=C2)C(=O)C=C1
985,PV-007660692684,N#CC1=CC=CC=C1OC1=CC=C(NC(=O)C2=CC=CC3=C2C=NNC3=O)C=C1F
986,PV-007578739093,O=C(NC1=CN=CC=C1OC1=CC=CC=C1)C1=NN(C2=CC=CC=C2F)C=CC1=O
987,Z806835110,CC1=CC=C2OC(C(=O)N(CC(N)=O)CC3=CC=C(C4=CC=CC=C4)C=C3)=CC(=O)C2=C1
988,Z1972080100,NC(=O)CN(CC1=CC=C(C2=CC=CC=C2)C=C1)C(=O)C1=CC2=CC=CC=C2C(=O)O1
989,Z1411384423,NC(=O)C1=CC=C(CSC2=NC=CC=C2C(=O)NCC2=C(C3=CC=CC=C3)OC=N2)C=C1
990,PV-006653925122,O=C(NC1=CC=C(C2=CNC(=O)N2)C=C1)C1=CC=C(OC2=CC(F)=CC=C2)C=N1
991,PV-007993511559,CN(CC1=CC=CNC1=O)C(=O)C1=CC=C(N2N=CC=C2C2=CC=C(F)C=C2)C=C1
992,PV-005228146608,O=C(NC1=CC=C(C2=CNC(=O)N2)C=C1)C1=CN(C2=CC=CC=C2F)C(=O)C=C1
993,Z7663592394,CN1C=NC2=CC=C(C(=O)NC3=CC=C(OC4=CC=CC=C4)C(C#N)=C3)C=C2C1=O
994,PV-005856175865,O=C(NC1=CC=C(C2=CNC(=O)N2)C=C1)C1=CC(CC2=CC=CC=C2)=CC=C1O
995,Z806833632,NC(=O)CN(CC1=CC=C(C2=CC=CC=C2)C=C1)C(=O)CN1N=CC2=CC=CC=C2C1=O
996,PV-008275121083,O=C(NC1=NC(C2=CC(F)=CC(F)=C2)=CC=N1)C1=NN(C2=CC(F)=CN=C2)C=C1
997,PV-004613666780,O=C(NC1=CC=C(C2=CC=NC=C2)N=C1)C1=NN(C2=CC(F)=CC(F)=C2)C=C1
998,PV-007071806940,O=C(NCC1=CC=C(OC2=CC(F)=CC=C2)C=C1)C1=C(F)C2=C(C=C1)NC(=O)N2
999,Z7679000797,O=C(NCC1=NOC(C2=CC=C(F)C=C2F)=C1)C1=CC=CN=C1C1=CC=NC=C1
1000,PV-007639984377,CN1C(C(=O)NCC2=CNN=C2C2=CC=CC=C2)=CC=C1C(=O)C1=CC=CC=C1F
