Index,PDB Code,SMILES Chemical Structure
24,tmp-pdb-7RDY,CC1(C)CC[C@@]2(CC[C@]3(C)[C@@H]([C@@H]2C1)C(=O)C=C1[C@@]2(C)C=C(C#N)C(=O)C(C)(C)[C@@H]2CC[C@@]31C)C(O)=O
29,tmp-pdb-7RDY,[H][C@@]12[C@@H]3SC[C@]4(NCCC5=C4C=C(OC)C(O)=C5)C(=O)OC[C@H](N1[C@@H](O)[C@@H]1CC4=CC(C)=C(OC)C(O)=C4[C@H]2N1C)C1=C2OCOC2=C(C)C(OC(C)=O)=C31
36,tmp-pdb-7RDY,[H][C@@]12N(C)C3=CC(OC)=C(C=C3[C@@]11CCN3CC=C[C@@](CC)(C[C@@]22OC(=O)N(CCCl)C2=O)[C@@]13[H])[C@]1(C[C@H]2CN(C[C@](O)(CC)C2)CCC2=C1NC1=CC=CC=C21)C(=O)OC
35,tmp-pdb-7RDY,O[C@@H]1[C@@H](O)[C@@H](CC2=CC=CC=C2)N(CC2=CC=CC(=C2)C(=O)NC2=NC3=C(N2)C=CC=C3)C(=O)N(CC2=CC(=CC=C2)C(=O)NC2=NC3=C(N2)C=CC=C3)[C@@H]1CC1=CC=CC=C1
38,tmp-pdb-7RDY,C[C@@H]1C[C@H]2[C@@H]3CCC4=CC(=O)C=C[C@]4(C)C3=CC[C@]2(C)[C@H]1C(=O)CN1CCN(CC1)C1=CC(=NC(=N1)N1CCCC1)N1CCCC1
46,tmp-pdb-7RDY,[H][C@@]12CC[C@@](O)(C#CC)[C@@]1(C)C[C@H](C1=CC=C3OCOC3=C1)C1=C3CCC(=O)C=C3CC[C@@]21[H]
61,tmp-pdb-7RDY,CC[C@@]12C=CCN3CC[C@@]4([C@H]13)[C@@H](N(C)C1=CC(OC)=C(C=C41)[C@]1(C[C@@H]3C[C@H](C[N@@](C3)CC3=C1NC1=CC=CC=C31)C(C)(F)F)C(=O)OC)[C@](O)([C@@H]2OC(C)=O)C(=O)OC
3,tmp-pdb-7RDY,CC1(C)CCC2(CC1)N[C@H]([C@H](C1=C(F)C(Cl)=NC=C1)[C@]21C(=O)NC2=CC(Cl)=CC=C12)C(=O)N[C@@H]1CC[C@H](OC1)C(N)=O
0,tmp-pdb-7RDY,NC1=NC=NC2=C1N=CN2[C@@H]1O[C@@H]2CO[P@](S)(=O)O[C@@H]3[C@H](O)[C@@H](CO[P@](S)(=O)O[C@H]2[C@H]1O)O[C@H]3N1C=NC2=C1N=CN=C2N
7,tmp-pdb-7RDY,[H][C@@]12CC3=CC=C(OC4=C5C(CC[N+](C)(C)[C@]5([H])CC5=CC(OC6=C(OC)C=C(CCN1C)C2=C6)=C(O)C=C5)=CC(OC)=C4O)C=C3
65,tmp-pdb-7RDY,[H][C@@]1(CC[C@@]2(C)[C@@]([H])(CC[C@]3(C)[C@]2([H])C(=O)C=C2[C@]4([H])C[C@](C)(CC[C@]4(C)CC[C@@]32C)C(O)=O)C1(C)C)OC(=O)CCC(O)=O
40,tmp-pdb-7RDY,C[C@@H]1[C@@H]2NC[C@@H](C)C[C@H]2O[C@]11CC[C@H]2[C@@H]3CC[C@@H]4C[C@@H](CC[C@]4(C)[C@H]3CC2=C(C)C1)NS(C)(=O)=O
32,tmp-pdb-7RDY,CCC1=C2CN3C(=CC4=C(COC(=O)[C@]4(O)CC)C3=O)C2=NC2=CC=C(OC(=O)N3CCC(CCN4C=CC5=CC(=CC=C45)N4C(=O)NN=C4C4=CC(C(C)C)=C(O)C=C4O)CC3)C=C12
8,tmp-pdb-7RDY,CC1=CNC2=C(O)C=C3N(C[C@@H](CCl)C3=C12)C(=O)C1=CC2=CC(NC(=O)NC3=CC=C4NC(=CC4=C3)C(=O)N3C[C@@H](CCl)C4=C5C(C)=CNC5=C(O)C=C34)=CC=C2N1
31,tmp-pdb-7RDY,[H]N1C(=O)C(=C)OC2=CC(OC)=CC(C(=O)O[C@H]3COC(=O)C[C@@H](C4=CC(O)=C(O[C@]5([H])C6=C(C=C3C=C6)C3=CC=C[C@]53O[C@@H]3OC(C)(C)[C@H]([C@@H](O)[C@H]3O)N(C)C)C(Cl)=C4)[N+]([H])([H])[H])=C12
41,tmp-pdb-7RDY,NC1=C(C=C(NC2=CC=C(NC3=NC(Cl)=NC(NC4=CC=CC=C4S(O)(=O)=O)=N3)C(=C2)S(O)(=O)=O)C2=C1C(=O)C1=CC=CC=C1C2=O)S(O)(=O)=O
53,tmp-pdb-7RDY,[H][C@@]12N3CC[C@@]11C4=C(C=C(OC)C(=C4)[C@]4(C[C@H]5C[N@](C[C@](O)(CC)C5)CCC5=C4NC4=CC=CC=C54)C(=O)OC)N(C=O)[C@@]1([H])[C@](O)([C@H](OC(C)=O)[C@]2(CC)C=CC3)C(=O)OC
57,tmp-pdb-7RDY,CNC(=O)C1=CC(=CC=C1)C1=CC=C2C(N=C(N=C2N2CCOC[C@@H]2C)N2CCOC[C@@H]2C)=N1
50,tmp-pdb-7RDY,[H][C@@]1(CC[C@@]2([H])[C@]3([H])CC[C@@]4([H])NC(=O)C=C[C@]4(C)[C@@]3([H])CC[C@]12C)C(=O)NC1=CC(=CC=C1C(F)(F)F)C(F)(F)F
60,tmp-pdb-7RDY,[H][C@]12[C@@H](CC[C@]1(CO)CC[C@]1(C)[C@]2([H])CC[C@]2([H])[C@@]3(C)CC[C@H](O)C(C)(C)[C@]3([H])CC[C@@]12C)C(C)=C
4,tmp-pdb-7RDY,[H][C@@]12CC3=CC(OC4=CC=C(C[C@]5([H])N(C)CCC6=C5C(OC5=CC1=C(CCN2C)C=C5OC)=C1OCOC1=C6)C=C4)=C(OC)C=C3
9,tmp-pdb-7RDY,CN1N=C2CSCC3=NN(C)C(CSC4=CC5=C(C=CC=C5)C(OCCCC5=C(N(C)C6=C5C=CC(Cl)=C6C2=C1C)C(O)=O)=C4)=C3
49,tmp-pdb-7RDY,[H][C@]1(C[C@@H]2CN1C(=O)[C@@H](NC(=O)OCC(C)(C)CCCCC1=C3CN(CC3=CC=C1)C(=O)O2)C(C)(C)C)C(=O)N[C@@]1(C[C@H]1CC)C(=O)NS(=O)(=O)C1CC1
69,tmp-pdb-7RDY,[H][C@@]12CCCN1C(=O)[C@H](CC1=CC=CC=C1)N1C(=O)[C@](C)(NC(=O)[C@H]3CN(C)[C@]4([H])CC5=CNC6=CC=CC(=C56)[C@@]4([H])C3)O[C@@]21O
56,tmp-pdb-7RDY,[H][C@@]12C[C@H]3O[C@](C)(O[C@@]3(C(C)=O)[C@@]1(C)CC[C@@]1([H])[C@@]2([H])CCC2=CC(=O)CC[C@]12C)C1=CC=CC=C1
33,tmp-pdb-7RDY,CC[C@H]1OC(=O)[C@H](C)[C@@H](O[C@H]2C[C@@](C)(OC)[C@@H](O)[C@H](C)O2)[C@H](C)[C@@H](O[C@@H]2O[C@H](C)C[C@@H]([C@H]2O)N(C)C)[C@](C)(O)C[C@](C)(F)C(=O)[C@H](C)[C@@H](O)[C@]1(C)O
37,tmp-pdb-7RDY,CC(=O)O[C@H]1CC[C@@]2(C)[C@@H](CC[C@]3(C)[C@@H]2C(=O)C=C2[C@@H]4C[C@](C)(CC[C@]4(C)CC[C@@]32C)C(O)=O)C1(C)C
19,tmp-pdb-7RDY,COC1=CC=C2C3=C(C4CCCCC4)C4=CC=C5C=C4N3CC(=CC2=C1)C(=O)N(C)CCOCCN(C)S(=O)(=O)NC5=O
34,tmp-pdb-7RDY,CN1CCC2(COC3=CC4=C(C=C23)N(CC4)C(=O)C2=CC=C(C=C2)C2=C(C)C=C(C=C2)C2=NOC(C)=N2)CC1
6,tmp-pdb-7RDY,[H][C@]12CC=C3[C@]4([H])[C@@H](C)[C@H](C)CC[C@@]4(CC[C@@]3(C)[C@]1(C)C[C@@H](O)[C@@]1([H])[C@](C)(CO)[C@@H](O)[C@H](O)C[C@]21C)C(O)=O
1,tmp-pdb-7RDY,[H][C@@]12CC[C@]3(C)[C@]([H])(CCC4=C5CC(C)(C)CC[C@]5(C)[C@@H](O)C[C@@]34C)[C@@]1(C)CC[C@H](O)C2(C)C
43,tmp-pdb-7RDY,[H][C@]12C[C@@]3([H])[C@]4([H])CC[C@]5([H])C[C@@H](O)CC[C@]5(C)[C@@]4([H])CC[C@]3(C)[C@@]1([H])[C@H](C)[C@@]1(CC[C@H](C)CO1)O2
62,tmp-pdb-7RDY,COC(=O)NC1=NC2=CC(=CC=C2N1)C1(O)N(C(=O)C2=CC=CC=C12)C1=CC(Cl)=CC=C1C
22,tmp-pdb-7RDY,CC(=C)[C@@H]1CC[C@@]2(CC[C@]3(C)[C@H](CC[C@@H]4[C@@]5(C)CC=C(C6=CC=C(C=C6)C(O)=O)C(C)(C)[C@@H]5CC[C@@]34C)[C@@H]12)NCCN1CCS(=O)(=O)CC1
17,tmp-pdb-7RDY,[H][C@@]12[C@@H](C)[C@H](C)CC[C@@]1(CC[C@]1(C)C2=CC[C@]2([H])[C@@]3(C)CC[C@H](O)C(C)(C)[C@]3([H])CC[C@@]12C)C(O)=O
48,tmp-pdb-7RDY,CO[C@@H]1[C@@H](C[C@H]2O[C@]1(C)N1C3=C(C=CC=C3)C3=C1C1=C(C4=C(C=CC=C4)N21)C1=C3CNC1=O)N(C)C(=O)C1=CC=CC=C1
20,tmp-pdb-7RDY,C[C@]12C[C@H](C3=CC=C(C=C3)S(C)(=O)=O)C3=C4CCC(=O)C=C4CC[C@H]3[C@@H]1CC[C@@]2(O)C(F)(F)C(F)(F)F
26,tmp-pdb-7RDY,[H][C@]12C[C@@]3([H])[C@]4([H])CC=C5C[C@@H](O)C[C@@H](O)[C@]5(C)[C@@]4([H])CC[C@]3(C)[C@@]1([H])[C@H](C)[C@@]1(CC[C@@H](C)CO1)O2
59,tmp-pdb-7RDY,CO[C@@H]1[C@@H](O)[C@H](C)O[C@@H](O[C@H]2CC[C@@]3(C=O)[C@H](CC[C@@H]4[C@@H]3CC[C@]3(C)[C@H](CC[C@]43O)C3=CC(=O)OC3)C2)[C@H]1O
39,tmp-pdb-7RDY,[H][C@@]12CC[C@]3(C)[C@]([H])(CC=C4[C@]5([H])[C@@H](C)[C@H](C)CC[C@@]5(CC[C@@]34C)C(O)=O)[C@@]1(C)C[C@@H](O)[C@H](O)[C@@]2(C)CO
11,tmp-pdb-7RDY,[H][C@@]12CC[C@@]3(C[C@]1(CC3=C)CC[C@]1([H])[C@@](C)(CCC[C@@]21C)C(=O)O[C@@H]1O[C@H](CO)[C@@H](O)[C@H](O)[C@H]1O)O[C@@H]1O[C@H](CO)[C@@H](O)[C@H](O)[C@H]1O[C@@H]1O[C@H](CO)[C@@H](O)[C@H](O)[C@H]1O
67,tmp-pdb-7RDY,[H][C@@]12CC[C@@]3(CCC(C)(C)C(=O)O3)[C@@]1(C)CC[C@]1([H])C3=CC=C(C=C3CC[C@@]21[H])C(N)=O
25,tmp-pdb-7RDY,[H][C@@]12[C@@H]3SC[C@]4(NCCC5=C4NC4=CC=C(OC)C=C54)C(=O)OC[C@H](N1[C@@H](O)[C@@H]1CC4=CC(C)=C(OC)C(O)=C4[C@@]2([H])N1C)C1=C2OCOC2=C(C)C(OC(C)=O)=C31
18,tmp-pdb-7RDY,[H][C@@]12N3CC[C@@]11C4=CC(=C(OC)C=C4N(C)[C@@]1([H])[C@](O)([C@H](O)[C@]2(CC)C=CC3)C(N)=O)[C@]1(C[C@@]2([H])CN(C[C@](O)(CC)C2)CCC2=C1NC1=C2C=CC=C1)C(=O)OC
44,tmp-pdb-7RDY,CN1C(=O)N(C(=O)C2=C1C(F)=CC=C2)C1=C(C)C(=CC=C1)C1=C2C3=C(C[C@H](CC3)C(C)(C)O)NC2=C(C=C1F)C(N)=O
63,tmp-pdb-7RDY,[H][C@@]1(C[C@H](C)[C@@]([H])(O1)[C@]1(C)CC[C@@]([H])(O1)[C@]1(C)C[C@@H](C)[C@]2(O1)O[C@]([H])(C[C@@]1([H])CC[C@H](C)[C@@]([H])(O1)[C@@H](C)C(O)=O)C[C@@H](OC)[C@H]2C)[C@@]1([H])O[C@@](O)(CO)[C@H](C)C[C@@H]1C
27,tmp-pdb-7RDY,[H][C@]12[C@@H](CC[C@]1(C)CC[C@]1(C)[C@]2([H])CC[C@]2([H])[C@@]3(C)CC[C@H](O)C(C)(C)[C@]3([H])CC[C@@]12C)C(C)=C
68,tmp-pdb-7RDY,CC[C@H]1OC(=O)[C@H](C)[C@@H](O[C@H]2C[C@@](C)(OC)[C@@H](O)[C@H](C)O2)[C@H](C)[C@@H](O[C@@H]2O[C@H](C)C[C@@H]([C@H]2O)N(C)C)[C@](C)(O)C[C@@H](C)CN(C)[C@H](C)[C@@H](O)[C@]1(C)O
70,tmp-pdb-7RDY,OC(=O)C1=CC(F)=C2N=C(SC2=C1)N1[C@H]2CC[C@@H]1C[C@@H](C2)OCC1=C(ON=C1C1=C(OC(F)(F)F)C=CC=C1)C1CC1
2,tmp-pdb-7RDY,[H][C@@]1(CC[C@]2(O)[C@]3([H])CCC4=C[C@]([H])(CC[C@]4(C)[C@@]3([H])CC[C@]12C)O[C@]1([H])O[C@@]([H])(C)[C@]([H])(O)[C@@]([H])(O)[C@@]1([H])O)C1=COC(=O)C=C1
23,tmp-pdb-7RDY,[H][C@@]12C[C@@](C)(CC[C@]1(C)CC[C@]1(C)C3=CC=C4C(C)=C(O)C(=O)C=C4[C@]3(C)CC[C@@]21C)C(=O)OC
47,tmp-pdb-7RDY,C[C@H]1CCC[C@@]2(C)O[C@H]2C[C@H](OC(=O)C[C@H](O)C(C)(C)C(=O)[C@H](CC=C)[C@H]1O)C1=CC=C2SC(C)=NC2=C1
21,tmp-pdb-7RDY,[H][C@@]1(CC[C@]2(O)[C@]3([H])CC[C@]4([H])C[C@H](CC[C@]4(C)[C@@]3([H])CC[C@]12C)O[C@H]1C[C@H](O)[C@H](O[C@H]2C[C@H](O)[C@H](O[C@H]3C[C@H](OC(C)=O)[C@H](O)[C@@H](C)O3)[C@@H](C)O2)[C@@H](C)O1)C1=CC(=O)OC1
71,tmp-pdb-7RDY,[H][C@@]12CC3=C(F)C=C(NC(=O)CN4CCCC4)C(O)=C3C(=O)C1=C(O)[C@]1(O)C(=O)C(C(N)=O)=C(O)[C@@H](N(C)C)[C@]1([H])C2
55,tmp-pdb-7RDY,[H][C@@]1(C[C@@](O)(CC2=C(O)C3=C(C(O)=C12)C(=O)C1=C(C=CC=C1OC)C3=O)C(C)=NNC(=O)C1=CC=CC=C1)O[C@H]1C[C@H](N)[C@H](O)[C@H](C)O1
