ligand	avg_energy	max_energy	min_energy	avg_rsmd
NC(=O)NCc1cc2c(OP(=O)(O)O)ccc(C(=O)OCCCCc3cc(=O)[nH]o3)c2[nH]c1=O	Molecule_639	-7.181906	-6.752000	-7.976800	4.613391
NN1NC=CN1	Molecule_10	-3.286384	-2.963000	-3.832600	15.874142
O=C(O)CC[C@@H](O)C(=O)N1C(=CC=C2C=CCc3c2ccnc3O)C(=O)[C@@H](OP(=O)(O)O)[C@H](OP(=O)(O)O)[C@@H]1O	Molecule_880	-7.048288	-6.366200	-8.136300	6.561250
CC(=O)O[C@@H]1[C@H](CCCC(=O)N)OC(=C(C(=O)O)[C@@H]1O)[C@H](O)OP(=O)(O)O	Molecule_385	-6.159147	-5.546100	-7.376000	3.854290
O=C(O)CC[C@H](O)C(=O)N1C(=C2C=C3C=CC(=O)CC3=CC2)C(=O)[C@H](OP(=O)(O)O)[C@@H](OP(=O)(O)O)[C@H]1O	Molecule_756	-7.183632	-6.686000	-8.220700	5.303899
O=C(O)CCO[C@@H]1[C@H]2CO[C@H]3CCO[C@]3(CO[P@](=O)(O)O[P@](=O)(O)O[P@@](=O)(O)O[C@@H]1CO)O2	Molecule_601	-5.251252	-4.325000	-6.527800	4.643711
O=C(O)CC[C@@H](O)C(=O)N1C(=CC=c2cc(F)c(=CC(F)(F)F)c3c2CCC3)C(=O)[C@H](OP(=O)(O)O)[C@@H](OP(=O)(O)O)[C@@H]1O	Molecule_1170	-7.570248	-6.891900	-8.926800	4.900650
O=C(O)CC[C@@H](O)C(=O)N1C(=C2C=C(C=CCC3=CC=NCC3)C=CC2)C(=O)[C@@H](OP(=O)(O)O)[C@@H](OP(=O)(O)O)[C@H]1O	Molecule_1016	-7.242706	-6.629900	-8.061400	5.313817
CCc1cc(O)ccc1C#CCC=CC=C1C(=O)[C@@H](OP(=O)(O)O)[C@H](OP(=O)(O)O)[C@H](O)N1C(=O)[C@H](O)CCC(=O)O	Molecule_997	-7.538544	-7.014000	-8.346400	4.372777
NC(=O)CC=C1CC(=O)C=C2CC3=CCC(=C4C(=O)[C@@H](OP(=O)(O)O)[C@H](OP(=O)(O)O)[C@H](O)N4C(=O)[C@@H](O)CCC(=O)O)C=C3C=C12	Molecule_1466	-6.972502	-6.223400	-8.516900	8.043819
CCC(=CC=C1C(=O)[C@@H](OP(=O)(O)O)[C@H](OP(=O)(O)O)[C@H](O)N1C(=O)[C@@H](O)CCC(=O)O)C=CC1=CC=C(C)CC1	Molecule_925	-6.768402	-6.127500	-8.270400	6.226713
CC(=O)O[C@@H]1[C@@H](C[C@H]2O[C@H]3CCC[C@@H]2OC3)OC(=C(C(=O)O)[C@@H]1O)[C@H](O)OP(=O)(O)O	Molecule_560	-6.098002	-5.530600	-7.055000	4.707355
CC1=C(C(=O)N=C2C=CC3=CC(=C4C(=O)[C@@H](OP(=O)(O)O)[C@H](OP(=O)(O)O)[C@H](O)N4C(=O)[C@H](O)CCC(=O)O)CC=C3C2)C=C[C@@H](F)C1	Molecule_1588	-7.690084	-7.050200	-9.508600	7.289392
CC=CCC=CC1=CC(=C2C(=O)[C@@H](OP(=O)(O)O)[C@H](OP(=O)(O)O)[C@H](O)N2C(=O)[C@@H](O)CCC(=O)O)CCC1	Molecule_785	-7.028818	-6.565400	-7.615900	5.832589
O=C(O)CCO[C@H]1CO[C@H](C(=O)O)CO[P@](=O)(O)O[P@@](=O)(O)O[P@](=O)(O)O[C@H]1CO	Molecule_517	-4.604286	-3.945800	-5.461600	3.838792
O=C(O)CC[C@@H](O)C(=O)N1C(=C2C=c3ccc(=C4C=C5CCN=C5C[C@@H]4F)nc3CC2)C(=O)[C@H](OP(=O)(O)O)[C@@H](OP(=O)(O)O)[C@@H]1O	Molecule_1446	-7.145354	-6.484000	-8.465700	7.502513
NC(=O)[C@@H]1C=CC2=CC(=C3C(=O)[C@H](OP(=O)(O)O)[C@H](OP(=O)(O)O)[C@@H](O)N3C(=O)[C@H](O)CCC(=O)O)CC=C2C1	Molecule_861	-7.125050	-6.285200	-8.433200	7.178854
O=C(O)OC[C@@H](COP(=O)(O)O)[C@H](O)C(=O)O	Molecule_57	-6.078178	-5.489400	-6.814900	3.093456
O=C(O)CC[C@H](O)C(=O)N1C(=CC=C2C=C(F)C=CC2=O)C(=O)[C@H](OP(=O)(O)O)[C@@H](OP(=O)(O)O)[C@H]1O	Molecule_735	-7.243240	-6.746000	-8.242200	4.366352
CC(=CC=C1C(=O)[C@H](OP(=O)(O)O)[C@@H](OP(=O)(O)O)[C@H](O)N1C(=O)[C@@H](O)CCC(=O)O)CC#CC1=CC=C[C@@H]2CCC=C12	Molecule_1123	-8.072508	-7.370300	-8.951900	4.993211
NC1=NCNC(=C1C(=O)N[C@H](C(=O)OP(=O)(O)O)[C@H](O)CCC(=O)O)N	Molecule_340	-6.422854	-6.014600	-7.158900	3.444468
CC1=CC(=C2C=CC=CC2)CC2=CCC(=C3C(=O)[C@@H](OP(=O)(O)O)[C@H](OP(=O)(O)O)[C@H](O)N3C(=O)[C@@H](O)CCC(=O)O)C=C12	Molecule_1249	-7.201510	-6.460600	-8.313600	7.001260
CC1=CC(=C2CCCC2=N)CC2=CCC(=C3C(=O)[C@H](OP(=O)(O)O)[C@H](OP(=O)(O)O)[C@@H](O)N3C(=O)[C@H](O)CCC(=O)O)C=C12	Molecule_1210	-7.336208	-6.631200	-8.514000	8.866705
O=c1ncn([C@@H]2O[C@H](CO)[C@@H](O)[C@@H]2O[P@@](=O)(O)OP(=O)(O)O)c(=O)[nH]1	Molecule_282	-6.770458	-6.012700	-7.743700	4.585666
O=C(O)NC[C@H]1[C@@H](OP(=O)(O)O)CO[C@@H](O)[C@@H]1O	Molecule_68	-5.985612	-5.336800	-6.929700	3.882307
O=C(O)CC[C@@H](O)C(=O)N1C(=C2C=C(C=C[C@H]3C[C@H](O)C=C4CCC=C34)C=CC2)C(=O)[C@@H](OP(=O)(O)O)[C@H](OP(=O)(O)O)[C@H]1O	Molecule_1263	-7.719116	-7.060400	-8.765300	4.379121
CCCC(=C1CCNCC1)C#CCC(=CC=C1C(=O)[C@H](OP(=O)(O)O)[C@@H](OP(=O)(O)O)[C@H](O)N1C(=O)[C@@H](O)CCC(=O)O)C	Molecule_1221	-7.199590	-6.714000	-7.939000	5.145128
CC1=C(O)[C@H](CC(=O)O)C[C@H]1N(C(=O)CCC(=O)O)[C@@H](O)C(=O)C(=O)O	Molecule_309	-6.500492	-6.028000	-7.164800	3.640351
NC(=O)c1cc(C(=O)OP(=O)(O)O)ccc1O	Molecule_61	-6.242508	-5.589500	-7.418200	4.085522
O=C(O)CC[C@H](O)C(=O)N1C(=CC=C2CCCCC2=O)C(=O)[C@@H](OP(=O)(O)O)[C@@H](OP(=O)(O)O)[C@@H]1O	Molecule_666	-7.098222	-6.373500	-8.223000	4.673254
Nc1ccc2c(c1)CC1=CC(=C3C(=O)[C@H](OP(=O)(O)O)[C@@H](OP(=O)(O)O)[C@H](O)N3C(=O)[C@H](O)CCC(=O)O)CC=C1C2	Molecule_1033	-7.123026	-6.343700	-9.422500	7.757289
O=C(O)CC[C@@H](O)[C@H](CO[P@](=O)(O)OP(=O)(O)O)OC(=O)O	Molecule_160	-6.418432	-5.839300	-7.480300	3.202359
CC(=O)O[C@@H]1[C@@H](CCC[C@@H](O)CO)OC(=C(C(=O)O)[C@@H]1O)[C@H](O)OP(=O)(O)O	Molecule_444	-6.254350	-5.793800	-6.923400	3.842045
O=C(O)C=C1CC(=O)C=C2CC3=CCC(=C4C(=O)[C@H](OP(=O)(O)O)[C@@H](OP(=O)(O)O)[C@H](O)N4C(=O)[C@H](O)CCC(=O)O)C=C3C=C12	Molecule_1420	-7.067680	-6.329000	-8.582000	10.121026
O=C(O)CC[C@H](O)C(=O)N1C(=C2C=C3C(=CC2)CC2=C4CCC=NC4=C[C@H]4NN=C3[C@@H]24)C(=O)[C@@H](OP(=O)(O)O)[C@@H](OP(=O)(O)O)[C@@H]1O	Molecule_1444	-7.222852	-6.371800	-8.915600	6.462139
O=C(O)O[C@@H](COC(=O)CO)CO[C@@H]1C[C@@H](O)[C@@H](O)[C@H](O[P@](=O)(O)OP(=O)(O)O)[C@H]1O	Molecule_543	-6.506512	-5.992100	-7.221600	4.055509
COC(=O)C=C1CC(=O)C=C2CC3=CCC(=C4C(=O)[C@H](OP(=O)(O)O)[C@H](OP(=O)(O)O)[C@@H](O)N4C(=O)[C@@H](O)CCC(=O)O)C=C3C=C12	Molecule_1474	-6.656342	-6.030900	-7.450600	9.126424
CO[C@@H](O)CCC(=O)N[C@@H](C(=O)OP(=O)(O)O)[C@H](O)CCC(=O)O	Molecule_250	-6.145610	-5.693600	-6.757200	3.456226
CC=C1C=C(C2=CC(=C3C(=O)[C@H](OP(=O)(O)O)[C@@H](OP(=O)(O)O)[C@@H](O)N3C(=O)[C@H](O)CCC(=O)O)CC=C2)C[C@@H]2CC(=O)CC[C@H]12	Molecule_1412	-7.481384	-6.933200	-8.861900	8.260053
O=P(O)(O)O[P@@](=O)(O)OC[C@@H]1OC(=C(O)CO)[C@@H](CO)O1	Molecule_127	-6.003218	-5.546300	-6.879000	3.776295
O=C(O)CC[C@H](O)C(=O)N1C(=C2C=C(C=CCC3=CC4=C(CCC4)CC3)CCC2)C(=O)[C@@H](OP(=O)(O)O)[C@H](OP(=O)(O)O)[C@H]1O	Molecule_1279	-7.885282	-7.302400	-8.743600	5.861433
C[C@@H]1Cc2ccnnc2CC1=CC=C1C(=O)[C@H](OP(=O)(O)O)[C@@H](OP(=O)(O)O)[C@H](O)N1C(=O)[C@@H](O)CCC(=O)O	Molecule_837	-7.548969	-6.751400	-9.269800	5.377021
O=C(O)c1cc2c(cc1O)[C@@H](c1cccc(C(F)(F)F)c1)C(=O)N2	Molecule_236	-6.961410	-6.456600	-8.101800	5.881939
CC[C@H]1CC[C@@H]2CNCCC2=C1C#CCC(=CC=C1C(=O)[C@H](OP(=O)(O)O)[C@H](OP(=O)(O)O)[C@@H](O)N1C(=O)[C@@H](O)CCC(=O)O)C	Molecule_1397	-7.802698	-7.170800	-8.844800	4.307830
O=C(O)CC[C@@H](O)C(=O)N1C(=c2ccc3=CC=Cc3c2)C(=O)[C@@H](OP(=O)(O)O)[C@H](OP(=O)(O)O)[C@@H]1O	Molecule_691	-7.199416	-6.507100	-8.281000	5.222413
Cn1cc([C@@H]2C(=O)Nc3cc(C(=O)O)c(O)cc23)cn1	Molecule_101	-6.426294	-5.885300	-7.591900	5.028713
CON=C1C=C(C2=CC(=C3C(=O)[C@@H](OP(=O)(O)O)[C@H](OP(=O)(O)O)[C@@H](O)N3C(=O)[C@H](O)CCC(=O)O)CCC2)CC2=C1C=CC2	Molecule_1289	-7.920788	-7.225300	-9.061100	6.540366
O=C(O)CCO[C@H]1[C@@H](O)COC(=O)CO[P@](=O)(O)O[P@](=O)(O)OC[C@@H](O)[C@H]1O	Molecule_422	-4.677698	-4.189000	-5.402400	3.651058
NC(=O)NCc1cc2c(OO)ccc(C(=O)O)c2[nH]c1=O	Molecule_143	-6.825892	-6.143200	-8.103900	4.036244
O=C(O)CC[C@H](O)C(=O)N1C(=C2C=C(CC3=CCC=CC3)C=CC2)C(=O)[C@H](OP(=O)(O)O)[C@@H](OP(=O)(O)O)[C@@H]1O	Molecule_888	-7.076159	-6.548800	-8.312500	5.167250
C=CCCC(=O)N1C(=Cc2ccccc2O)O[C@H]2O[P@@](=O)(O)Oc3c(CNC(=O)C)ccc1c23	Molecule_635	-7.386140	-6.802600	-9.010300	5.046690
C[C@@H]1C[C@H](O[P@](=O)(O)OP(=O)(O)O)[C@H](OC(=NOCCO)CCC(=O)O)[C@H]1O	Molecule_441	-6.114574	-5.791600	-7.083300	4.141353
COC(=O)Nc1ccc2=CC(=C3C(=O)[C@@H](OP(=O)(O)O)[C@H](OP(=O)(O)O)[C@@H](O)N3C(=O)[C@H](O)CCC(=O)O)CC=c2c1	Molecule_995	-6.929276	-6.275100	-8.337800	7.599970
O=C(O)[C@H]1C(=C=C([C@H](O)[C@@H](O)CO)C(=C1OP(=O)(O)O)O)O	Molecule_161	-6.365682	-5.789500	-7.517900	4.536042
C[C@@H]1C(=O)NO[C@H]1CO[P@](=O)(O)OC[C@@H](CC(=O)O)OP(=O)(O)O	Molecule_235	-6.717772	-6.169500	-7.567800	4.070743
O=C(O)CO[C@@H]1[C@H](O)C(=O)OC(=O)CO[P@@](=O)(O)O[P@@](=O)(O)OC[C@H](O)[C@H]1O	Molecule_407	-5.194292	-4.700800	-6.068600	3.811379
CCC1=C[C@H](O)C=C1C#CCC=CC=C1C(=O)[C@@H](OP(=O)(O)O)[C@@H](OP(=O)(O)O)[C@@H](O)N1C(=O)[C@H](O)CCC(=O)O	Molecule_967	-7.200608	-6.687800	-8.056100	4.705119
C=CCCCOC[C@H](OP(=O)(O)O)[C@H](CC(=O)OC)OP(=O)(O)O	Molecule_233	-5.807356	-5.296500	-6.811000	3.555661
C[C@H](OC1(C(=O)N2CCC=C(O)C2)CCCC1)[C@H](C=CO)OP(=O)(O)O	Molecule_356	-6.313680	-5.758400	-7.408100	4.153466
CC=C(C)N=C1C=CC2=CC(=C3C(=O)[C@@H](OP(=O)(O)O)[C@@H](OP(=O)(O)O)[C@H](O)N3C(=O)[C@@H](O)CCC(=O)O)CC=C2C1	Molecule_1035	-6.915418	-6.228200	-8.191100	6.670573
CC1(C)C=C(CCCCOC(=O)c2ccc(OP(=O)(O)O)c3cc(CNC(=O)N)c(=O)[nH]c23)ON1	Molecule_657	-7.144028	-6.747000	-8.180200	4.824342
C[C@H](CO)O[C@H](C(=O)O)N1C=CN=C2CC(=CC=C12)C(=O)O	Molecule_173	-6.409928	-5.838300	-7.486000	4.993850
O=C(O)CCc1cc(NC(=O)O)c(O)c(OC(=O)C(=O)O)c1	Molecule_166	-6.519386	-5.986200	-7.200000	3.530117
O=C(O)OCCNC(=O)OCO[C@H](CO)CO[P@@](=O)(O)OP(=O)(O)O	Molecule_281	-5.954658	-5.686900	-6.835200	3.425362
O=C(O)CC[C@@H](O)C(=O)N1C(=C2C=C[C@H]3CCCC(=O)C3=C2)C(=O)[C@H](OP(=O)(O)O)[C@@H](OP(=O)(O)O)[C@H]1O	Molecule_738	-6.581638	-5.881200	-7.615800	5.247502
O=C(O)C[C@@H]1N[C@@H]([C@@H](O[P@](=O)(O)OP(=O)(O)O)[C@@H](O)CO)O[C@@H](CO)[C@H]1O	Molecule_371	-6.242388	-5.758900	-7.111100	3.392737
O=C(O)CC[C@@H](O)C(=O)N1C(=C2C=C3C(=CC2)CC2=CC(=O)CC[C@@H]4CCC3=C24)C(=O)[C@H](OP(=O)(O)O)[C@@H](OP(=O)(O)O)[C@@H]1O	Molecule_1271	-6.386024	-5.852300	-7.591300	7.882959
CCNC(=O)[C@H](O[P@@](=O)(O)OP(=O)(O)O)C1=CN[C@H](C(=O)O)C1	Molecule_193	-6.447160	-5.935800	-7.191400	3.941957
O=C(O)CC[C@@H](O)C(=O)N1C(=C2C=C(c3ccc4c(c3)CCOC4)C=CC2)C(=O)[C@@H](OP(=O)(O)O)[C@H](OP(=O)(O)O)[C@H]1O	Molecule_1087	-7.716298	-7.072800	-8.990700	5.197511
O=C(O)CC[C@@H](O)C(=O)N1C(=C2C=C3C=CCC=C3CC2)C(=O)[C@H](OP(=O)(O)O)[C@H](OP(=O)(O)O)[C@H]1O	Molecule_705	-6.807878	-6.087000	-7.895900	4.702825
CCCCC=C1C=C(C)C2=CC(=C3C(=O)[C@@H](OP(=O)(O)O)[C@@H](OP(=O)(O)O)[C@H](O)N3C(=O)[C@@H](O)CCC(=O)O)CC=C2C1	Molecule_1095	-6.288338	-5.713800	-7.827200	8.578616
O=C(O)CC[C@@H](O)C(=O)N1C(=C2C=C3CC4=CC[C@H]5CCCCC5=C4CC3=CC2)C(=O)[C@@H](OP(=O)(O)O)[C@H](OP(=O)(O)O)[C@@H]1O	Molecule_1307	-6.909306	-6.142800	-9.106300	9.699176
CC1=CC(=C[C@H]2CCNC2)CC2=CCC(=C3C(=O)[C@@H](OP(=O)(O)O)[C@H](OP(=O)(O)O)[C@@H](O)N3C(=O)[C@@H](O)CCC(=O)O)C=C12	Molecule_1222	-7.113798	-6.497500	-8.412400	9.413293
CC(=CC=C1C(=O)[C@@H](OP(=O)(O)O)[C@H](OP(=O)(O)O)[C@@H](O)N1C(=O)[C@@H](O)CCC(=O)O)C(=O)O	Molecule_623	-6.651608	-5.951300	-8.187600	3.939569
O=C(O)CC[C@@H](O)C(=O)N1C(=C2C=C(c3ccc4c(c3)CCC(=O)N4)C=CC2)C(=O)[C@H](OP(=O)(O)O)[C@@H](OP(=O)(O)O)[C@H]1O	Molecule_1250	-7.458702	-6.665100	-9.254500	6.789525
O=C(O)[C@H]1O[C@H]([C@@H](O[P@@](=O)(O)OP(=O)(O)O)[C@H](O)CO)N[C@@H](CCO)[C@@H]1O	Molecule_392	-6.371128	-5.882400	-7.447400	3.713227
C[C@H]1CO[C@@H]2[C@@H](CC(=O)OCCC(=O)O)C[C@H](O[P@](=O)(O)OP(=O)(O)O)[C@]2(CO)O1	Molecule_506	-6.264016	-5.785200	-6.846000	4.738113
O=C(O)CC[C@@H](O)C(=O)N1C(=C2C=C3C(=CC2)Cc2c[nH]c4c2[C@@H]3CC(=C4)C(=O)O)C(=O)[C@H](OP(=O)(O)O)[C@@H](OP(=O)(O)O)[C@@H]1O	Molecule_1386	-6.923432	-6.202000	-8.121000	6.955917
C=C1C[C@H]2CC(=C(C#CCC=CC=C3C(=O)[C@@H](OP(=O)(O)O)[C@@H](OP(=O)(O)O)[C@H](O)N3C(=O)[C@H](O)CCC(=O)O)[C@H]2C1)C	Molecule_1071	-7.195386	-6.494600	-8.613100	5.535044
O=CNC(=O)NCOP(=O)(O)O	Molecule_31	-5.063476	-4.533900	-5.754300	5.080198
O=C(O)CC[C@H](O)C(=O)N1C(=C2C=C3C=CC(=CC4=CCCC4)CC3=CC2)C(=O)[C@H](OP(=O)(O)O)[C@H](OP(=O)(O)O)[C@@H]1O	Molecule_1072	-6.762278	-5.711000	-7.883200	7.194144
O=C(O)CC[C@@H](O)C(=O)N1C(=CC=C2CCc3cc(=O)[nH]nc3C2)C(=O)[C@@H](OP(=O)(O)O)[C@@H](OP(=O)(O)O)[C@H]1O	Molecule_881	-7.000938	-6.292600	-8.370500	5.348178
CC=C1C=C(C2=CC(=C3C(=O)[C@@H](OP(=O)(O)O)[C@@H](OP(=O)(O)O)[C@@H](O)N3C(=O)[C@@H](O)CCC(=O)O)CC(=C2)F)CC2=CC(=O)CC[C@@H]12	Molecule_1503	-7.409026	-6.768500	-9.213300	7.656842
C=CCCCOC[C@H](O[P@](=O)(O)OP(=O)(O)O)[C@H](CC(=O)OC)OP(=O)(O)O	Molecule_435	-6.110202	-5.717700	-6.530800	3.495942
CC=C1CCC2=CC(=CC=C3C(=O)[C@H](OP(=O)(O)O)[C@H](OP(=O)(O)O)[C@@H](O)N3C(=O)[C@@H](O)CCC(=O)O)C=C[C@H]12	Molecule_885	-7.604945	-1.197700	-9.142100	4.708180
CC(=CC=C1C(=O)[C@H](OP(=O)(O)O)[C@@H](OP(=O)(O)O)[C@@H](O)N1C(=O)[C@@H](O)CCC(=O)O)CC#CC1=CCCCC1	Molecule_879	-7.219014	-6.773700	-7.762900	5.003592
O=C(O)C1=C([C@H](O)OP(=O)(O)O)O[C@H]([C@H]2C[C@H](O)[C@@H](O)CO2)C(=O)C1=O	Molecule_349	-7.023742	-6.518900	-7.813400	4.401199
C=C1CCC=CC1=C1C=CC2=CC(=C3C(=O)[C@@H](OP(=O)(O)O)[C@H](OP(=O)(O)O)[C@@H](O)N3C(=O)[C@@H](O)CCC(=O)O)CC=C2C1	Molecule_1167	-7.192624	-6.430700	-8.622900	6.817934
CCC(=CC(=O)NC(=O)[C@H](O)[C@@H](CNC(=O)O)COP(=O)(O)O)C1=CCC=C1	Molecule_429	-7.160374	-6.901400	-7.584500	5.468355
CC1=CCC(=C2C(=O)[C@@H](OP(=O)(O)O)[C@@H](OP(=O)(O)O)[C@H](O)N2C(=O)[C@H](O)CCC(=O)O)C=C1CCC=C1OCOC1=O	Molecule_1150	-7.194532	-6.503900	-8.931900	6.163432
O=C(O)CCC[C@@H](COP(=O)(O)O)NC(=O)C(=O)O	Molecule_80	-5.964194	-5.357000	-6.958200	3.205622
CC(=O)NCc1ccc2c3c1O[P@@](=O)(O)O[C@@H]3OC(=O)N2CCO	Molecule_258	-7.291634	-6.681800	-8.266900	4.693470
O=C(O)CC[C@@H](O)C(=O)N1C(=C2C=c3ccc(=C4C=CCCC4)nc3CC2)C(=O)[C@H](OP(=O)(O)O)[C@@H](OP(=O)(O)O)[C@@H]1O	Molecule_1148	-6.558210	-5.812600	-7.926400	8.952726
O=P(O)(O)O[P@](=O)(O)OC[C@@H](O)CO	Molecule_38	-5.164042	-4.657000	-5.692500	3.711648
O=C(O)CC[C@@H](O)C(=O)N1C(=C2C=c3cc(F)c(=CC(F)(F)F)c4c3[C@H](CCC4)C2)C(=O)[C@H](OP(=O)(O)O)[C@@H](OP(=O)(O)O)[C@@H]1O	Molecule_1401	-7.193650	-6.552500	-8.331900	7.121387
O=C(C[C@@H](OP(=O)(O)O)[C@@H](COCCCO)O[P@@](=O)(O)OP(=O)(O)O)OCCO	Molecule_480	-6.694360	-6.337300	-7.472600	3.508714
CC(=CC=C1C(=O)[C@@H](OP(=O)(O)O)[C@@H](OP(=O)(O)O)[C@@H](O)N1C(=O)[C@H](O)CCC(=O)O)CC#Cc1c(C)ccc2c1CCNC2	Molecule_1269	-7.674820	-7.180700	-8.389300	5.016999
O=C(O)CC[C@H](O)C(=O)N1C(=C2C=C3C(=CC2)CCC2=C3CC(=C2)C(=O)O)C(=O)[C@@H](OP(=O)(O)O)[C@H](OP(=O)(O)O)[C@@H]1O	Molecule_1076	-7.165460	-6.521600	-8.814000	6.454346
O=C(O)CC[C@@H](O)C(=O)N1C(=C2C=C3C=CC[C@H](O)C3=CC2)C(=O)[C@H](OP(=O)(O)O)[C@H](OP(=O)(O)O)[C@H]1O	Molecule_764	-7.109854	-6.262000	-8.601200	6.066737
O=C(O)NC(=O)C[C@H](OP(=O)(O)O)[C@H](COCC[C@@H]1C=Cc2c(ccc3c2OCC=C3)C1)OP(=O)(O)O	Molecule_709	-7.368194	-7.017800	-7.882500	4.548042
CC(=O)O[C@H]1[C@@H](C[C@@H]2OCCO[C@@H]2O)OC(=C(C(=O)O)[C@H]1O)[C@H](O)OP(=O)(O)O	Molecule_475	-6.210969	-5.677100	-7.474800	3.858210
CCC(=O)NC(=O)[C@H](O)[C@H](CNC(=O)O)COP(=O)(O)O	Molecule_128	-6.520592	-6.016400	-7.292800	3.884429
CN(O)C1=CCC2=CC(=C3C(=O)[C@@H](OP(=O)(O)O)[C@H](OP(=O)(O)O)[C@H](O)N3C(=O)[C@@H](O)CCC(=O)O)CC=C2C1	Molecule_826	-6.502764	-5.837000	-7.875600	7.884502
O=C1C=C([C@H]2C(=O)Nc3cc(C(=O)O)c(O)cc23)C(=O)N1	Molecule_147	-6.721543	-6.114100	-8.023700	5.383339
C[C@@H]1C[C@@]2(C=CC1=CC=C1C(=O)[C@H](OP(=O)(O)O)[C@H](OP(=O)(O)O)[C@@H](O)N1C(=O)[C@H](O)CCC(=O)O)CC[C@@H]1CC=C(O)C(=C21)F	Molecule_1352	-7.780140	-6.994900	-8.916900	8.392322
CNC(=O)NCc1cc2c(cc1O[P@@](=O)(O)O[P@](=O)(O)OP(=O)(O)O)OC[C@@H](C)O2	Molecule_520	-7.272562	-6.679600	-8.195500	3.992948
O=C(O)CC[C@@H](O)C(=O)N1C(=C2C=C(C3=CCC4=C(CC=C(O)C4)C3)C=CC2)C(=O)[C@H](OP(=O)(O)O)[C@H](OP(=O)(O)O)[C@H]1O	Molecule_1182	-7.366994	-6.609300	-8.885900	6.666057
CCc1ccccc1C#CCC=CC=C1C(=O)[C@@H](OP(=O)(O)O)[C@@H](OP(=O)(O)O)[C@@H](O)N1C(=O)[C@@H](O)CCC(=O)O	Molecule_923	-7.554012	-6.989400	-8.910100	3.794426
NC(=O)NC(=O)C[C@@H](OP(=O)(O)O)[C@@H](COCC(=O)O)O[P@](=O)(O)OP(=O)(O)O	Molecule_467	-7.089188	-6.759800	-7.572000	3.472454
NC(=O)CCC(=NO)C=CC1=CC(=C2C(=O)[C@H](OP(=O)(O)O)[C@H](OP(=O)(O)O)[C@H](O)N2C(=O)[C@H](O)CCC(=O)O)CCC1	Molecule_1141	-6.276066	-5.724400	-7.521600	6.354291
O=C(O)CC[C@@H](O)C(=O)N1C(=C2C=C[C@@H]3C=CC=CC3=C2)C(=O)[C@H](OP(=O)(O)O)[C@@H](OP(=O)(O)O)[C@@H]1O	Molecule_714	-6.716002	-5.999000	-8.164100	6.992438
CC1=CC(=C2C(=O)[C@H](OP(=O)(O)O)[C@@H](OP(=O)(O)O)[C@@H](O)N2C(=O)[C@H](O)CCC(=O)O)CC=C1	Molecule_633	-6.922928	-6.121700	-7.947100	4.503972
C=C1C=CCC(=N)C1=C1C=C(C)C2=CC(=C3C(=O)[C@@H](OP(=O)(O)O)[C@@H](OP(=O)(O)O)[C@H](O)N3C(=O)[C@@H](O)CCC(=O)O)CC=C2C1	Molecule_1417	-7.519339	-6.806800	-8.968800	8.380469
CCCC[C@H]1／C=C(／OCC(=O)O)＼[C@@H](CO)O[P@](=O)(O)O[P@@](=O)(O)O[P@](=O)(O)OC1	Molecule_487	-4.913870	-4.069500	-6.154900	5.248881
COC(=O)N[C@@H]1CC2=CCC(=C3C(=O)[C@H](OP(=O)(O)O)[C@@H](OP(=O)(O)O)[C@@H](O)N3C(=O)[C@H](O)CCC(=O)O)C=C2[C@@H]2C[C@H](C(=O)N)C[C@H]12	Molecule_1550	-6.966066	-6.339600	-8.144800	10.007253
O=C(O)CCO[C@@H]1CO[P@](=O)(O)O[P@](=O)(O)O[P@](=O)(O)O[P@](=O)(O)O[C@@H]1CO	Molecule_403	-4.488336	-3.771100	-5.346400	3.640365
CC(=CC=C1C(=O)[C@H](OP(=O)(O)O)[C@@H](OP(=O)(O)O)[C@@H](O)N1C(=O)[C@@H](O)CCC(=O)O)CC#Cc1ccccc1	Molecule_868	-7.198536	-6.561400	-8.502500	4.837373
C=C1CC2=c3c(cc(=C4C(=O)[C@@H](OP(=O)(O)O)[C@H](OP(=O)(O)O)[C@H](O)N4C(=O)[C@H](O)CCC(=O)O)cc3C1)C=C(F)C2=O	Molecule_1113	-7.120454	-6.359500	-9.273500	5.829079
O=C(O)CC[C@@H](O)C(=O)N1C(=CC=C2C=C(F)[C@@H]3C(=C2)CC[C@H]3C(=O)O)C(=O)[C@H](OP(=O)(O)O)[C@@H](OP(=O)(O)O)[C@H]1O	Molecule_1050	-7.126543	-6.404000	-8.272200	6.130416
CC1=C(O)CC2=C(CC(=CC2)C2=CC(=C3C(=O)[C@H](OP(=O)(O)O)[C@H](OP(=O)(O)O)[C@H](O)N3C(=O)[C@H](O)CCC(=O)O)CC=C2)C1	Molecule_1302	-7.630804	-6.897700	-9.008700	5.201347
O=C(O)CC[C@@H](O)C(=O)N1C(=C2C=C[C@H]3C[S@H](O)C=CC3=C2)C(=O)[C@H](OP(=O)(O)O)[C@@H](OP(=O)(O)O)[C@H]1O	Molecule_746	-6.603002	-5.906200	-7.874700	5.101492
Cc1cc(CC2=CC=NC2)cc(O)c1CC1=CC(=CCC1)C1=C(C(=O)NC(=O)[C@H](O)[C@H](CNC(=O)O)COP(=O)(O)O)CCC1	Molecule_1337	-8.514290	-8.219800	-9.233600	4.966565
O=C(O)CC[C@@H](O)C(=O)N1C(=C2C=c3ccc(C4=CC(=O)NCC4)cc3=CC2)C(=O)[C@@H](OP(=O)(O)O)[C@H](OP(=O)(O)O)[C@H]1O	Molecule_1183	-7.156636	-6.559900	-8.451100	7.878667
O=C(O)CC[C@H](O)C(=O)N1C(=C2C=C(C=CCc3cccc(F)c3)CCC2)C(=O)[C@H](OP(=O)(O)O)[C@H](OP(=O)(O)O)[C@@H]1O	Molecule_1093	-6.737434	-6.263400	-7.789600	6.140109
C=C(CCO[P@@](=O)(O)OC[C@@H](OP(=O)(O)O)C(=C)C(=O)O)C(=O)O	Molecule_251	-6.082482	-5.655100	-6.604500	4.124370
C=C(C)C(=O)Nc1cc(NC(=O)O)c(O)c(OC(=O)CO)c1	Molecule_155	-6.274316	-5.784900	-7.218500	4.184460
N=C(N)N	Molecule_2	-2.664166	-2.320900	-3.010600	16.309228
CC(=O)NC(=O)OC[C@@H](COP(=O)(O)O)[C@@H](O)C=O	Molecule_89	-5.850522	-5.405300	-6.644800	3.623905
O=C1N[C@@H]([C@H](CO)O[P@@](=O)(O)OP(=O)(O)O)O[C@@H](CO)[C@@H]1O	Molecule_158	-6.705250	-6.194100	-7.551000	3.338099
O=C(O)O[C@@H]1[C@@H](C[C@@H]2OC(=CC[C@H]2O)C(=O)O)OC(=C(C(=O)O)[C@@H]1O)[C@H](O)OP(=O)(O)O	Molecule_597	-6.998878	-6.332900	-8.140700	4.063230
CC=C1CCC2=CC(=CC(=NOC)[C@@H]2C1)C1=CC(=C2C(=O)[C@@H](OP(=O)(O)O)[C@H](OP(=O)(O)O)[C@@H](O)N2C(=O)[C@H](O)CCC(=O)O)CCC1	Molecule_1570	-7.272042	5.999800	-8.640800	7.300037
C[C@H]1C=CC=C1CC=CC1=CC(=C2C(=O)[C@@H](OP(=O)(O)O)[C@H](OP(=O)(O)O)[C@H](O)N2C(=O)[C@H](O)CCC(=O)O)CC=C1	Molecule_1051	-7.348542	-6.758400	-8.624200	5.541054
CC(=O)NCc1ccc2c3c1O[P@@](=O)(O)O[C@@H]3OC(=Cc1ccccc1O)N2C(=O)C1CCCC1	Molecule_646	-7.618392	-6.962600	-9.385400	5.215544
Cc1nc2=CC=Cc2cc1=c1ccc2=CC(=C3C(=O)[C@H](OP(=O)(O)O)[C@H](OP(=O)(O)O)[C@@H](O)N3C(=O)[C@@H](O)CCC(=O)O)CCc2n1	Molecule_1501	-6.912527	-6.279000	-8.905400	9.287552
O=C(O)CC[C@H](O)C(=O)N1C(=C2C=C3C=CCC[C@@H]3CC2)C(=O)[C@@H](OP(=O)(O)O)[C@H](OP(=O)(O)O)[C@@H]1O	Molecule_708	-6.845344	-4.155500	-8.021900	6.822633
COC1=C[C@@H]2C=CC(=C3C(=O)[C@@H](OP(=O)(O)O)[C@@H](OP(=O)(O)O)[C@H](O)N3C(=O)[C@H](O)CCC(=O)O)C=C2C=C1	Molecule_797	-6.329222	-5.767800	-7.376900	6.057229
CC(=O)NCc1ccc2c3c1O[P@](=O)(O)O[C@@H]3OC1=CC=C(C(=O)O)CN21	Molecule_363	-7.301704	-6.665000	-8.152900	4.927218
COC(=O)C[C@H](OP(=O)(O)O)[C@@H](COCCCO)O[P@@](=O)(O)OP(=O)(O)O	Molecule_376	-6.084766	-5.664500	-6.634200	3.579846
CCN=CNC(=O)N	Molecule_24	-3.666204	-3.289600	-4.267300	10.740396
CC(=CC=C1C(=O)[C@@H](OP(=O)(O)O)[C@@H](OP(=O)(O)O)[C@@H](O)N1C(=O)[C@@H](O)CCC(=O)O)CC#CC1=C(C)C[C@@H]2CC[C@@H]3CC=CC1=C23	Molecule_1486	-6.908858	-6.328500	-7.654000	7.542035
O=C(O)[C@H](O)[C@H](COCCO)O[P@@](=O)(O)OP(=O)(O)O	Molecule_110	-5.519949	-5.174900	-6.334800	3.640241
CCCC(=O)NCc1ccc([S@](=N)(=O)O)cc1OP(=O)(O)O	Molecule_179	-6.588310	-6.039400	-7.509900	4.307046
COC(=O)N[C@H]1CC2=CCC(=C3C(=O)[C@H](OP(=O)(O)O)[C@@H](OP(=O)(O)O)[C@@H](O)N3C(=O)[C@H](O)CCC(=O)O)C=C2[C@@H]2C[C@@H](C(=O)O)C[C@H]12	Molecule_1530	-6.741786	-6.094900	-8.142500	8.426241
O=C(O)CC=CCOC(=C(O)C(=O)O)[C@H](O)OP(=O)(O)O	Molecule_138	-5.904780	-5.400000	-7.017700	3.333168
CC(=O)N[C@@H]1CC2=CCC(=C3C(=O)[C@H](OP(=O)(O)O)[C@@H](OP(=O)(O)O)[C@H](O)N3C(=O)[C@H](O)CCC(=O)O)C=C2[C@@H](CCC(=O)N)C1	Molecule_1379	-7.046050	-6.368300	-8.518100	6.749727
COCOC1=C=CO[P@@](=O)(O)O[P@@](=O)(O)O[P@@](=O)(O)O[C@@H]1CO	Molecule_187	-4.401744	-3.496700	-5.955300	5.129342
C=C1OC[C@@H](O)[C@H](O)[C@@H](C[C@@H]2OC(=C(C(=O)O)[C@@H](O)[C@H]2OC(=O)O)[C@H](O)OP(=O)(O)O)O1	Molecule_596	-5.997896	-5.484600	-6.730700	4.136509
O=P(O)(O)O[P@@](=O)(O)O[C@@H]1C[C@@H](O)[C@H]2O[C@@H](O)[C@@H](CO)O[C@]12CO	Molecule_247	-6.523078	-5.923900	-7.255300	5.149680
CC1=C2CCC(=O)C=C2CC2=CCC(=C3C(=O)[C@H](OP(=O)(O)O)[C@@H](OP(=O)(O)O)[C@H](O)N3C(=O)[C@@H](O)CCC(=O)O)C=C12	Molecule_1140	-7.022544	-6.512100	-8.195900	8.447075
O=C(O)CC[C@H](O)C(=O)N1C(=C2C=C(C=CCC3=CC=CCC3)CCC2)C(=O)[C@H](OP(=O)(O)O)[C@H](OP(=O)(O)O)[C@H]1O	Molecule_1038	-6.911206	-6.386100	-7.681200	5.361414
CC(=CC=C1C(=O)[C@@H](OP(=O)(O)O)[C@H](OP(=O)(O)O)[C@H](O)N1C(=O)[C@@H](O)CCC(=O)O)CC#Cc1cccc2=CCC=c12	Molecule_1122	-7.545364	-6.856500	-8.542000	4.163215
CC#CC=Cc1ccc(F)cc1C#CCC=CC=C1C(=O)[C@@H](OP(=O)(O)O)[C@H](OP(=O)(O)O)[C@H](O)N1C(=O)[C@@H](O)CCC(=O)O	Molecule_1285	-6.969267	-6.453100	-8.319800	4.861728
O=C(O)CC[C@@H](O)C(=O)N1C(=CC=c2cc(F)c(=CC(F)(F)F)c3c2CC=CC3)C(=O)[C@H](OP(=O)(O)O)[C@@H](OP(=O)(O)O)[C@H]1O	Molecule_1284	-7.662934	-7.005000	-8.811500	6.244681
CC1=CC(=C2CC=CC2)CC2=CCC(=C3C(=O)[C@@H](OP(=O)(O)O)[C@H](OP(=O)(O)O)[C@@H](O)N3C(=O)[C@H](O)CCC(=O)O)C=C12	Molecule_1073	-6.878018	-6.165200	-8.238900	7.974642
O=C(O)CC[C@@H](O)C(=O)N1C(=CC=C2CCC3=C(O)CC=C3C2)C(=O)[C@@H](OP(=O)(O)O)[C@H](OP(=O)(O)O)[C@H]1O	Molecule_784	-7.298380	-6.693600	-8.084400	5.652956
O=C(O)NC[C@@H]1[C@@H](OP(=O)(O)O)CO[C@@H](CCO)[C@H]1O	Molecule_100	-5.689964	-5.057100	-6.721300	3.859586
O=C(O)CC[C@H](O)C(=O)N1C(=C2C=c3ccc(=C4C=C5C=CCC(=C5CC4)O)nc3CC2)C(=O)[C@@H](OP(=O)(O)O)[C@H](OP(=O)(O)O)[C@H]1O	Molecule_1552	-7.728531	-6.971500	-8.855300	7.296376
CCCC1=C2CC3=CC(=C4C(=O)[C@H](OP(=O)(O)O)[C@H](OP(=O)(O)O)[C@@H](O)N4C(=O)[C@H](O)CCC(=O)O)CC=C3CC2=C2CC=CC[C@H]2C1	Molecule_1574	-6.665435	-5.995000	-8.153900	10.224802
CC1=C(OP(=O)(O)O)C=C2CC=CC(=C2C1)CO	Molecule_66	-6.037142	-5.407200	-7.074800	5.291248
O=C(O)[C@@H]1O[C@H](COCCO)[C@@H]([C@H]2C[P@](=O)(O)O[P@@](=O)(OP(=O)(O)O)O2)O1	Molecule_400	-6.564306	-5.934100	-7.307400	4.121704
CC(=O)NCc1ccc2c3c1O[P@@](=O)(O)O[C@@H]3OC(=Cc1cccc(O)c1O)N2C(=O)CCCO	Molecule_655	-7.199580	-6.547100	-8.602400	4.948485
O=C(O)CC[C@@H](O)C(=O)N1C(=C2C=C3C=C[C@H](C(=O)O)C[C@H]3CC2)C(=O)[C@@H](OP(=O)(O)O)[C@@H](OP(=O)(O)O)[C@@H]1O	Molecule_832	-7.088450	-6.537000	-8.392300	5.792765
NC(=O)c1cn([C@H]2O[C@H](CO)[C@@H](O)[C@H]2O[P@@](=O)(O)OP(=O)(O)O)c(N)n1	Molecule_352	-6.777462	-6.273000	-7.866100	4.032781
CC(=O)NCc1ccc2c3c1O[P@](=O)(O)O[C@H]3OC(=Cc1cc(O)ccc1O)N2C(=O)CCO	Molecule_636	-7.154756	-6.566700	-7.868300	4.944162
CC(=O)NCc1ccc2c3c1O[P@](=O)(O)O[C@H]3OC(=Cc1cc(O)cc(O)c1O)N2C(=O)CCO	Molecule_644	-7.996880	-7.249500	-9.080000	4.616235
CCN1C(=O)O[C@H]([C@@H]2CC[C@@H](O)[C@H]2O)[C@@H](O)[C@H]1CO[P@@](=O)(O)OP(=O)(O)O	Molecule_395	-6.763732	-6.406300	-7.556900	4.473019
O=C(O)Cc1cc(C(=O)O)cc(O[C@H]2C[C@@H](O)[C@@H](O)[C@H](O[P@@](=O)(O)OP(=O)(O)O)[C@@H]2O)c1F	Molecule_603	-7.195306	-6.759100	-7.996900	5.005278
COC(=O)CN(C)[C@@H](CCCCC(=O)O)OP(=O)(O)O	Molecule_104	-5.255958	-4.767600	-6.325300	3.377413
O=C(O)O[C@H](CO[C@H]1C[C@@H](O)[C@@H](O)[C@H](O[P@@](=O)(O)OP(=O)(O)O)[C@@H]1O)C(=O)OCCO	Molecule_556	-6.968650	-6.504100	-7.800600	3.805744
N=C(N)NC(=O)C[C@H](OP(=O)(O)O)[C@H](COCCCO)O[P@@](=O)(O)OP(=O)(O)O	Molecule_470	-6.607574	-6.337300	-7.079700	4.043804
O=C(O)Cc1ncn([C@H]2O[C@@H](CO)[C@H](O)[C@@H]2O[P@@](=O)(O)OP(=O)(O)O)c(=O)n1	Molecule_409	-6.533886	-5.889400	-7.543800	4.000298
C=C1CC(=NO)CC1=CC1=CC(=C2C(=O)[C@H](OP(=O)(O)O)[C@H](OP(=O)(O)O)[C@@H](O)N2C(=O)[C@@H](O)CCC(=O)O)CC=C1	Molecule_1023	-6.813462	-4.044000	-7.850500	6.938764
C[C@H](CCO)Cc1cc(NC(=O)O)cc(O[C@@H]2C[C@H](O)[C@@H](O)[C@@H](O[P@@](=O)(O)OP(=O)(O)O)[C@@H]2O)c1F	Molecule_685	-7.315120	-6.916700	-8.458400	4.982275
O=C(O)N(O)c1ccc(F)c(O[C@H]2C[C@@H](O)[C@@H](O)[C@@H](O[P@@](=O)(O)OP(=O)(O)O)[C@H]2O)c1	Molecule_568	-7.396840	-6.774300	-8.357200	4.629683
O=C(O)CC[C@H](O)C(=O)N1C(=CC=CCC#Cc2ccc(O)cc2)C(=O)[C@@H](OP(=O)(O)O)[C@H](OP(=O)(O)O)[C@@H]1O	Molecule_848	-7.273004	-6.775600	-7.988100	4.556025
O=C(O)C=C1NCC2=C1CC=C(C1=CC(=C3C(=O)[C@@H](OP(=O)(O)O)[C@@H](OP(=O)(O)O)[C@H](O)N3C(=O)[C@@H](O)CCC(=O)O)CC=C1)C2	Molecule_1385	-7.119924	6.963300	-9.334300	8.302121
C=C(C)NC1=C[C@@H](C)C2=CC(=C3C(=O)[C@@H](OP(=O)(O)O)[C@@H](OP(=O)(O)O)[C@@H](O)N3C(=O)[C@@H](O)CCC(=O)O)CC=C2C1	Molecule_1063	-6.670994	-5.817600	-8.312300	8.021406
NC(=O)C[C@H]1CCC2=CC(=C3C(=O)[C@H](OP(=O)(O)O)[C@@H](OP(=O)(O)O)[C@H](O)N3C(=O)[C@@H](O)CCC(=O)O)CC=C2C1	Molecule_898	-7.094530	-6.369600	-8.396600	5.728152
CC1=CC(=CC=C2C(=O)[C@@H](OP(=O)(O)O)[C@H](OP(=O)(O)O)[C@@H](O)N2C(=O)[C@H](O)CCC(=O)O)C=C(F)C1=O	Molecule_758	-7.438474	-6.825800	-8.234100	4.042317
C=C1N=CCC(=C1[C@H]1C=CC(=CC=C2C(=O)[C@H](OP(=O)(O)O)[C@@H](OP(=O)(O)O)[C@H](O)N2C(=O)[C@@H](O)CCC(=O)O)[C@H](C)C1)C	Molecule_1198	-7.463846	-6.825900	-8.246900	5.527128
CC=C1NC(=O)CC1=c1ccc2=CC(=C3C(=O)[C@H](OP(=O)(O)O)[C@@H](OP(=O)(O)O)[C@H](O)N3C(=O)[C@H](O)CCC(=O)O)CCc2n1	Molecule_1286	-7.146930	-6.378400	-8.674400	8.567739
CC(=O)NCc1ccc2c3c1O[P@@](=O)(O)O[C@@H]3OC(=CCC(=O)O)N2C(=O)CCO	Molecule_515	-6.941452	-6.372000	-7.815600	4.658862
O=C(O)C[C@H]1OC(=C([C@@H](O)OP(=O)(O)O)OC1=O)C(=O)O	Molecule_133	-6.643050	-6.133700	-7.362600	3.606929
N=C1CC2=CCC(=C3C(=O)[C@@H](OP(=O)(O)O)[C@H](OP(=O)(O)O)[C@@H](O)N3C(=O)[C@H](O)CCC(=O)O)C=C2C=C1F	Molecule_813	-7.499452	-6.777000	-9.192800	5.846366
CC1=C(O)C[C@@H]2CC[C@@H]2CCC1=CC(=O)NC(=O)[C@H](O)[C@@H](CNC(=O)O)COP(=O)(O)O	Molecule_571	-5.865030	-5.410700	-6.470600	4.378076
CC(=CC=C1C(=O)[C@@H](OP(=O)(O)O)[C@H](OP(=O)(O)O)[C@H](O)N1C(=O)[C@H](O)CCC(=O)O)CC#CC1=C(C)CCC2=C1C=CCC2	Molecule_1287	-7.581374	-6.024300	-8.774500	4.764142
O=C(O)CC[C@H](O)C(=O)N1C(=C2C=C(c3ccc4c(c3)C=NC4=O)C=CC2)C(=O)[C@@H](OP(=O)(O)O)[C@H](OP(=O)(O)O)[C@@H]1O	Molecule_1154	-7.129178	-6.402900	-8.534100	7.602974
O=C(O)CC[C@H](O)C(=O)N1C(=C2C=C3C=C4C(=CCO)CC5=CCC=CC5=C4CC3=CC2)C(=O)[C@H](OP(=O)(O)O)[C@@H](OP(=O)(O)O)[C@@H]1O	Molecule_1594	-7.481700	-6.710900	-9.388400	7.816369
Cc1cc(CCCCOC(=O)c2ccc(OP(=O)(O)O)c3cc(CNC(=O)N)c(=O)[nH]c23)on1	Molecule_630	-7.221254	-6.712600	-8.263100	4.936502
O=C(O)CC[C@H](O)C(=O)N1C(=C2C=C3C(=CC2)CC2=C4CC(=O)N[C@H]4CC4=CC=C3[C@@H]24)C(=O)[C@H](OP(=O)(O)O)[C@H](OP(=O)(O)O)[C@H]1O	Molecule_1440	-6.451664	2.875700	-7.427600	11.599186
O=C(O)CC[C@@H](O)C(=O)N1C(=C2C=C3C=CC(=C[C@H]3CC2)CC(=O)O)C(=O)[C@H](OP(=O)(O)O)[C@@H](OP(=O)(O)O)[C@H]1O	Molecule_903	-6.769328	-6.328100	-7.954800	5.845407
C[C@H](CC(=O)O)C[C@H]1OC(=C(C(=O)O)[C@@H](O)[C@@H]1OC(=O)O)[C@@H](O)OP(=O)(O)O	Molecule_442	-6.585938	-6.036700	-7.596500	4.022670
C#CCCC1=CCC=C1C#CCC=CC=C1C(=O)[C@H](OP(=O)(O)O)[C@@H](OP(=O)(O)O)[C@@H](O)N1C(=O)[C@H](O)CCC(=O)O	Molecule_978	-7.085806	-6.623400	-7.811400	4.905548
O=P(O)(O)O[P@@](=O)(O)OC[C@@H](O)[C@@H](O)CO	Molecule_43	-5.428898	-4.992700	-6.089600	3.764792
NC(=O)CC1=CCC(=CC=C2C(=O)[C@@H](OP(=O)(O)O)[C@@H](OP(=O)(O)O)[C@H](O)N2C(=O)[C@@H](O)CCC(=O)O)C=C1	Molecule_804	-7.460394	-6.861400	-8.525300	4.008052
CC=C1C=C(C2=CC(=C3C(=O)[C@@H](OP(=O)(O)O)[C@@H](OP(=O)(O)O)[C@@H](O)N3C(=O)[C@H](O)CCC(=O)O)CC(=C2)C)CC2=CC(=O)CC[C@H]12	Molecule_1497	-7.504782	-6.989800	-8.525800	6.917047
O=C(O)NC(=O)C[C@@H](OP(=O)(O)O)[C@@H](COCC[C@@H]1CCc2ccccc2C1)OP(=O)(O)O	Molecule_610	-7.164102	-6.757400	-7.963000	4.394602
O=C(O)CC[C@@H](O)C(=O)N1C(=C2C=C3CC4=C(C5=CC=CCC5)CN=C4CC3=CC2)C(=O)[C@H](OP(=O)(O)O)[C@@H](OP(=O)(O)O)[C@@H]1O	Molecule_1411	-6.993835	-6.569900	-8.283200	8.834877
Cc1cc(F)ccc1C(=O)N=C1C=CC2=CC(=C3C(=O)[C@H](OP(=O)(O)O)[C@@H](OP(=O)(O)O)[C@@H](O)N3C(=O)[C@@H](O)CCC(=O)O)CC=C2C1	Molecule_1522	-7.205046	-6.522500	-8.983900	7.331373
O=C(O)CO／C／1=C／[C@H](C(=O)O)CO[P@](=O)(O)O[P@](=O)(O)O[P@](=O)(O)O[C@H]1CO	Molecule_428	-5.102000	-4.510000	-5.891800	3.797204
O=P(O)(O)O[P@@](=O)(O)O[C@H]1[C@H](CO)OC[C@@H]1OCCO	Molecule_106	-5.380646	-4.874500	-6.247200	3.583036
C=C(COC(=C(O)C(=O)O)[C@H](O)OP(=O)(O)O)C(=O)O	Molecule_111	-5.835214	-5.284000	-6.873100	3.673794
Nc1ncncc1C(=O)N[C@H](C(=O)OP(=O)(O)O)[C@@H](O)CCC(=O)O	Molecule_295	-6.551266	-6.084000	-7.273800	3.875457
O=C(O)C1=C([C@H](O)OP(=O)(O)O)O[C@H](CO)C(=O)C1	Molecule_79	-6.032071	-5.352000	-7.491500	4.248104
CCC(=O)C1=CC(=C2C(=O)[C@H](OP(=O)(O)O)[C@@H](OP(=O)(O)O)[C@@H](O)N2C(=O)[C@@H](O)CCC(=O)O)CC=C1	Molecule_703	-6.853958	-6.153800	-7.826800	4.434225
C[C@@H]1CC(C)(C)C2=Cc3cc(C(=O)O)cc(OP(=O)(O)O)c3CN2C1=O	Molecule_339	-6.920740	-6.194200	-8.229700	5.218892
O=C(O)CC[C@@H](O)C(=O)N1C(=C2C=C3C=CC(=O)C[C@@H]3CC2)C(=O)[C@@H](OP(=O)(O)O)[C@@H](OP(=O)(O)O)[C@H]1O	Molecule_755	-6.854241	-6.162300	-7.964700	6.981043
CC(=CC=C1C(=O)[C@H](OP(=O)(O)O)[C@@H](OP(=O)(O)O)[C@H](O)N1C(=O)[C@@H](O)CCC(=O)O)CC#CC1=C(C)CCC2=C1C=CC2	Molecule_1162	-8.103088	-7.488600	-8.747700	3.686436
CC=CC=c1[nH]ccc1=C1C=CC2=CC(=C3C(=O)[C@H](OP(=O)(O)O)[C@H](OP(=O)(O)O)[C@@H](O)N3C(=O)[C@@H](O)CCC(=O)O)CC=C2C1	Molecule_1344	-7.093302	-6.476900	-8.564200	7.311706
O=C(O)CC[C@H](O)C(=O)N1C(=C2C=C3C=C(F)C(=CC=C(F)F)CC3=CC2)C(=O)[C@@H](OP(=O)(O)O)[C@H](OP(=O)(O)O)[C@H]1O	Molecule_1077	-7.255610	-6.473800	-8.542700	6.392141
O=C(O)CC[C@H](O)C(=O)N1C(=c2cc3c4c(c(=CC(F)(F)F)c(F)cc4c2)CCC3)C(=O)[C@H](OP(=O)(O)O)[C@@H](OP(=O)(O)O)[C@@H]1O	Molecule_1409	-7.077230	-6.380700	-9.163200	8.070983
C[C@H]1CCC(=CC1=c1ccc2=CC(=C3C(=O)[C@@H](OP(=O)(O)O)[C@H](OP(=O)(O)O)[C@H](O)N3C(=O)[C@H](O)CCC(=O)O)CCc2n1)F	Molecule_1314	-7.180214	-6.506000	-8.136700	6.717284
O=C(O)[C@@H]1C(=C=C([C@H](O)CCO)C(=C1OP(=O)(O)O)O)O	Molecule_153	-6.072772	-5.439700	-7.254400	4.285458
O=C(O)CCO[C@@H]1CO[C@H]([C@H](O)F)CO[P@](=O)(O)O[P@](=O)(O)O[P@](=O)(O)O[C@@H]1CO	Molecule_493	-5.211678	-4.647700	-5.886700	3.569624
C=CCCCCOC[C@H](OP(=O)(O)O)[C@@H](CC(=O)NC(=O)O)OP(=O)(O)O	Molecule_389	-6.267628	-5.878000	-6.935600	3.567298
Nc1nc(CC(=O)O)cn1[C@H]1O[C@@H](CO)[C@H](O)[C@H]1O[P@@](=O)(O)OP(=O)(O)O	Molecule_370	-6.632522	-6.023700	-7.931900	4.658283
C=C1C2=CC(=CCC2=C[C@@H](C)C1=CC(=O)NC(=O)[C@H](O)[C@H](CNC(=O)O)COP(=O)(O)O)O	Molecule_611	-7.544306	-7.073900	-8.350100	4.413353
O=C(O)CC[C@@H](O)C(=O)N1C(=CC=C2C=CC(=CC2)c2cc[nH]c2)C(=O)[C@H](OP(=O)(O)O)[C@@H](OP(=O)(O)O)[C@@H]1O	Molecule_841	-7.328168	-6.625800	-8.674800	5.939860
O=C(O)CCO／C／1=C／[C@H](O)CO[P@@](=O)(O)O[P@](=O)(O)O[P@@](=O)(O)O[C@@H]1CO	Molecule_381	-4.979072	-4.159400	-5.988100	4.310997
CC(=O)NC(=O)c1cc(O)cc(C(=O)O)c1	Molecule_48	-5.732043	11.873100	-6.837900	5.297515
COC1=CCC(=CC=C2C(=O)[C@@H](OP(=O)(O)O)[C@H](OP(=O)(O)O)[C@H](O)N2C(=O)[C@@H](O)CCC(=O)O)C=C1	Molecule_726	-7.207298	-6.562900	-8.361600	4.521418
CC=C(C=S)C=C1CC2=CCC(=C3C(=O)[C@@H](OP(=O)(O)O)[C@H](OP(=O)(O)O)[C@@H](O)N3C(=O)[C@H](O)CCC(=O)O)C=C2[C@H](C)C1	Molecule_1225	-6.787704	-6.231900	-7.893600	8.543457
CC=C(CO)OCc1c(CO)cc(OP(=O)(O)O)c(C(=O)O)c1O	Molecule_245	-6.599374	-6.126600	-7.289000	4.410281
CC=C1CC(=O)C=C2CC3=CCC(=C4C(=O)[C@H](OP(=O)(O)O)[C@H](OP(=O)(O)O)[C@H](O)N4C(=O)[C@@H](O)CCC(=O)O)C=C3C=C12	Molecule_1176	-7.532396	-6.811700	-9.302700	6.859938
C=C[C@H]1／C=C(／OCCC(=O)O)＼[C@H](CO)O[P@](=O)(O)O[P@](=O)(O)O[P@](=O)(O)OC1	Molecule_440	-5.071642	-4.449200	-5.720500	4.581871
O=C(O)CC[C@@H](O)C(=O)N1C(=C2C=C(C=C3C[C@@]4(CCC(=O)N4)CC3=S)C=CC2)C(=O)[C@@H](OP(=O)(O)O)[C@H](OP(=O)(O)O)[C@@H]1O	Molecule_1272	-6.487018	-5.830200	-7.776500	7.212543
O=C(O)CC[C@@H](O)C(=O)N1C(=C2C=C3C=CC(=C4C=CC=C4)CC3=CC2)C(=O)[C@H](OP(=O)(O)O)[C@H](OP(=O)(O)O)[C@H]1O	Molecule_1047	-7.092972	-6.225900	-8.731800	7.806962
O=C(O)CC[C@H](O)C(=O)N1C(=C2C=C(C=CCc3cc(F)cc(F)c3)CCC2)C(=O)[C@@H](OP(=O)(O)O)[C@@H](OP(=O)(O)O)[C@@H]1O	Molecule_1160	-7.227436	-6.642200	-8.431300	5.954702
O=C(O)CC[C@@H](O)C(=O)N1C(=C2C=C3C(=CC2)Cc2cc(=O)[nH]c4c2[C@@H]3CC=C4)C(=O)[C@@H](OP(=O)(O)O)[C@H](OP(=O)(O)O)[C@@H]1O	Molecule_1281	-7.317424	-6.644500	-9.368700	7.919329
O=C(O)CC[C@@H](O)C(=O)N1C(=C2C=C3CC4=CC[C@@H]5N=NN=C5C4=CC3=CC2)C(=O)[C@H](OP(=O)(O)O)[C@@H](OP(=O)(O)O)[C@H]1O	Molecule_1247	-7.211750	-6.353700	-8.287300	8.504788
CC(=O)NCc1ccc2c3c1O[P@@](=O)(O)O[C@@H]3OC(=CCC(=O)O)N2C(=O)CCC(=O)O	Molecule_591	-7.457982	-6.860500	-8.746300	4.464830
CCC(=O)C1=CC(=C2C(=O)[C@H](OP(=O)(O)O)[C@H](OP(=O)(O)O)[C@@H](O)N2C(=O)[C@@H](O)CCC(=O)O)C=CC1	Molecule_707	-6.341892	-5.701700	-7.771700	5.861509
O=C(O)CC[C@@H](O)C(=O)N1C(=C2C=C(c3ccc4c(c3)CCCC4)C=CC2)C(=O)[C@@H](OP(=O)(O)O)[C@H](OP(=O)(O)O)[C@H]1O	Molecule_1131	-7.752546	-7.125800	-8.543400	5.013841
O=C(O)CC[C@@H](O)C(=O)N1C(=CC=CCC#CC2=CC(=C[C@H]3CCC=C23)F)C(=O)[C@H](OP(=O)(O)O)[C@H](OP(=O)(O)O)[C@H]1O	Molecule_1107	-7.570318	-6.968200	-8.618400	5.292335
COC(=O)N[C@H]1CCC2=CC(=C3C(=O)[C@@H](OP(=O)(O)O)[C@@H](OP(=O)(O)O)[C@H](O)N3C(=O)[C@@H](O)CCC(=O)O)CC=C2C1	Molecule_1008	-6.297283	-5.786700	-7.312700	7.291028
CC(=O)NC[C@H]1OC(=C(C(=O)O)C[C@@H]1CC(=O)O)[C@@H](O)OP(=O)(O)O	Molecule_272	-6.508110	-6.020700	-7.558700	3.934003
C[C@H]1CO[C@H](C[C@@H]2OC(=C(C(=O)O)[C@H](O)[C@@H]2OC(=O)O)[C@@H](O)OP(=O)(O)O)C1=O	Molecule_460	-6.951848	-6.336500	-7.793700	4.793563
O=C(O)CC[C@@H](O)C(=O)N1C(=C2C=C3C=C4CC=CC[C@H]4C=C3CC2)C(=O)[C@H](OP(=O)(O)O)[C@H](OP(=O)(O)O)[C@H]1O	Molecule_962	-6.370688	-5.730200	-7.934000	9.603384
Cc1cc(CC2=CCNC2=O)cc(O)c1CC1=CC(=CCC1)C1=C(C(=O)NC(=O)[C@@H](O)[C@H](CNC(=O)O)COP(=O)(O)O)CCC1	Molecule_1392	-8.361596	-7.967400	-8.915200	4.806854
O=C(O)CC[C@H](O)C(=O)N1C(=C2C=c3ccc(=C4C=C5CCC(=C5CC4)O)nc3CC2)C(=O)[C@H](OP(=O)(O)O)[C@@H](OP(=O)(O)O)[C@@H]1O	Molecule_1453	-7.660874	-6.884100	-9.078300	7.897796
CCC=c1[nH]ccc1=C1C=CC2=CC(=C3C(=O)[C@@H](OP(=O)(O)O)[C@H](OP(=O)(O)O)[C@@H](O)N3C(=O)[C@H](O)CCC(=O)O)CC=C2C1	Molecule_1301	-7.012736	-6.344600	-8.590700	7.468730
O=C(O)CNC(=O)C[C@@H](OP(=O)(O)O)[C@@H](COCCCO)O[P@@](=O)(O)OP(=O)(O)O	Molecule_495	-6.518214	-6.146000	-7.223100	3.887773
C=C(C)C(=CC(=O)NC(=O)[C@H](O)[C@@H](CNC(=O)O)COP(=O)(O)O)C1=CCCC(=C1)Cc1ccccc1C	Molecule_778	-7.840396	-7.448700	-8.364200	4.924597
CC(=CC=C1C(=O)[C@H](OP(=O)(O)O)[C@@H](OP(=O)(O)O)[C@H](O)N1C(=O)[C@H](O)CCC(=O)O)C=CC(=C1CC=CCC1)[C@@H]1CCC(=O)C1	Molecule_1418	-7.394416	-6.856400	-8.309400	3.585848
CC[C@@H]1CCCC(=C1C#CCC(=CC=C1C(=O)[C@@H](OP(=O)(O)O)[C@H](OP(=O)(O)O)[C@@H](O)N1C(=O)[C@H](O)CCC(=O)O)C)C	Molecule_1147	-7.252934	-6.792000	-7.861500	4.442995
C[C@H]1C=C2C[C@H](O)CC3=C2C(=CC1=O)CC1=CCC(=C2C(=O)[C@H](OP(=O)(O)O)[C@H](OP(=O)(O)O)[C@@H](O)N2C(=O)[C@H](O)CCC(=O)O)C=C31	Molecule_1538	-6.817284	-6.245000	-8.366200	8.055909
NC(=O)N[C@@H](CO)[C@H](COP(=O)(O)O)[C@@H](O)CO	Molecule_72	-5.912984	-5.339400	-6.628800	3.439645
NCC=c1cccc2c1=CC1=CC(=C3C(=O)[C@H](OP(=O)(O)O)[C@@H](OP(=O)(O)O)[C@H](O)N3C(=O)[C@H](O)CCC(=O)O)CC=C1C2	Molecule_1220	-6.967840	-6.299600	-9.535200	8.637329
CC(=O)NC1=C[C@H](C)C2=CC(=C3C(=O)[C@@H](OP(=O)(O)O)[C@@H](OP(=O)(O)O)[C@@H](O)N3C(=O)[C@@H](O)CCC(=O)O)CC=C2C1	Molecule_982	-6.997056	-6.296200	-8.287900	6.130363
C[C@@H]1CC(=CC(=O)O)C=CC1=CC=C1C(=O)[C@@H](OP(=O)(O)O)[C@@H](OP(=O)(O)O)[C@@H](O)N1C(=O)[C@@H](O)CCC(=O)O	Molecule_853	-7.527026	-6.847900	-8.931300	4.850401
O=C(O)CC[C@H](O)C(=O)N1C(=CC=CCC#CC2=CCCC2)C(=O)[C@H](OP(=O)(O)O)[C@@H](OP(=O)(O)O)[C@@H]1O	Molecule_775	-7.067190	-6.392400	-7.935300	4.216758
O=C(O)CC[C@@H](O)C(=O)N1C(=CC=c2cc(F)c3=C4C(=CCc3c2)CCCO4)C(=O)[C@H](OP(=O)(O)O)[C@H](OP(=O)(O)O)[C@H]1O	Molecule_1188	-7.341838	-6.729700	-8.391500	7.666191
CCNC=NCN	Molecule_18	-1.942978	61.128000	-3.968900	9.838400
O=C(O)CO[C@H]1[C@H](C[C@H]2CCCC[C@H](O)C2)OC(=C(C(=O)O)[C@H]1O)[C@H](O)OP(=O)(O)O	Molecule_565	-5.773442	-5.293800	-6.761100	4.394698
CC1=CC(=C2C=CCC2=N)CC2=CCC(=C3C(=O)[C@@H](OP(=O)(O)O)[C@@H](OP(=O)(O)O)[C@@H](O)N3C(=O)[C@H](O)CCC(=O)O)C=C12	Molecule_1214	-7.170014	-6.293300	-8.360600	6.510155
CC=CC1=CC(=C2C(=O)[C@@H](OP(=O)(O)O)[C@H](OP(=O)(O)O)[C@H](O)N2C(=O)[C@H](O)CCC(=O)O)OCC1	Molecule_688	-7.009626	-6.489400	-7.792800	4.694537
O=C(O)C1=C([C@@H](O)OP(=O)(O)O)O[C@H](C[C@@H]2CCCC[C@@H](O)C2)[C@@H](OCCO)[C@@H]1O	Molecule_516	-5.594318	-4.997700	-6.438400	4.222969
CC1=CCC(=C2C(=O)[C@@H](OP(=O)(O)O)[C@@H](OP(=O)(O)O)[C@H](O)N2C(=O)[C@@H](O)CCC(=O)O)C=C1CCCO	Molecule_757	-6.408332	-5.809900	-8.082200	5.917692
O=C(O)CC[C@@H](O)C(=O)N1C(=C2C=c3ccc(C4=CC(=O)CCC4)cc3=CC2)C(=O)[C@@H](OP(=O)(O)O)[C@@H](OP(=O)(O)O)[C@H]1O	Molecule_1230	-7.030948	-6.347500	-8.404500	5.826413
CC(=O)NCc1ccc2c3c1O[P@@](=O)(O)O[C@H]3O[C@H](CO)N2CC(C)C	Molecule_336	-6.563822	-5.754100	-8.091400	4.894773
NC(F)(F)C=c1c(F)cc(=CC=C2C(=O)[C@H](OP(=O)(O)O)[C@@H](OP(=O)(O)O)[C@@H](O)N2C(=O)[C@H](O)CCC(=O)O)c2c1CCC2	Molecule_1175	-6.894530	-6.233800	-7.839600	5.792887
O=[P@]1(O)C[C@H](CO)C／C=C(／OCCO)＼[C@@H](CO)O[P@@](=O)(O)O[P@](=O)(O)O1	Molecule_320	-4.171908	-3.287800	-5.354200	4.332367
CC(=O)N[C@H]1C[C@H](C(=O)O)c2cc(C(=O)O)c(OP(=O)(O)O)cc2[C@@H]1O	Molecule_321	-6.482241	-5.845100	-7.725900	4.732326
O=C(COP(=O)(O)O)OCCO	Molecule_34	-4.944254	-4.507400	-5.651900	4.069981
O=C(O)CC[C@@H](O)C(=O)N1C(=CC=C2C=CC=CC2=O)C(=O)[C@@H](OP(=O)(O)O)[C@H](OP(=O)(O)O)[C@@H]1O	Molecule_675	-7.166180	-6.537700	-8.015100	3.988072
O=C(O)CC[C@@H](O)C(=O)N1C(=C2C=CCC(=C2)c2ccccc2)C(=O)[C@H](OP(=O)(O)O)[C@H](OP(=O)(O)O)[C@H]1O	Molecule_809	-7.293880	-6.727900	-8.777700	7.073485
NC(=O)C1=C[C@@H]2CCC(=C3C(=O)[C@H](OP(=O)(O)O)[C@@H](OP(=O)(O)O)[C@@H](O)N3C(=O)[C@@H](O)CCC(=O)O)C=C2C=C1	Molecule_843	-6.877930	-6.100600	-8.439600	7.036849
O=C(O)CC[C@@H](O)C(=O)N1C(=CC=C2C=C[C@H](c3cccnc3)CC2)C(=O)[C@H](OP(=O)(O)O)[C@H](OP(=O)(O)O)[C@H]1O	Molecule_911	-7.546612	-6.904600	-8.548400	5.883580
C=C(C)C=C1CCC2=CC(=C3C(=O)[C@H](OP(=O)(O)O)[C@@H](OP(=O)(O)O)[C@@H](O)N3C(=O)[C@@H](O)CCC(=O)O)CC=C2C1	Molecule_954	-6.691228	-6.209300	-7.769800	8.470388
C=C(C)N[C@@H]1CC2=CCC(=C3C(=O)[C@H](OP(=O)(O)O)[C@H](OP(=O)(O)O)[C@@H](O)N3C(=O)[C@H](O)CCC(=O)O)C=C2[C@H](CCCC(=N)CC)C1	Molecule_1533	-6.815124	-6.304500	-8.029300	7.342328
NC(=O)N=C1C=CC2=CC(=C3C(=O)[C@H](OP(=O)(O)O)[C@H](OP(=O)(O)O)[C@H](O)N3C(=O)[C@H](O)CCC(=O)O)CC=C2C1	Molecule_920	-6.787972	-6.166800	-8.759200	6.030478
COC(=CO)[C@H](O)[C@@H](COP(=O)(O)O)OC(=O)NC(=O)O	Molecule_131	-6.258520	-5.726300	-7.109000	3.434514
O=C(O)CC[C@@H](O)C(=O)N1C(=C2C=C3CCC(=CC3=CC2)C(=O)O)C(=O)[C@@H](OP(=O)(O)O)[C@@H](OP(=O)(O)O)[C@@H]1O	Molecule_827	-7.198248	-6.452500	-8.495400	5.492503
O=C(O)CC[C@H](O)C(=O)N1C(=C2C=c3ccc(=C4C=CC=C4)nc3CC2)C(=O)[C@H](OP(=O)(O)O)[C@@H](OP(=O)(O)O)[C@H]1O	Molecule_1001	-6.585458	-5.776400	-7.960400	9.921718
C[C@H]1C[C@@H](C2=CC(=O)CCC2)C=CC1=CC=C1C(=O)[C@@H](OP(=O)(O)O)[C@@H](OP(=O)(O)O)[C@H](O)N1C(=O)[C@H](O)CCC(=O)O	Molecule_1124	-7.685392	-7.180500	-8.534700	4.870207
O=C(O)CC[C@H](O)C(=O)N1C(=C2C=C3C(=CC2)CC2=C4CCC=NC4=C[C@H]4[C@H](S)C[C@@H]3[C@H]24)C(=O)[C@@H](OP(=O)(O)O)[C@@H](OP(=O)(O)O)[C@@H]1O	Molecule_1528	-7.061446	-6.339800	-8.374900	7.952140
CC(=O)O[C@@H]1[C@@H](C[C@@H](O)[C@H](O)CO)OC(=C(C(=O)O)[C@@H]1O)[C@@H](O)OP(=O)(O)O	Molecule_419	-6.651650	-6.046400	-7.560000	3.956097
O=C(O)O／C／1=C／[C@H]2[C@H](C(=O)O)C[C@@H](O[P@@](=O)(O)O[P@@](=O)(O)O[P@@](=O)(O)O[C@@H]1CO)[C@H]2O	Molecule_536	-5.283386	-4.265600	-6.684600	6.501075
C[C@H]1CCCC1=c1ccc2=CC(=C3C(=O)[C@@H](OP(=O)(O)O)[C@@H](OP(=O)(O)O)[C@H](O)N3C(=O)[C@@H](O)CCC(=O)O)CCc2n1	Molecule_1121	-7.108764	-6.498900	-8.478300	6.887660
O=C(O)CC[C@H](O)C(=O)N1C(=CC=C2C=C[C@@H](C(=O)O)CC2)C(=O)[C@@H](OP(=O)(O)O)[C@@H](OP(=O)(O)O)[C@@H]1O	Molecule_741	-7.520702	-6.909600	-8.596300	5.627496
